<theme>
<formatVersion>7</formatVersion>
<include>./../theme.xml</include>

<view name="basic, detailed, video, grid">
  <text name="nameLabel" extra="true">
    <text>Sega Megadrive</text>
  </text>
</view>    

<view name="system">
  <text name="sys_line1" extra="true">
    <text>Sega</text>

  </text>
  <text name="sys_line2" extra="true">
    <text>Megadrive</text>

</text>
  <text name="shortdescription" extra="true">
   <text>1988  ·  16-bit Console</text>
  </text>
  <text name="longdescription" extra="true">
   <text>Sega's third console and the successor to the Master System. First released as the Mega Drive in Japan</text>
  </text>
 </view>
</theme>
