{
	"Version": 13,
	"Characters": [{
		"Class": "Ogre",
		"Skin": "149c14ff",
		"Arms": "363636ff",
		"Body": "363636ff",
		"Legs": "363636ff",
		"Hair": "c00000ff",
		"speed": 256,
		"Gun": "Machine gun",
		"maxHealth": 40,
		"flags": 1024,
		"probabilityToMove": 50,
		"probabilityToTrack": 25,
		"probabilityToShoot": 2,
		"actionDelay": 15
	},
	{
		"Class": "Ogre",
		"Skin": "9c0000ff",
		"Arms": "363636ff",
		"Body": "363636ff",
		"Legs": "363636ff",
		"Hair": "c00000ff",
		"speed": 256,
		"Gun": "Knife",
		"maxHealth": 40,
		"flags": 1024,
		"probabilityToMove": 70,
		"probabilityToTrack": 35,
		"probabilityToShoot": 0,
		"actionDelay": 10
	},
	{
		"Class": "Ogre",
		"Skin": "58589cff",
		"Arms": "363636ff",
		"Body": "363636ff",
		"Legs": "363636ff",
		"Hair": "c00000ff",
		"speed": 256,
		"Gun": "Machine gun",
		"maxHealth": 40,
		"flags": 1024,
		"probabilityToMove": 55,
		"probabilityToTrack": 30,
		"probabilityToShoot": 20,
		"actionDelay": 15
	},
	{
		"Class": "Ogre",
		"Skin": "9c0000ff",
		"Arms": "363636ff",
		"Body": "363636ff",
		"Legs": "363636ff",
		"Hair": "c00000ff",
		"speed": 256,
		"Gun": "Flamer",
		"maxHealth": 40,
		"flags": 1024,
		"probabilityToMove": 65,
		"probabilityToTrack": 40,
		"probabilityToShoot": 40,
		"actionDelay": 10
	},
	{
		"Class": "Ogre",
		"Skin": "b79536ff",
		"Arms": "363636ff",
		"Body": "363636ff",
		"Legs": "363636ff",
		"Hair": "c00000ff",
		"speed": 256,
		"Gun": "Shotgun",
		"maxHealth": 40,
		"flags": 1024,
		"probabilityToMove": 70,
		"probabilityToTrack": 45,
		"probabilityToShoot": 50,
		"actionDelay": 10
	},
	{
		"Class": "Ogre",
		"Skin": "149c14ff",
		"Arms": "363636ff",
		"Body": "363636ff",
		"Legs": "363636ff",
		"Hair": "c00000ff",
		"speed": 256,
		"Gun": "Chemo gun",
		"maxHealth": 40,
		"flags": 1024,
		"probabilityToMove": 50,
		"probabilityToTrack": 25,
		"probabilityToShoot": 20,
		"actionDelay": 10
	},
	{
		"Class": "Ogre",
		"Skin": "9c589cff",
		"Arms": "363636ff",
		"Body": "363636ff",
		"Legs": "363636ff",
		"Hair": "c00000ff",
		"speed": 256,
		"Gun": "Chemo bombs",
		"maxHealth": 40,
		"flags": 1024,
		"probabilityToMove": 70,
		"probabilityToTrack": 50,
		"probabilityToShoot": 15,
		"actionDelay": 10
	},
	{
		"Class": "Ogre",
		"Skin": "9c9c9cff",
		"Arms": "363636ff",
		"Body": "363636ff",
		"Legs": "363636ff",
		"Hair": "c00000ff",
		"speed": 256,
		"Gun": "Grenades",
		"maxHealth": 40,
		"flags": 1024,
		"probabilityToMove": 70,
		"probabilityToTrack": 50,
		"probabilityToShoot": 10,
		"actionDelay": 10
	},
	{
		"Class": "Ogre",
		"Skin": "9c5858ff",
		"Arms": "363636ff",
		"Body": "363636ff",
		"Legs": "363636ff",
		"Hair": "c00000ff",
		"speed": 128,
		"Gun": "Shotgun",
		"maxHealth": 80,
		"flags": 1024,
		"probabilityToMove": 95,
		"probabilityToTrack": 75,
		"probabilityToShoot": 30,
		"actionDelay": 10
	},
	{
		"Class": "Ogre",
		"Skin": "363636ff",
		"Arms": "363636ff",
		"Body": "363636ff",
		"Legs": "363636ff",
		"Hair": "c00000ff",
		"speed": 384,
		"Gun": "Knife",
		"maxHealth": 40,
		"flags": 1024,
		"probabilityToMove": 95,
		"probabilityToTrack": 75,
		"probabilityToShoot": 0,
		"actionDelay": 10
	},
	{
		"Class": "Ogre",
		"Skin": "9c5858ff",
		"Arms": "363636ff",
		"Body": "363636ff",
		"Legs": "363636ff",
		"Hair": "c00000ff",
		"speed": 128,
		"Gun": "Machine gun",
		"maxHealth": 80,
		"flags": 1024,
		"probabilityToMove": 95,
		"probabilityToTrack": 75,
		"probabilityToShoot": 50,
		"actionDelay": 10
	},
	{
		"Class": "Ogre",
		"HairType": "mohawk",
		"Skin": "149c14ff",
		"Arms": "363636ff",
		"Body": "9c589cff",
		"Legs": "363636ff",
		"Hair": "882800ff",
		"speed": 256,
		"Gun": "Machine gun",
		"maxHealth": 120,
		"flags": 1024,
		"probabilityToMove": 95,
		"probabilityToTrack": 50,
		"probabilityToShoot": 10,
		"actionDelay": 5
	},
	{
		"Class": "Ogre",
		"HairType": "mohawk",
		"Skin": "58589cff",
		"Arms": "363636ff",
		"Body": "58589cff",
		"Legs": "363636ff",
		"Hair": "000000ff",
		"speed": 256,
		"Gun": "Chemo gun",
		"maxHealth": 120,
		"flags": 1024,
		"probabilityToMove": 95,
		"probabilityToTrack": 50,
		"probabilityToShoot": 20,
		"actionDelay": 5
	},
	{
		"Class": "Ogre",
		"HairType": "mohawk",
		"Skin": "9c9c9cff",
		"Arms": "363636ff",
		"Body": "9c5858ff",
		"Legs": "363636ff",
		"Hair": "ff6c00ff",
		"speed": 256,
		"Gun": "Shotgun",
		"maxHealth": 120,
		"flags": 1024,
		"probabilityToMove": 95,
		"probabilityToTrack": 75,
		"probabilityToShoot": 20,
		"actionDelay": 5
	},
	{
		"Class": "Ogre",
		"HairType": "mohawk",
		"Skin": "b79536ff",
		"Arms": "363636ff",
		"Body": "9c589cff",
		"Legs": "363636ff",
		"Hair": "9c0000ff",
		"speed": 256,
		"Gun": "Sniper rifle",
		"maxHealth": 120,
		"flags": 1024,
		"probabilityToMove": 50,
		"probabilityToTrack": 25,
		"probabilityToShoot": 30,
		"actionDelay": 10
	},
	{
		"Class": "Jones",
		"PlayerTemplateName": "Confed Bureaucrat",
		"HairType": "flattop",
		"Skin": "ff8136ff",
		"Arms": "ffffffff",
		"Body": "ffffffff",
		"Legs": "363636ff",
		"Hair": "000000ff",
		"speed": 256,
		"Gun": "Confusion bombs",
		"maxHealth": 20,
		"flags": 6291456,
		"probabilityToMove": 100,
		"probabilityToTrack": 0,
		"probabilityToShoot": 0,
		"actionDelay": 10
	},
	{
		"Class": "Jones",
		"HairType": "flattop",
		"Skin": "d25106ff",
		"Arms": "ffffffff",
		"Body": "9c9c9cff",
		"Legs": "882800ff",
		"Hair": "ff8136ff",
		"speed": 256,
		"Gun": "Confusion bombs",
		"maxHealth": 20,
		"flags": 6291456,
		"probabilityToMove": 100,
		"probabilityToTrack": 0,
		"probabilityToShoot": 0,
		"actionDelay": 10
	},
	{
		"Class": "Jones",
		"HairType": "flattop",
		"Skin": "882800ff",
		"Arms": "149c14ff",
		"Body": "149c14ff",
		"Legs": "58589cff",
		"Hair": "000000ff",
		"speed": 256,
		"Gun": "Confusion bombs",
		"maxHealth": 20,
		"flags": 6291456,
		"probabilityToMove": 100,
		"probabilityToTrack": 0,
		"probabilityToShoot": 0,
		"actionDelay": 10
	},
	{
		"Class": "Jones",
		"PlayerTemplateName": "Confed Techie",
		"HairType": "beard",
		"Skin": "d25106ff",
		"Arms": "9c9c9cff",
		"Body": "ff8136ff",
		"Legs": "9c5858ff",
		"Hair": "9c9c9cff",
		"speed": 256,
		"Gun": "Confusion bombs",
		"maxHealth": 20,
		"flags": 6291456,
		"probabilityToMove": 100,
		"probabilityToTrack": 0,
		"probabilityToShoot": 0,
		"actionDelay": 10
	},
	{
		"Class": "Jones",
		"PlayerTemplateName": "Confed Soldier",
		"HairType": "beret",
		"Skin": "882800ff",
		"Arms": "58589cff",
		"Body": "58589cff",
		"Legs": "58589cff",
		"Hair": "ff0000ff",
		"speed": 256,
		"Gun": "Powergun",
		"maxHealth": 40,
		"flags": 131072,
		"probabilityToMove": 50,
		"probabilityToTrack": 0,
		"probabilityToShoot": 5,
		"actionDelay": 10
	},
	{
		"Class": "Jones",
		"HairType": "beret",
		"Skin": "d25106ff",
		"Arms": "58589cff",
		"Body": "58589cff",
		"Legs": "58589cff",
		"Hair": "ff0000ff",
		"speed": 256,
		"Gun": "Flamer",
		"maxHealth": 40,
		"flags": 131072,
		"probabilityToMove": 50,
		"probabilityToTrack": 0,
		"probabilityToShoot": 15,
		"actionDelay": 10
	},
	{
		"Class": "Jones",
		"PlayerTemplateName": "Confed Trooper",
		"HairType": "beret",
		"Skin": "ff8136ff",
		"Arms": "58589cff",
		"Body": "58589cff",
		"Legs": "58589cff",
		"Hair": "ff0000ff",
		"speed": 256,
		"Gun": "Machine gun",
		"maxHealth": 40,
		"flags": 131072,
		"probabilityToMove": 50,
		"probabilityToTrack": 0,
		"probabilityToShoot": 5,
		"actionDelay": 10
	},
	{
		"Class": "Ogre",
		"Skin": "ff8136ff",
		"Arms": "d25106ff",
		"Body": "9c589cff",
		"Legs": "9c5858ff",
		"Hair": "c00000ff",
		"speed": 256,
		"Gun": "Confusion bombs",
		"maxHealth": 20,
		"flags": 6291456,
		"probabilityToMove": 100,
		"probabilityToTrack": 0,
		"probabilityToShoot": 0,
		"actionDelay": 10
	},
	{
		"Class": "Ogre",
		"Skin": "149c14ff",
		"Arms": "d25106ff",
		"Body": "58589cff",
		"Legs": "b79536ff",
		"Hair": "c00000ff",
		"speed": 256,
		"Gun": "Confusion bombs",
		"maxHealth": 20,
		"flags": 6291456,
		"probabilityToMove": 75,
		"probabilityToTrack": 0,
		"probabilityToShoot": 0,
		"actionDelay": 15
	},
	{
		"Class": "Ogre",
		"Skin": "9c0000ff",
		"Arms": "b79536ff",
		"Body": "149c14ff",
		"Legs": "9c9c9cff",
		"Hair": "c00000ff",
		"speed": 256,
		"Gun": "Confusion bombs",
		"maxHealth": 20,
		"flags": 6291456,
		"probabilityToMove": 75,
		"probabilityToTrack": 0,
		"probabilityToShoot": 0,
		"actionDelay": 15
	},
	{
		"Class": "Ogre",
		"Skin": "363636ff",
		"Arms": "9c9c9cff",
		"Body": "ffffffff",
		"Legs": "882800ff",
		"Hair": "c00000ff",
		"speed": 256,
		"Gun": "Confusion bombs",
		"maxHealth": 20,
		"flags": 6291456,
		"probabilityToMove": 75,
		"probabilityToTrack": 0,
		"probabilityToShoot": 0,
		"actionDelay": 15
	},
	{
		"Class": "Ogre",
		"Skin": "882800ff",
		"Arms": "9c0000ff",
		"Body": "9c9c9cff",
		"Legs": "149c14ff",
		"Hair": "c00000ff",
		"speed": 256,
		"Gun": "Confusion bombs",
		"maxHealth": 20,
		"flags": 6291456,
		"probabilityToMove": 75,
		"probabilityToTrack": 0,
		"probabilityToShoot": 0,
		"actionDelay": 15
	},
	{
		"Class": "Ogre",
		"HairType": "mohawk",
		"Skin": "9c589cff",
		"Arms": "363636ff",
		"Body": "d25106ff",
		"Legs": "363636ff",
		"Hair": "d25106ff",
		"speed": 256,
		"Gun": "Shotgun",
		"maxHealth": 120,
		"flags": 1024,
		"probabilityToMove": 50,
		"probabilityToTrack": 25,
		"probabilityToShoot": 30,
		"actionDelay": 5
	},
	{
		"Class": "Lady",
		"HairType": "ponytail",
		"Skin": "d25106ff",
		"Arms": "d25106ff",
		"Body": "9c0000ff",
		"Legs": "b79536ff",
		"Hair": "ff6c00ff",
		"speed": 256,
		"Gun": "Confusion bombs",
		"maxHealth": 20,
		"flags": 6291456,
		"probabilityToMove": 100,
		"probabilityToTrack": 0,
		"probabilityToShoot": 0,
		"actionDelay": 15
	},
	{
		"Class": "Ogre",
		"HairType": "mohawk",
		"Skin": "9c0000ff",
		"Arms": "363636ff",
		"Body": "b79536ff",
		"Legs": "363636ff",
		"Hair": "149c14ff",
		"speed": 256,
		"Gun": "Confusion bombs",
		"maxHealth": 400,
		"flags": 1967104,
		"probabilityToMove": 100,
		"probabilityToTrack": 50,
		"probabilityToShoot": 0,
		"actionDelay": 5
	},
	{
		"Class": "Ogre",
		"Skin": "9c9c9cff",
		"Arms": "000000ff",
		"Body": "9c9c9cff",
		"Legs": "363636ff",
		"Hair": "c00000ff",
		"speed": 256,
		"Gun": "Shotgun",
		"maxHealth": 80,
		"flags": 8389632,
		"probabilityToMove": 75,
		"probabilityToTrack": 25,
		"probabilityToShoot": 52,
		"actionDelay": 5
	},
	{
		"Class": "Ogre",
		"Skin": "9c9c9cff",
		"Arms": "000000ff",
		"Body": "9c9c9cff",
		"Legs": "363636ff",
		"Hair": "c00000ff",
		"speed": 256,
		"Gun": "Chemo gun",
		"maxHealth": 80,
		"flags": 8389632,
		"probabilityToMove": 75,
		"probabilityToTrack": 25,
		"probabilityToShoot": 52,
		"actionDelay": 5
	},
	{
		"Class": "Ogre",
		"Skin": "9c9c9cff",
		"Arms": "000000ff",
		"Body": "9c9c9cff",
		"Legs": "363636ff",
		"Hair": "c00000ff",
		"speed": 256,
		"Gun": "Flamer",
		"maxHealth": 80,
		"flags": 8389632,
		"probabilityToMove": 75,
		"probabilityToTrack": 25,
		"probabilityToShoot": 52,
		"actionDelay": 5
	},
	{
		"Class": "Ogre",
		"Skin": "9c589cff",
		"Arms": "9c0000ff",
		"Body": "9c0000ff",
		"Legs": "9c0000ff",
		"Hair": "c00000ff",
		"speed": 256,
		"Gun": "Shotgun",
		"maxHealth": 80,
		"flags": 197632,
		"probabilityToMove": 70,
		"probabilityToTrack": 5,
		"probabilityToShoot": 10,
		"actionDelay": 15
	},
	{
		"Class": "Ogre",
		"Skin": "58589cff",
		"Arms": "9c0000ff",
		"Body": "9c0000ff",
		"Legs": "9c0000ff",
		"Hair": "c00000ff",
		"speed": 256,
		"Gun": "Powergun",
		"maxHealth": 80,
		"flags": 197632,
		"probabilityToMove": 50,
		"probabilityToTrack": 5,
		"probabilityToShoot": 15,
		"actionDelay": 15
	},
	{
		"Class": "Ogre",
		"Skin": "9c9c9cff",
		"Arms": "9c0000ff",
		"Body": "9c0000ff",
		"Legs": "9c0000ff",
		"Hair": "c00000ff",
		"speed": 256,
		"Gun": "Sniper rifle",
		"maxHealth": 80,
		"flags": 197632,
		"probabilityToMove": 50,
		"probabilityToTrack": 5,
		"probabilityToShoot": 32,
		"actionDelay": 15
	},
	{
		"Class": "Ogre",
		"HairType": "mohawk",
		"Skin": "363636ff",
		"Arms": "9c0000ff",
		"Body": "9c0000ff",
		"Legs": "9c0000ff",
		"Hair": "9c0000ff",
		"speed": 256,
		"Gun": "Knife",
		"maxHealth": 120,
		"flags": 197632,
		"probabilityToMove": 80,
		"probabilityToTrack": 5,
		"probabilityToShoot": 0,
		"actionDelay": 10
	},
	{
		"Class": "Ogre",
		"HairType": "mohawk",
		"Skin": "363636ff",
		"Arms": "363636ff",
		"Body": "149c14ff",
		"Legs": "363636ff",
		"Hair": "58589cff",
		"speed": 256,
		"Gun": "Machine gun",
		"maxHealth": 200,
		"flags": 8390144,
		"probabilityToMove": 75,
		"probabilityToTrack": 50,
		"probabilityToShoot": 10,
		"actionDelay": 5
	},
	{
		"Class": "Ogre",
		"HairType": "mohawk",
		"Skin": "363636ff",
		"Arms": "363636ff",
		"Body": "149c14ff",
		"Legs": "363636ff",
		"Hair": "9c589cff",
		"speed": 256,
		"Gun": "Powergun",
		"maxHealth": 200,
		"flags": 8390144,
		"probabilityToMove": 75,
		"probabilityToTrack": 50,
		"probabilityToShoot": 10,
		"actionDelay": 5
	},
	{
		"Class": "Ogre",
		"HairType": "mohawk",
		"Skin": "363636ff",
		"Arms": "363636ff",
		"Body": "149c14ff",
		"Legs": "363636ff",
		"Hair": "ffffffff",
		"speed": 256,
		"Gun": "Sniper rifle",
		"maxHealth": 200,
		"flags": 8390144,
		"probabilityToMove": 75,
		"probabilityToTrack": 50,
		"probabilityToShoot": 10,
		"actionDelay": 5
	},
	{
		"Class": "Ogre",
		"HairType": "mohawk",
		"Skin": "363636ff",
		"Arms": "363636ff",
		"Body": "149c14ff",
		"Legs": "363636ff",
		"Hair": "9c0000ff",
		"speed": 256,
		"Gun": "Flamer",
		"maxHealth": 200,
		"flags": 8390144,
		"probabilityToMove": 75,
		"probabilityToTrack": 50,
		"probabilityToShoot": 10,
		"actionDelay": 5
	},
	{
		"Class": "Ogre",
		"HairType": "mohawk",
		"Skin": "363636ff",
		"Arms": "363636ff",
		"Body": "149c14ff",
		"Legs": "363636ff",
		"Hair": "ff6c00ff",
		"speed": 256,
		"Gun": "Shotgun",
		"maxHealth": 200,
		"flags": 8390144,
		"probabilityToMove": 75,
		"probabilityToTrack": 50,
		"probabilityToShoot": 10,
		"actionDelay": 5
	}]
}