<!--
theme name:		Switch
version:		3.0
author:			Lilbud
email:			bvw20002010@gmail.com
license:		creative commons CC-BY-NC-SA
based on:       Switch Theme for Launchbox by Grila
-->

<theme defaultView="grid">
	<formatVersion>7</formatVersion>
	
	<!--Choose Aspect Ratio (16_9, 4_3)-->
	<include>./settings/16_9.xml</include>
	<!----------------------------------->	

	<!--Variables such as theme configuration or font-->
	<variables>
		<mainFont>./assets/Oxygen-Regular.ttf</mainFont>
		<videoboxesSubsetName>Videos</videoboxesSubsetName>
		<subset.colorset>Theme Color</subset.colorset>
		<blinkBorderSubsetName>Blinking borders</blinkBorderSubsetName>
		<hidesystemnameSubsetName>Show system name</hidesystemnameSubsetName>
		<uppercaseSubsetName>Uppercase system name</uppercaseSubsetName>
		<helpSubsetName>Show on-screen help</helpSubsetName>
		<logoSubsetName>Choose Logo set</logoSubsetName>
		<descriptionSubsetName>Show description</descriptionSubsetName>
		<gamelistviewSubsetName>Change gamelist viewpoint</gamelistviewSubsetName>
	    <uppercasegamelistSubsetName>Uppercase gamelist</uppercasegamelistSubsetName>
		<topandbottomlineSubsetName>Show top and bottom line </topandbottomlineSubsetName>
	</variables>
	<!----------------------------------->
	
	<!--Gamelist view options-->
	<view name="system, basic, detailed, video, grid">	
	<helpsystem name="help">
		<textColor>22222200</textColor>
		<iconColor>22222200</iconColor>
		<pos>1 1</pos>
	</helpsystem>
		
	<image name="background" extra="true">
		<pos>0 0</pos>
		<tile>true</tile>
		<origin>0 0</origin>
		<size>1 1</size>
		<path>./assets/box.png</path>
		<zIndex>-100</zIndex>
	</image>
	</view>
	
	<view name="basic, detailed, video">
	<textlist name="gamelist">
		<fontPath>${mainFont}</fontPath>
		<scrollSound>./assets/Move.wav</scrollSound>
		<horizontalMargin>0.01</horizontalMargin>
		<lineSpacing>2.3</lineSpacing>
	</textlist>	
		
	<image name="logo">
		<color>00000000</color>
		<path>./assets/box.png</path>
		<pos>1 1</pos>
	</image>
		
	<text name="md_lbl_releasedate, md_lbl_developer, md_lbl_genre, md_lbl_players, md_lbl_lastplayed, md_lbl_playcount, md_developer, md_genre, md_players, md_playcount, md_releasedate, md_description" extra="true">
		<forceUppercase>0</forceUppercase>
		<fontSize>0.028</fontSize>
		<fontPath>${mainFont}</fontPath>
	</text>
		
	<text name="md_lbl_lastplayed, md_lbl_publisher, md_publsher, md_lbl_rating, md_lbl_playcount, md_playcount">
		<pos>1 1</pos>
	</text>
	</view>
	
	<view name="detailed, video">	
	<textlist name="gamelist">
		<alignment>left</alignment>
		<selectorImagePath>./assets/selector.png</selectorImagePath>
		<selectorOffsetY>-0.008</selectorOffsetY>
	</textlist>	
	</view>
	
	<view name="basic">
	<textlist name="gamelist">
		<pos>0.04 0.182</pos>
		<size>0.924 0.69</size>
		<alignment>center</alignment>
	</textlist>	
	</view>
		

	<!--System Options (When choosing system to select)-->
    
	<feature supported="carousel">
  
    <view name="system">
    <carousel name="systemcarousel">
        <type>horizontal</type>
        <pos>0 0.3</pos> 
        <size>1 .4</size> 
        <color>00000000</color>
        <logoScale>1</logoScale>
        <logoSize>0.234 0.397</logoSize>
       <maxLogoCount>3.5</maxLogoCount>
    </carousel>

    <text name="systemInfo">
        <backgroundColor>dddddd00</backgroundColor>
        <forceUppercase>0</forceUppercase>
        <fontSize>0.03</fontSize>
	    <pos>0.5 0.75</pos>
	    <origin>0.5 0.5</origin>
	    <forceUppercase>0</forceUppercase>
	    <fontPath>${mainFont}</fontPath>
    </text>
    </view>
    </feature>

 	<!--Video Options-->

	<!--Gridview Options-->
  	<view name="grid">
	
    <imagegrid name="gamegrid">
		<margin>0.050 0.010</margin>
        <pos>0.025 0.10</pos>
        <size>0.950 0.84</size>
	    <scrollDirection>horizontal</scrollDirection>
		<autoLayout>3 1</autoLayout>
		<autoLayoutSelectedZoom>1.00</autoLayoutSelectedZoom>
		<centerSelection>true</centerSelection>
		<scrollLoop>true</scrollLoop>
		<scrollSound>./assets/Move.wav</scrollSound>
    </imagegrid>
	
    <text name="gridtile">
        <color>FFFFFF</color>
        <backgroundColor>00000000</backgroundColor>
        <fontPath>./assets/Oxygen-Regular.ttf</fontPath>
        <fontSize>0.030</fontSize>
	    <alignment>center</alignment>
        <glowColor>00000060</glowColor>
        <glowSize>1</glowSize>
	    <visible>false</visible>
    </text>
		
	<text name="md_name">
        <pos>0.034 0.05</pos>
	    <fontPath>./assets/Oxygen-Regular.ttf</fontPath>
        <fontSize>0.030</fontSize>
        <size>0.92 0.10</size>
        <alignment>left</alignment>
    </text>
		
	<image name="logo">
	    <color>00000000</color>
	    <path>./assets/box.png</path>
		<pos>1 1</pos>
	</image>

    <gridtile name="default">
        <backgroundColor>FFFFFF00</backgroundColor>
        <backgroundCornerSize>9 9</backgroundCornerSize>
        <selectionMode>image</selectionMode>
        <padding>5 5</padding>
    </gridtile>
    </view>

    <!-- Subset options for help buttons. Links to variables -->
	<subset name="logos" displayName="${logoSubsetName}">
        <include name="normal" displayName="${normal}">./settings/normallogos.xml</include>
		<include name="generic" displayName="${generic}">./settings/genericlogos.xml</include>
    </subset>
	
	<!-- Subset options for various system views and fonts. Links to variables -->
	<subset name="hidesystemnameSubsetName" displayName="${hidesystemnameSubsetName}">
        <include name="one" displayName="${one}">./settings/systemname.xml</include>
		<include name="two" displayName="${two}">./settings/systemnametwo.xml</include>
        <include name="off" displayName="${off}"/>
    </subset>
	
    <subset name="gamelistview" displayName="${gamelistviewSubsetName}" appliesTo="detailed, video">
        <include name="one" displayName="${one}">./settings/gamelistview1.xml</include>
        <include name="two" displayName="${two}">./settings/gamelistview2.xml</include>
    </subset>

    <subset name="description" displayName="${descriptionSubsetName}" appliesTo="detailed, video">
        <include name="yes" displayName="${yes}">./settings/descriptionon.xml</include>
        <include name="no" displayName="${no}">./settings/descriptionoff.xml</include>
    </subset>

    <subset name="system" displayName="${uppercaseSubsetName}">
        <include name="no" displayName="${no}"/>
        <include name="yes" displayName="${yes}">./settings/systemnameuppercase.xml</include>
    </subset>
	
    <subset name="topandbottomline" displayName="${topandbottomlineSubsetName}">
        <include name="no" displayName="${no}"/>
        <include name="yes" displayName="${yes}">./settings/topandbottomline.xml</include>
    </subset>
	
	<subset name="uppercasegamelist" displayName="${uppercasegamelistSubsetName}" appliesTo="detailed, video, basic">
        <include name="no" displayName="${no}"/>
        <include name="yes" displayName="${yes}">./settings/gamelistup.xml</include>
    </subset>

    <!-- Subset options for help buttons. Links to variables -->
	<subset name="help" displayName="${helpSubsetName}">
        <include name="no" displayName="${off}"/>
        <include name="xb buttons" displayName="${xb buttons}">./settings/helpbuttons.xml</include>
		<include name="ps buttons" displayName="${ps buttons}">./settings/helpbuttonsps.xml</include>
    </subset>

	<!-- Subset options for theme color. Links to variables -->
	<subset name="colorset" displayName="${subset.colorset}">
        <include name="dark" displayName="${dark}">./settings/colors/dark.xml</include>
        <include name="light" displayName="${light}">./settings/colors/light.xml</include>
		<include name="black" displayName="${black}">./settings/colors/black.xml</include>
		<include name="yellow" displayName="${yellow}">./settings/colors/yellow.xml</include>
		<include name="rose pink" displayName="${rose pink}">./settings/colors/rosepink.xml</include>
		<include name="pastel red" displayName="${pastel red}">./settings/colors/pastelred.xml</include>
		<include name="teal" displayName="${teal}">./settings/colors/teal.xml</include>
		<include name="mint green" displayName="${mint green}">./settings/colors/mintgreen.xml</include>
    </subset>

	<!-- Subset options for grid views. Links to variables -->
    <subset name="videoboxes" displayName="${videoboxesSubsetName}" appliesTo="grid">
        <include name="off" displayName="${off}"/>
        <include name="video in box" displayName="${box}">./settings/gridview/gridvideos.xml</include>
		<include name="video in background" displayName="${video back}">./settings/gridview/backgroundgridvideos.xml</include>
		<include name="video fade in" displayName="${fade in video}">./settings/gridview/fadegridvideos.xml</include>
    </subset>
	
	<subset name="blinkborders" displayName="${blinkBorderSubsetName}" appliesTo="grid">
        <include name="no" displayName="${no}"/>
        <include name="normal" displayName="${normal}">./settings/gridview/blinkcolors/normal.xml</include>
		<include name="dark" displayName="${dark}">./settings/gridview/blinkcolors/dark.xml</include>
		<include name="white" displayName="${white}">./settings/gridview/blinkcolors/white.xml</include>
		<include name="black" displayName="${black}">./settings/gridview/blinkcolors/black.xml</include>
		<include name="red" displayName="${red}">./settings/gridview/blinkcolors/red.xml</include>
		<include name="blue" displayName="${blue}">./settings/gridview/blinkcolors/blue.xml</include>
		<include name="yellow" displayName="${yellow}">./settings/gridview/blinkcolors/yellow.xml</include>
  </subset>
  
</theme>
