<!--
Theme name:  Epic Noir
Artwork by:  Nico La Rosa (Chicuelo) 
Coding by:   Nick L (c64-dev)
Website:     www.chicuelo.com.ar
Fonts used:  Acre Medium & Bebas Neue Bold

# Thanks and Credits
Some controllers and graphics used in this theme are created by great artists who kindly agreed to include their art within the theme.

# License
This work is licensed under a Creative Commons Attribution-NonCommercial-ShareAlike 4.0 International License. Please see README.md for full details.
-->

<theme>
<formatVersion>7</formatVersion>

<view name="system">
    <image name="controller" extra="true">
        <path>./_art/controllers/${system.theme}.png</path>
        <tile>false</tile>
        <origin>0 0</origin>
        <pos>0.35 0.65</pos>
        <maxSize>0.32 0.32</maxSize>
    </image>
</view>

</theme>
