{
	"Missions": [{
		"Title": "",
		"Description": "Steel walls and Recessed floors",
		"Type": "Static",
		"Width": 16,
		"Height": 16,
		"WallStyle": 0,
		"FloorStyle": 0,
		"RoomStyle": 0,
		"ExitStyle": 0,
		"KeyStyle": 0,
		"DoorStyle": 0,
		"Objectives": [],
		"Enemies": [],
		"SpecialChars": [],
		"MapObjectDensities": [],
		"EnemyDensity": 0,
		"Weapons": ["Knife",
		"Machine gun",
		"Grenades",
		"Flamer",
		"Shotgun",
		"Powergun",
		"Shrapnel bombs",
		"Molotovs",
		"Sniper rifle",
		"Prox. mine",
		"Dynamite",
		"Chemo bombs",
		"Petrify gun",
		"Browny gun",
		"Confusion bombs",
		"Chemo gun",
		"Pulse rifle",
		"Heatseeker",
		"Swarmer",
		"Launcher",
		"Pistol"],
		"Song": "",
		"WallMask": "848484",
		"FloorMask": "484848",
		"RoomMask": "707070",
		"AltMask": "008400",
		"Tiles": "0,0,0,0,0,1,1,1,1,1,0,0,0,0,0,0,0,1,0,0,0,1,0,1,0,1,0,0,0,0,0,0,0,0,1,0,0,1,1,1,1,1,0,0,0,0,0,0,0,1,1,1,0,1,0,1,0,1,0,0,0,0,0,0,0,0,1,0,0,1,1,1,1,1,0,0,0,0,0,0,0,0,0,0,0,0,0,3,3,3,3,3,3,3,3,3,0,0,0,1,2,2,1,3,3,3,3,3,3,3,3,3,0,0,0,0,0,0,2,3,3,3,3,3,3,3,3,3,0,0,0,0,0,0,2,3,3,3,3,3,3,3,3,3,0,0,0,0,0,0,1,3,3,3,3,3,3,3,3,3,0,0,0,0,0,0,0,3,3,3,3,3,3,3,3,3,0,0,0,0,0,0,0,3,3,3,3,3,3,3,3,3,0,0,0,0,0,0,0,3,3,3,3,3,3,3,3,3,0,0,0,0,0,0,0,3,3,3,3,3,3,3,3,3,0,0,0,0,0,0,0,3,3,3,3,3,3,3,3,3,0,0,0,0,0,0,0,3,3,3,3,3,3,3,3,3",
		"StaticItems": [],
		"StaticWrecks": [],
		"StaticCharacters": [],
		"StaticObjectives": [],
		"StaticKeys": [],
		"Start": [0,
		0],
		"Exit": {
			"Start": [0,
			0],
			"End": [0,
			0]
		}
	},
	{
		"Title": "",
		"Description": "Brick walls and tiled floors",
		"Type": "Static",
		"Width": 16,
		"Height": 16,
		"WallStyle": 1,
		"FloorStyle": 1,
		"RoomStyle": 1,
		"ExitStyle": 1,
		"KeyStyle": 0,
		"DoorStyle": 1,
		"Objectives": [],
		"Enemies": [],
		"SpecialChars": [],
		"MapObjectDensities": [],
		"EnemyDensity": 0,
		"Weapons": ["Knife",
		"Machine gun",
		"Grenades",
		"Flamer",
		"Shotgun",
		"Powergun",
		"Shrapnel bombs",
		"Molotovs",
		"Sniper rifle",
		"Prox. mine",
		"Dynamite",
		"Chemo bombs",
		"Petrify gun",
		"Browny gun",
		"Confusion bombs",
		"Chemo gun",
		"Pulse rifle",
		"Heatseeker",
		"Swarmer",
		"Launcher",
		"Pistol"],
		"Song": "",
		"WallMask": "700000",
		"FloorMask": "94802c",
		"RoomMask": "74601c",
		"AltMask": "008400",
		"Tiles": "0,0,0,0,0,1,1,1,1,1,0,0,0,0,0,0,0,1,0,0,0,1,0,1,0,1,0,0,0,0,0,0,0,0,1,0,0,1,1,1,1,1,0,0,0,0,0,0,0,1,1,1,0,1,0,1,0,1,0,0,0,0,0,0,0,0,1,0,0,1,1,1,1,1,0,0,0,0,0,0,0,0,0,0,0,0,0,3,3,3,3,3,3,3,3,3,0,0,0,1,2,2,1,3,3,3,3,3,3,3,3,3,0,0,0,0,0,0,2,3,3,3,3,3,3,3,3,3,0,0,0,0,0,0,2,3,3,3,3,3,3,3,3,3,0,0,0,0,0,0,1,3,3,3,3,3,3,3,3,3,0,0,0,0,0,0,0,3,3,3,3,3,3,3,3,3,0,0,0,0,0,0,0,3,3,3,3,3,3,3,3,3,0,0,0,0,0,0,0,3,3,3,3,3,3,3,3,3,0,0,0,0,0,0,0,3,3,3,3,3,3,3,3,3,0,0,0,0,0,0,0,3,3,3,3,3,3,3,3,3,0,0,0,0,0,0,0,3,3,3,3,3,3,3,3,3",
		"StaticItems": [],
		"StaticWrecks": [],
		"StaticCharacters": [],
		"StaticObjectives": [],
		"StaticKeys": [],
		"Start": [0,
		0],
		"Exit": {
			"Start": [0,
			0],
			"End": [0,
			0]
		}
	},
	{
		"Title": "",
		"Description": "Carbon walls and dirt floors",
		"Type": "Static",
		"Width": 16,
		"Height": 16,
		"WallStyle": 2,
		"FloorStyle": 2,
		"RoomStyle": 2,
		"ExitStyle": 0,
		"KeyStyle": 0,
		"DoorStyle": 2,
		"Objectives": [],
		"Enemies": [],
		"SpecialChars": [],
		"MapObjectDensities": [],
		"EnemyDensity": 0,
		"Weapons": ["Knife",
		"Machine gun",
		"Grenades",
		"Flamer",
		"Shotgun",
		"Powergun",
		"Shrapnel bombs",
		"Molotovs",
		"Sniper rifle",
		"Prox. mine",
		"Dynamite",
		"Chemo bombs",
		"Petrify gun",
		"Browny gun",
		"Confusion bombs",
		"Chemo gun",
		"Pulse rifle",
		"Heatseeker",
		"Swarmer",
		"Launcher",
		"Pistol"],
		"Song": "",
		"WallMask": "840084",
		"FloorMask": "482400",
		"RoomMask": "844400",
		"AltMask": "008400",
		"Tiles": "0,0,0,0,0,1,1,1,1,1,0,0,0,0,0,0,0,1,0,0,0,1,0,1,0,1,0,0,0,0,0,0,0,0,1,0,0,1,1,1,1,1,0,0,0,0,0,0,0,1,1,1,0,1,0,1,0,1,0,0,0,0,0,0,0,0,1,0,0,1,1,1,1,1,0,0,0,0,0,0,0,0,0,0,0,0,0,3,3,3,3,3,3,3,3,3,0,0,0,1,2,2,1,3,3,3,3,3,3,3,3,3,0,0,0,0,0,0,2,3,3,3,3,3,3,3,3,3,0,0,0,0,0,0,2,3,3,3,3,3,3,3,3,3,0,0,0,0,0,0,1,3,3,3,3,3,3,3,3,3,0,0,0,0,0,0,0,3,3,3,3,3,3,3,3,3,0,0,0,0,0,0,0,3,3,3,3,3,3,3,3,3,0,0,0,0,0,0,0,3,3,3,3,3,3,3,3,3,0,0,0,0,0,0,0,3,3,3,3,3,3,3,3,3,0,0,0,0,0,0,0,3,3,3,3,3,3,3,3,3,0,0,0,0,0,0,0,3,3,3,3,3,3,3,3,3",
		"StaticItems": [],
		"StaticWrecks": [],
		"StaticCharacters": [],
		"StaticObjectives": [],
		"StaticKeys": [],
		"Start": [0,
		0],
		"Exit": {
			"Start": [0,
			0],
			"End": [0,
			0]
		}
	},
	{
		"Title": "",
		"Description": "Steelwood walls and flat floors",
		"Type": "Static",
		"Width": 16,
		"Height": 16,
		"WallStyle": 3,
		"FloorStyle": 3,
		"RoomStyle": 3,
		"ExitStyle": 1,
		"KeyStyle": 0,
		"DoorStyle": 3,
		"Objectives": [],
		"Enemies": [],
		"SpecialChars": [],
		"MapObjectDensities": [],
		"EnemyDensity": 0,
		"Weapons": ["Knife",
		"Machine gun",
		"Grenades",
		"Flamer",
		"Shotgun",
		"Powergun",
		"Shrapnel bombs",
		"Molotovs",
		"Sniper rifle",
		"Prox. mine",
		"Dynamite",
		"Chemo bombs",
		"Petrify gun",
		"Browny gun",
		"Confusion bombs",
		"Chemo gun",
		"Pulse rifle",
		"Heatseeker",
		"Swarmer",
		"Launcher",
		"Pistol"],
		"Song": "",
		"WallMask": "004848",
		"FloorMask": "008484",
		"RoomMask": "007070",
		"AltMask": "008400",
		"Tiles": "0,0,0,0,0,1,1,1,1,1,0,0,0,0,0,0,0,1,0,0,0,1,0,1,0,1,0,0,0,0,0,0,0,0,1,0,0,1,1,1,1,1,0,0,0,0,0,0,0,1,1,1,0,1,0,1,0,1,0,0,0,0,0,0,0,0,1,0,0,1,1,1,1,1,0,0,0,0,0,0,0,0,0,0,0,0,0,3,3,3,3,3,3,3,3,3,0,0,0,1,2,2,1,3,3,3,3,3,3,3,3,3,0,0,0,0,0,0,2,3,3,3,3,3,3,3,3,3,0,0,0,0,0,0,2,3,3,3,3,3,3,3,3,3,0,0,0,0,0,0,1,3,3,3,3,3,3,3,3,3,0,0,0,0,0,0,0,3,3,3,3,3,3,3,3,3,0,0,0,0,0,0,0,3,3,3,3,3,3,3,3,3,0,0,0,0,0,0,0,3,3,3,3,3,3,3,3,3,0,0,0,0,0,0,0,3,3,3,3,3,3,3,3,3,0,0,0,0,0,0,0,3,3,3,3,3,3,3,3,3,0,0,0,0,0,0,0,3,3,3,3,3,3,3,3,3",
		"StaticItems": [],
		"StaticWrecks": [],
		"StaticCharacters": [],
		"StaticObjectives": [],
		"StaticKeys": [],
		"Start": [0,
		0],
		"Exit": {
			"Start": [0,
			0],
			"End": [0,
			0]
		}
	},
	{
		"Title": "",
		"Description": "Stone walls and striped floors",
		"Type": "Static",
		"Width": 16,
		"Height": 16,
		"WallStyle": 4,
		"FloorStyle": 4,
		"RoomStyle": 4,
		"ExitStyle": 0,
		"KeyStyle": 0,
		"DoorStyle": 0,
		"Objectives": [],
		"Enemies": [],
		"SpecialChars": [],
		"MapObjectDensities": [],
		"EnemyDensity": 0,
		"Weapons": ["Knife",
		"Machine gun",
		"Grenades",
		"Flamer",
		"Shotgun",
		"Powergun",
		"Shrapnel bombs",
		"Molotovs",
		"Sniper rifle",
		"Prox. mine",
		"Dynamite",
		"Chemo bombs",
		"Petrify gun",
		"Browny gun",
		"Confusion bombs",
		"Chemo gun",
		"Pulse rifle",
		"Heatseeker",
		"Swarmer",
		"Launcher",
		"Pistol"],
		"Song": "",
		"WallMask": "482400",
		"FloorMask": "484870",
		"RoomMask": "5c5c84",
		"AltMask": "008400",
		"Tiles": "0,0,0,0,0,1,1,1,1,1,0,0,0,0,0,0,0,1,0,0,0,1,0,1,0,1,0,0,0,0,0,0,0,0,1,0,0,1,1,1,1,1,0,0,0,0,0,0,0,1,1,1,0,1,0,1,0,1,0,0,0,0,0,0,0,0,1,0,0,1,1,1,1,1,0,0,0,0,0,0,0,0,0,0,0,0,0,3,3,3,3,3,3,3,3,3,0,0,0,1,2,2,1,3,3,3,3,3,3,3,3,3,0,0,0,0,0,0,2,3,3,3,3,3,3,3,3,3,0,0,0,0,0,0,2,3,3,3,3,3,3,3,3,3,0,0,0,0,0,0,1,3,3,3,3,3,3,3,3,3,0,0,0,0,0,0,0,3,3,3,3,3,3,3,3,3,0,0,0,0,0,0,0,3,3,3,3,3,3,3,3,3,0,0,0,0,0,0,0,3,3,3,3,3,3,3,3,3,0,0,0,0,0,0,0,3,3,3,3,3,3,3,3,3,0,0,0,0,0,0,0,3,3,3,3,3,3,3,3,3,0,0,0,0,0,0,0,3,3,3,3,3,3,3,3,3",
		"StaticItems": [],
		"StaticWrecks": [],
		"StaticCharacters": [],
		"StaticObjectives": [],
		"StaticKeys": [],
		"Start": [0,
		0],
		"Exit": {
			"Start": [0,
			0],
			"End": [0,
			0]
		}
	},
	{
		"Title": "",
		"Description": "Plasteel walls and small square floor",
		"Type": "Static",
		"Width": 16,
		"Height": 16,
		"WallStyle": 5,
		"FloorStyle": 5,
		"RoomStyle": 5,
		"ExitStyle": 1,
		"KeyStyle": 0,
		"DoorStyle": 0,
		"Objectives": [],
		"Enemies": [],
		"SpecialChars": [],
		"MapObjectDensities": [],
		"EnemyDensity": 0,
		"Weapons": ["Knife",
		"Machine gun",
		"Grenades",
		"Flamer",
		"Shotgun",
		"Powergun",
		"Shrapnel bombs",
		"Molotovs",
		"Sniper rifle",
		"Prox. mine",
		"Dynamite",
		"Chemo bombs",
		"Petrify gun",
		"Browny gun",
		"Confusion bombs",
		"Chemo gun",
		"Pulse rifle",
		"Heatseeker",
		"Swarmer",
		"Launcher",
		"Pistol"],
		"Song": "",
		"WallMask": "008484",
		"FloorMask": "484848",
		"RoomMask": "848484",
		"AltMask": "008400",
		"Tiles": "0,0,0,0,0,1,1,1,1,1,0,0,0,0,0,0,0,1,0,0,0,1,0,1,0,1,0,0,0,0,0,0,0,0,1,0,0,1,1,1,1,1,0,0,0,0,0,0,0,1,1,1,0,1,0,1,0,1,0,0,0,0,0,0,0,0,1,0,0,1,1,1,1,1,0,0,0,0,0,0,0,0,0,0,0,0,0,3,3,3,3,3,3,3,3,3,0,0,0,1,2,2,1,3,3,3,3,3,3,3,3,3,0,0,0,0,0,0,2,3,3,3,3,3,3,3,3,3,0,0,0,0,0,0,2,3,3,3,3,3,3,3,3,3,0,0,0,0,0,0,1,3,3,3,3,3,3,3,3,3,0,0,0,0,0,0,0,3,3,3,3,3,3,3,3,3,0,0,0,0,0,0,0,3,3,3,3,3,3,3,3,3,0,0,0,0,0,0,0,3,3,3,3,3,3,3,3,3,0,0,0,0,0,0,0,3,3,3,3,3,3,3,3,3,0,0,0,0,0,0,0,3,3,3,3,3,3,3,3,3,0,0,0,0,0,0,0,3,3,3,3,3,3,3,3,3",
		"StaticItems": [],
		"StaticWrecks": [],
		"StaticCharacters": [],
		"StaticObjectives": [],
		"StaticKeys": [],
		"Start": [0,
		0],
		"Exit": {
			"Start": [0,
			0],
			"End": [0,
			0]
		}
	},
	{
		"Title": "",
		"Description": "Granite walls and stone floors",
		"Type": "Static",
		"Width": 16,
		"Height": 16,
		"WallStyle": 6,
		"FloorStyle": 6,
		"RoomStyle": 6,
		"ExitStyle": 0,
		"KeyStyle": 0,
		"DoorStyle": 0,
		"Objectives": [],
		"Enemies": [],
		"SpecialChars": [],
		"MapObjectDensities": [],
		"EnemyDensity": 0,
		"Weapons": ["Knife",
		"Machine gun",
		"Grenades",
		"Flamer",
		"Shotgun",
		"Powergun",
		"Shrapnel bombs",
		"Molotovs",
		"Sniper rifle",
		"Prox. mine",
		"Dynamite",
		"Chemo bombs",
		"Petrify gun",
		"Browny gun",
		"Confusion bombs",
		"Chemo gun",
		"Pulse rifle",
		"Heatseeker",
		"Swarmer",
		"Launcher",
		"Pistol"],
		"Song": "",
		"WallMask": "484870",
		"FloorMask": "74601c",
		"RoomMask": "848484",
		"AltMask": "008400",
		"Tiles": "0,0,0,0,0,1,1,1,1,1,0,0,0,0,0,0,0,1,0,0,0,1,0,1,0,1,0,0,0,0,0,0,0,0,1,0,0,1,1,1,1,1,0,0,0,0,0,0,0,1,1,1,0,1,0,1,0,1,0,0,0,0,0,0,0,0,1,0,0,1,1,1,1,1,0,0,0,0,0,0,0,0,0,0,0,0,0,3,3,3,3,3,3,3,3,3,0,0,0,1,2,2,1,3,3,3,3,3,3,3,3,3,0,0,0,0,0,0,2,3,3,3,3,3,3,3,3,3,0,0,0,0,0,0,2,3,3,3,3,3,3,3,3,3,0,0,0,0,0,0,1,3,3,3,3,3,3,3,3,3,0,0,0,0,0,0,0,3,3,3,3,3,3,3,3,3,0,0,0,0,0,0,0,3,3,3,3,3,3,3,3,3,0,0,0,0,0,0,0,3,3,3,3,3,3,3,3,3,0,0,0,0,0,0,0,3,3,3,3,3,3,3,3,3,0,0,0,0,0,0,0,3,3,3,3,3,3,3,3,3,0,0,0,0,0,0,0,3,3,3,3,3,3,3,3,3",
		"StaticItems": [],
		"StaticWrecks": [],
		"StaticCharacters": [],
		"StaticObjectives": [],
		"StaticKeys": [],
		"Start": [0,
		0],
		"Exit": {
			"Start": [0,
			0],
			"End": [0,
			0]
		}
	},
	{
		"Title": "",
		"Description": "Wood floors",
		"Type": "Static",
		"Width": 16,
		"Height": 16,
		"WallStyle": 0,
		"FloorStyle": 7,
		"RoomStyle": 7,
		"ExitStyle": 1,
		"KeyStyle": 0,
		"DoorStyle": 0,
		"Objectives": [],
		"Enemies": [],
		"SpecialChars": [],
		"MapObjectDensities": [],
		"EnemyDensity": 0,
		"Weapons": ["Knife",
		"Machine gun",
		"Grenades",
		"Flamer",
		"Shotgun",
		"Powergun",
		"Shrapnel bombs",
		"Molotovs",
		"Sniper rifle",
		"Prox. mine",
		"Dynamite",
		"Chemo bombs",
		"Petrify gun",
		"Browny gun",
		"Confusion bombs",
		"Chemo gun",
		"Pulse rifle",
		"Heatseeker",
		"Swarmer",
		"Launcher",
		"Pistol"],
		"Song": "",
		"WallMask": "004800",
		"FloorMask": "844400",
		"RoomMask": "94802c",
		"AltMask": "008400",
		"Tiles": "0,0,0,0,0,1,1,1,1,1,0,0,0,0,0,0,0,1,0,0,0,1,0,1,0,1,0,0,0,0,0,0,0,0,1,0,0,1,1,1,1,1,0,0,0,0,0,0,0,1,1,1,0,1,0,1,0,1,0,0,0,0,0,0,0,0,1,0,0,1,1,1,1,1,0,0,0,0,0,0,0,0,0,0,0,0,0,3,3,3,3,3,3,3,3,3,0,0,0,1,2,2,1,3,3,3,3,3,3,3,3,3,0,0,0,0,0,0,2,3,3,3,3,3,3,3,3,3,0,0,0,0,0,0,2,3,3,3,3,3,3,3,3,3,0,0,0,0,0,0,1,3,3,3,3,3,3,3,3,3,0,0,0,0,0,0,0,3,3,3,3,3,3,3,3,3,0,0,0,0,0,0,0,3,3,3,3,3,3,3,3,3,0,0,0,0,0,0,0,3,3,3,3,3,3,3,3,3,0,0,0,0,0,0,0,3,3,3,3,3,3,3,3,3,0,0,0,0,0,0,0,3,3,3,3,3,3,3,3,3,0,0,0,0,0,0,0,3,3,3,3,3,3,3,3,3",
		"StaticItems": [],
		"StaticWrecks": [],
		"StaticCharacters": [],
		"StaticObjectives": [],
		"StaticKeys": [],
		"Start": [0,
		0],
		"Exit": {
			"Start": [0,
			0],
			"End": [0,
			0]
		}
	},
	{
		"Title": "",
		"Description": "Big grid floors",
		"Type": "Static",
		"Width": 16,
		"Height": 16,
		"WallStyle": 0,
		"FloorStyle": 8,
		"RoomStyle": 9,
		"ExitStyle": 0,
		"KeyStyle": 0,
		"DoorStyle": 0,
		"Objectives": [],
		"Enemies": [],
		"SpecialChars": [],
		"MapObjectDensities": [],
		"EnemyDensity": 0,
		"Weapons": ["Knife",
		"Machine gun",
		"Grenades",
		"Flamer",
		"Shotgun",
		"Powergun",
		"Shrapnel bombs",
		"Molotovs",
		"Sniper rifle",
		"Prox. mine",
		"Dynamite",
		"Chemo bombs",
		"Petrify gun",
		"Browny gun",
		"Confusion bombs",
		"Chemo gun",
		"Pulse rifle",
		"Heatseeker",
		"Swarmer",
		"Launcher",
		"Pistol"],
		"Song": "",
		"WallMask": "000084",
		"FloorMask": "700070",
		"RoomMask": "840084",
		"AltMask": "008400",
		"Tiles": "0,0,0,0,0,1,1,1,1,1,0,0,0,0,0,0,0,1,0,0,0,1,0,1,0,1,0,0,0,0,0,0,0,0,1,0,0,1,1,1,1,1,0,0,0,0,0,0,0,1,1,1,0,1,0,1,0,1,0,0,0,0,0,0,0,0,1,0,0,1,1,1,1,1,0,0,0,0,0,0,0,0,0,0,0,0,0,3,3,3,3,3,3,3,3,3,0,0,0,1,2,2,1,3,3,3,3,3,3,3,3,3,0,0,0,0,0,0,2,3,3,3,3,3,3,3,3,3,0,0,0,0,0,0,2,3,3,3,3,3,3,3,3,3,0,0,0,0,0,0,1,3,3,3,3,3,3,3,3,3,0,0,0,0,0,0,0,3,3,3,3,3,3,3,3,3,0,0,0,0,0,0,0,3,3,3,3,3,3,3,3,3,0,0,0,0,0,0,0,3,3,3,3,3,3,3,3,3,0,0,0,0,0,0,0,3,3,3,3,3,3,3,3,3,0,0,0,0,0,0,0,3,3,3,3,3,3,3,3,3,0,0,0,0,0,0,0,3,3,3,3,3,3,3,3,3",
		"StaticItems": [],
		"StaticWrecks": [],
		"StaticCharacters": [],
		"StaticObjectives": [],
		"StaticKeys": [],
		"Start": [0,
		0],
		"Exit": {
			"Start": [0,
			0],
			"End": [0,
			0]
		}
	},
	{
		"Title": "",
		"Description": "Grid floors",
		"Type": "Static",
		"Width": 16,
		"Height": 16,
		"WallStyle": 0,
		"FloorStyle": 9,
		"RoomStyle": 8,
		"ExitStyle": 1,
		"KeyStyle": 0,
		"DoorStyle": 0,
		"Objectives": [],
		"Enemies": [],
		"SpecialChars": [],
		"MapObjectDensities": [],
		"EnemyDensity": 0,
		"Weapons": ["Knife",
		"Machine gun",
		"Grenades",
		"Flamer",
		"Shotgun",
		"Powergun",
		"Shrapnel bombs",
		"Molotovs",
		"Sniper rifle",
		"Prox. mine",
		"Dynamite",
		"Chemo bombs",
		"Petrify gun",
		"Browny gun",
		"Confusion bombs",
		"Chemo gun",
		"Pulse rifle",
		"Heatseeker",
		"Swarmer",
		"Launcher",
		"Pistol"],
		"Song": "",
		"WallMask": "94802c",
		"FloorMask": "703800",
		"RoomMask": "844400",
		"AltMask": "008400",
		"Tiles": "0,0,0,0,0,1,1,1,1,1,0,0,0,0,0,0,0,1,0,0,0,1,0,1,0,1,0,0,0,0,0,0,0,0,1,0,0,1,1,1,1,1,0,0,0,0,0,0,0,1,1,1,0,1,0,1,0,1,0,0,0,0,0,0,0,0,1,0,0,1,1,1,1,1,0,0,0,0,0,0,0,0,0,0,0,0,0,3,3,3,3,3,3,3,3,3,0,0,0,1,2,2,1,3,3,3,3,3,3,3,3,3,0,0,0,0,0,0,2,3,3,3,3,3,3,3,3,3,0,0,0,0,0,0,2,3,3,3,3,3,3,3,3,3,0,0,0,0,0,0,1,3,3,3,3,3,3,3,3,3,0,0,0,0,0,0,0,3,3,3,3,3,3,3,3,3,0,0,0,0,0,0,0,3,3,3,3,3,3,3,3,3,0,0,0,0,0,0,0,3,3,3,3,3,3,3,3,3,0,0,0,0,0,0,0,3,3,3,3,3,3,3,3,3,0,0,0,0,0,0,0,3,3,3,3,3,3,3,3,3,0,0,0,0,0,0,0,3,3,3,3,3,3,3,3,3",
		"StaticItems": [],
		"StaticWrecks": [],
		"StaticCharacters": [],
		"StaticObjectives": [],
		"StaticKeys": [],
		"Start": [0,
		0],
		"Exit": {
			"Start": [0,
			0],
			"End": [0,
			0]
		}
	},
	{
		"Title": "",
		"Description": "Checker rooms",
		"Type": "Static",
		"Width": 16,
		"Height": 16,
		"WallStyle": 0,
		"FloorStyle": 0,
		"RoomStyle": 10,
		"ExitStyle": 0,
		"KeyStyle": 0,
		"DoorStyle": 0,
		"Objectives": [],
		"Enemies": [],
		"SpecialChars": [],
		"MapObjectDensities": [],
		"EnemyDensity": 0,
		"Weapons": ["Knife",
		"Machine gun",
		"Grenades",
		"Flamer",
		"Shotgun",
		"Powergun",
		"Shrapnel bombs",
		"Molotovs",
		"Sniper rifle",
		"Prox. mine",
		"Dynamite",
		"Chemo bombs",
		"Petrify gun",
		"Browny gun",
		"Confusion bombs",
		"Chemo gun",
		"Pulse rifle",
		"Heatseeker",
		"Swarmer",
		"Launcher",
		"Pistol"],
		"Song": "",
		"WallMask": "004800",
		"FloorMask": "000048",
		"RoomMask": "840000",
		"AltMask": "848484",
		"Tiles": "0,0,0,0,0,1,1,1,1,1,0,0,0,0,0,0,0,1,0,0,0,1,0,1,0,1,0,0,0,0,0,0,0,0,1,0,0,1,1,1,1,1,0,0,0,0,0,0,0,1,1,1,0,1,0,1,0,1,0,0,0,0,0,0,0,0,1,0,0,1,1,1,1,1,0,0,0,0,0,0,0,0,0,0,0,0,0,3,3,3,3,3,3,3,3,3,0,0,0,1,2,2,1,3,3,3,3,3,3,3,3,3,0,0,0,0,0,0,2,3,3,3,3,3,3,3,3,3,0,0,0,0,0,0,2,3,3,3,3,3,3,3,3,3,0,0,0,0,0,0,1,3,3,3,3,3,3,3,3,3,0,0,0,0,0,0,0,3,3,3,3,3,3,3,3,3,0,0,0,0,0,0,0,3,3,3,3,3,3,3,3,3,0,0,0,0,0,0,0,3,3,3,3,3,3,3,3,3,0,0,0,0,0,0,0,3,3,3,3,3,3,3,3,3,0,0,0,0,0,0,0,3,3,3,3,3,3,3,3,3,0,0,0,0,0,0,0,3,3,3,3,3,3,3,3,3",
		"StaticItems": [],
		"StaticWrecks": [],
		"StaticCharacters": [],
		"StaticObjectives": [],
		"StaticKeys": [],
		"Start": [0,
		0],
		"Exit": {
			"Start": [0,
			0],
			"End": [0,
			0]
		}
	}]
}