<?xml version="1.0" encoding="UTF-8"?>
<addon
  id="audioencoder.vorbis"
  version="20.2.0"
  name="Vorbis Audio Encoder"
  provider-name="spiff">
  <requires>
<import addon="kodi.binary.global.main" minversion="2.0.0" version="2.0.2"/>
<import addon="kodi.binary.instance.audioencoder" minversion="3.0.0" version="3.0.0"/></requires>
  <extension
    point="kodi.audioencoder"
    extension=".ogg"
    library_linux="audioencoder.vorbis.so.20.2.0"/>
  <extension point="xbmc.addon.metadata">
    <platform>linux</platform>
    <license>GPL-2.0-or-later</license>
    <source>https://github.com/xbmc/audioencoder.vorbis</source>
    <assets>
      <icon>icon.png</icon>
    </assets>
    <summary lang="ca_ES">Compressió d&apos;àudio Vorbis</summary>
    <summary lang="da_DK">Vorbis lydkomprimering</summary>
    <summary lang="de_DE">Vorbis-Audiokomprimierung</summary>
    <summary lang="en_GB">Vorbis audio compression</summary>
    <summary lang="es_ES">Compresión de audio Vorbis</summary>
    <summary lang="et_EE">Vorbis helikompressioon</summary>
    <summary lang="fi_FI">Äänen Vorbis-pakkaus</summary>
    <summary lang="fr_FR">Compression audio Vorbis</summary>
    <summary lang="hr_HR">Vorbis zvučna kompresija</summary>
    <summary lang="it_IT">Compressione audio Vorbis</summary>
    <summary lang="ko_KR">Vorbis 오디오 압축</summary>
    <summary lang="nl_NL">Vorbis audio-compressie</summary>
    <summary lang="pl_PL">Kompresja dźwięku Vorbis</summary>
    <summary lang="ru_RU">Сжатие аудиофайлов Vorbis</summary>
    <summary lang="zh_CN">Vorbis 音频压缩</summary>
    <description lang="ca_ES">Vorbis és un CODEC d&apos;àudio perceptiu de propòsit general destinat a permetre la màxima flexibilitat del codificador, cosa que li permet escalar de manera competitiva en una gamma excepcionalment àmplia de taxes de bits.</description>
    <description lang="da_DK">Vorbis er et perceptuelt lydcodec til generel anvendelse beregnet til at tillade maksimal indkoderfleksibilitet, hvilket gør det muligt at skalere konkurrencedygtigt over en usædvanligt bred vifte af bitrates.</description>
    <description lang="de_DE">Vorbis ist ein Allzweck-Audio-Codec, der hohe Encoderflexibilität bringen soll und somit eine wettbewerbsfähige Skalierung über einen außergewöhnlich großen Bereich von Bitraten ermöglicht.</description>
    <description lang="en_GB">Vorbis is a general purpose perceptual audio CODEC intended to allow maximum encoder flexibility, thus allowing it to scale competitively over an exceptionally wide range of bitrates.</description>
    <description lang="es_ES">Vorbis es un CODEC de audio perceptivo de uso general destinado a permitir la máxima flexibilidad del codificador, lo que le permite escalar de manera competitiva en una gama excepcionalmente amplia de tasas de bits.</description>
    <description lang="fi_FI">Vorbis on yleiskäyttöinen havainnollisen äänen koodekki, jonka tarkoitus on tarjoa mahdollisimman joustavaa enkoodausta mahdollistaen kilpailukykyisen skaalautuvuuden poikkeuksellisen laajalla bittinopeusalueella.</description>
    <description lang="fr_FR">Vorbis est un CODEC audio perceptif à usage général destiné à permettre une flexibilité maximale de l&apos;encodeur, lui permettant ainsi d&apos;évoluer de manière compétitive sur une gamme exceptionnellement large de débits binaires.</description>
    <description lang="hr_HR">Vorbis perceptualni zvučni kôdek opće namjene namijenjen da dopušta najveću enkôdersku fleksibilnost, čime mu omogućuje konkurentno skaliranje putem iznimne širine brzine prijenosa.</description>
    <description lang="it_IT">Vorbis è un CODEC audio percettivo generico destinato a consentire la massima flessibilità dell&apos;encoder, consentendogli così di scalare in modo competitivo su una gamma eccezionalmente ampia di bitrate.</description>
    <description lang="ko_KR">Vorbis는 최대 인코더 유연성을 허용하여 예외적으로 광범위한 비트 전송률에 대해 경쟁력 있게 확장할 수 있도록 고안된 범용 지각 오디오 코덱입니다.</description>
    <description lang="nl_NL">Vorbis is a algemeen toegepaste audio-codec bedoeld om maximale encodeerflexibiliteit toe te staan, en daardoor dus het competitatief te schalen over een uitzonderlijk wijde gebied van bitrates.</description>
    <description lang="pl_PL">Vorbis to kodek percepcyjny audio ogólnego przeznaczenia, którego celem jest zapewnienie maksymalnej elastyczności kodera, co pozwala na konkurencyjne skalowanie w wyjątkowo szerokim zakresie przepływności.</description>
    <description lang="ru_RU">Vorbis - это аудиокодек общего назначения, предназначенный для обеспечения максимальной гибкости кодера, что позволяет ему быть достаточно эффективным в очень широком диапазоне битрейтов.</description>
    <description lang="zh_CN">Vorbis 是一种通用感知音频编解码器，旨在实现编码器的最大灵活性，从而使其能够在极宽的比特率范围内进行竞争性扩展。</description>
  </extension>
</addon>
