<!--
theme name:		Switch
version:		3.0
author:			Lilbud
email:			bvw20002010@gmail.com
license:		creative commons CC-BY-NC-SA
based on:       Switch Theme for Launchbox by Grila
-->

<theme>
	<formatVersion>4</formatVersion>
	
    	<!-- Color Variables -->
	<variables>
		
		<backgroundColor>2d2d2d</backgroundColor>
		<mainColor>15c49e</mainColor>
		<secondaryColor>fefefe</secondaryColor>
 
	</variables>
	
	<view name="system">
	
		<text name="system_name_1" extra="true">
			<color>${mainColor}</color>
		</text>
		
		<image name="arrowblock" extra="true">
			<color>${mainColor}</color>
		</image>
		
	</view>
		
	<view name="system, basic, detailed, video, grid">
		
		<image name="background">
			<color>${backgroundColor}</color>
		</image>
		
		<image name="topline, bottomline" extra="true">
			<color>${secondaryColor}</color>
		</image>
		
		<image name="gamelistbuttons, systembuttons" extra="true">
			<color>${secondaryColor}</color>
		</image>
	
	</view>
	
	<view name="detailed, video, grid">
		
		<textlist name="gamelist">
			<selectedColor>${mainColor}</selectedColor>
			<primaryColor>${secondaryColor}</primaryColor>
			<secondaryColor>${secondaryColor}</secondaryColor>
			<selectorColor>${mainColor}</selectorColor>
		</textlist>	
		
		<rating name="md_rating">
			<filledPath>./../assets/dark/filled_rating.svg</filledPath>
			<unfilledPath>./../assets/dark/unfilled_rating.svg</unfilledPath>
		</rating>
		
		<text name="md_lbl_releasedate, md_lbl_developer, md_lbl_genre, md_lbl_players, md_lbl_lastplayed, md_lbl_playcount, md_developer, md_genre, md_players, md_playcount, md_releasedate, md_description">
			<color>${secondaryColor}</color>
		</text>	
		
   <datetime name="md_releasedate">
		<forceUppercase>0</forceUppercase>
		<fontPath>${mainFont}</fontPath>
		<format>%Y</format>
		<fontSize>0.028</fontSize>
	</datetime>
	</view>
	
	<view name="basic, detailed, video, grid">
		
		<text name="system_name_1" extra="true">
			<color>${secondaryColor}</color>
		</text>	
		
	</view>
	
	<view name="basic">
		
		<textlist name="gamelist">
			<selectedColor>${mainColor}</selectedColor>
			<primaryColor>${secondaryColor}</primaryColor>
			<secondaryColor>${secondaryColor}</secondaryColor>
			<selectorColor>00000000</selectorColor>
		</textlist>	
	
	</view>
	
	<view name="screen">
      <text name="clock">
      <color>FFFFFF</color>
	  <fontPath>./assets/Oxygen-Regular.ttf</fontPath>
      <fontSize>0.035</fontSize>
      <pos>0.045 0.921</pos>
      <size>0.09 0.058</size>
      <alignment>left</alignment>
      <verticalAlignment>center</verticalAlignment>
    </text>
    </view>
	
    <view name="menu">
    <menuBackground name="menubg">
      <color>2d2d2d</color>
    </menuBackground>
	<menuText name="menutext, menutitle">
      <fontPath>./assets/Oxygen-Bold.ttf</fontPath>
      <fontSize>.039</fontSize>
      <color>ffffff</color>
    </menuText>
	  <menuTextEdit name="menutextedit">
      <inactive>./assets/dark/textinput_inactive.png</inactive>
      <active>./assets/dark/textinput_active.png</active>
    </menuTextEdit>
	<menuText name="menufooter, menutextsmall">
         <fontPath>./assets/Oxygen-Bold.ttf</fontPath>
         <fontSize>.029</fontSize>		 
         <color>ffffff</color>
    </menuText>
    </view>
 
    <view name="grid">
		<text name="md_name">
            <color>ffffff</color>
        </text>
	</view>

<feature supported="carousel">
  
  <view name="system">

	<text name="systemInfo">
      <color>${mainColor}</color>
	</text>
   </view>

</feature>
 
</theme>
	
	
	
	