{
  "Version": 2,
  "Order": [
    ["gun_r", "gun_l", "legs", "body", "head", "hair"],
    ["gun_r", "gun_l", "legs", "body", "head", "hair"],
    ["gun_r", "gun_l", "legs", "body", "head", "hair"],
    ["legs", "body", "head", "hair", "gun_r", "gun_l"],
    ["legs", "body", "head", "hair", "gun_r", "gun_l"],
    ["legs", "body", "head", "hair", "gun_r", "gun_l"],
    ["legs", "gun_r", "gun_l", "body", "head", "hair"],
    ["gun_r", "gun_l", "legs", "body", "head", "hair"]
  ],
  "Offsets": {
    "Frame": {
      "Hair": {
        "stand": [[0, 13]],
        "idle": [[0, 13]],
        "run": [
          [0, 14], [0, 13], [0, 12], [0, 13], [0, 14], [0, 13], [0, 12], [0, 13]
        ]
      },
      "Head": {
        "stand": [[0, 13]],
        "idle": [[0, 13]],
        "run": [
          [0, 14], [0, 13], [0, 12], [0, 13], [0, 14], [0, 13], [0, 12], [0, 13]
        ]
      },
      "Body": {
        "stand": [[0, 6]],
        "idle": [[0, 6]]
      },
      "Legs": {
        "stand": [[0, 6]],
        "idle": [[0, 6]]
      },
      "Gun": {
        "stand": [[0, 6]],
        "idle": [[0, 6]],
        "run": [[0, 7], [0, 6], [0, 5], [0, 6], [0, 7], [0, 6], [0, 5], [0, 6]]
      }
    }
  }
}
