<?xml version="1.0" ?>
<!DOCTYPE msxconfig SYSTEM 'msxconfig2.dtd'>
<msxconfig>

  <info>
    <manufacturer>openMSX Team</manufacturer>
    <code>2nd PSG</code>
    <release_year>2022</release_year>
    <description>Cartridge with a secondary PSG on different I/O ports.</description>
    <type>sound expansion</type>
  </info>

  <devices>
    <PSG id="PSG 2">
      <io base="0x10" num="2" type="O"/>
      <io base="0x12" num="1" type="I"/>
      <sound>
        <volume>21000</volume>
      </sound>
    </PSG>
  </devices>

</msxconfig>
