<?xml version="1.0" ?>
<!DOCTYPE msxconfig SYSTEM 'msxconfig2.dtd'>
<msxconfig>
  <info>
    <name>FMPAC</name>
    <manufacturer>Panasoft</manufacturer>
    <code>SW-M004</code>
    <release_year>1989</release_year>
    <description>Yamaha YM-2413 based sound expansion, with SRAM.</description>
    <type>sound expansion</type>
  </info>
  <devices>
    <primary slot="any">
      <secondary slot="any">
        <FMPAC id="Panasoft SW-M004 FMPAC">
          <io base="0x7C" num="2" type="O"/>
          <mem base="0x4000" size="0x4000"/>
          <sound>
            <volume>13000</volume>
          </sound>
          <ym2413-core>NukeYKT</ym2413-core>
          <rom>
            <sha1>fec451b9256570a0e4869355a40329c57f40705f</sha1> <!-- EPROM dump, same as 9d789, but then the memory mapped registers are 0xFF -->
            <sha1>9d789166e3caf28e4742fe933d962e99618c633d</sha1>
            <filename>fmpac.rom</filename>
          </rom>
          <sramname>fmpac.pac</sramname>
        </FMPAC>
      </secondary>
    </primary>
  </devices>
</msxconfig>
