<?xml version="1.0" ?>
<!DOCTYPE msxconfig SYSTEM 'msxconfig2.dtd'>
<msxconfig>
  <info>
    <name>Micro Floppy Disk Controller/Drives</name>
    <manufacturer>Mitsubishi</manufacturer>
    <code>ML-30DC/ML-30FD</code>
    <release_year>1985</release_year>
    <description>External Double Sided Double Density 3.5" disk drives with controller cartridge.</description>
    <type>external disk drive</type>
  </info>
  <devices>
    <primary slot="any">
      <secondary slot="any">
        <WD2793 id="Mitsubishi ML-30DC diskROM/FDC">
          <connectionstyle>Philips</connectionstyle>
          <mem base="0x4000" size="0x4000"/>
          <rom>
            <sha1>658bc7cd4b19bd5face14f09e4e2904157a5c298</sha1>
            <filename>ml-30dc.rom</filename>
          </rom>
          <drives>2</drives>
        </WD2793>
      </secondary>
    </primary>
  </devices>
</msxconfig>
