<?xml version="1.0" ?>
<!DOCTYPE msxconfig SYSTEM 'msxconfig2.dtd'>
<msxconfig>
  <info>
    <name>OPL3 Cartridge</name>
    <manufacturer>MSXpro</manufacturer>
    <code/>
    <release_year>2011</release_year>
    <description>Yamaha OPL3 sound expansion, version 2. Using the mono version of the MSX-Audio BIOS.</description>
    <type>sound expansion</type>
  </info>

  <devices>
    <OPL3Cartridge id="OPL3 Cartridge">
      <io base="0xC0" num="4"/>
      <sound>
        <volume>12000</volume>
      </sound>
    </OPL3Cartridge>

    <primary slot="any">
      <secondary slot="any">
       <ROM id="MSX-Audio BIOS mono for the OPL3">
         <mem base="0x0000" size="0x3000"/>
         <mem base="0x4000" size="0x3000"/>
         <mem base="0x8000" size="0x3000"/>
         <mem base="0xC000" size="0x3000"/>
         <mappertype>Normal0000</mappertype>
         <rom>
           <!-- MSX-Audio BIOS v1.3
                download: http://frs.badcoffee.info/tools.html -->
           <sha1>b344b5b7988f459354a2db49d7d339ceeee7d864</sha1>
           <filename>msxaudio13.OPL3_mono.rom</filename>
         </rom>
       </ROM>
       <RAM id="MSX-Audio BIOS base WorkRAM">
         <mem base="0x3000" size="0x1000"/>
         <mem base="0x7000" size="0x1000"/>
         <size>0x1000</size>
       </RAM>
       <RAM id="MSX-Audio BIOS expanded WorkRAM">
         <mem base="0xB000" size="0x1000"/>
         <mem base="0xF000" size="0x1000"/>
         <size>0x1000</size>
       </RAM>
      </secondary>
    </primary>
  </devices>
</msxconfig>
