<?xml version="1.0" ?>
<!DOCTYPE msxconfig SYSTEM 'msxconfig2.dtd'>
<msxconfig>
  <info>
    <name>Dual Disk Drive Controller</name>
    <manufacturer>Sharp</manufacturer>
    <code>HB-3600</code>
    <release_year>1985</release_year>
    <description>External 5.25" disk drives.</description>
    <type>external disk drive</type>
  </info>
  <devices>
    <primary slot="any">
      <secondary slot="any">
        <WD2793 id="Sharp HB-3600 diskROM/FDC">
          <connectionstyle>Philips</connectionstyle>
          <mem base="0x4000" size="0x4000"/>
          <rom>
            <sha1>608e8e9ab91c67f7015a67ea12f52ea3b0d609cd</sha1>
            <filename>hb3600_disk.rom</filename>
          </rom>
          <drives>2</drives>
        </WD2793>
      </secondary>
    </primary>
  </devices>
</msxconfig>
