<?xml version="1.0" ?>
<!DOCTYPE msxconfig SYSTEM 'msxconfig2.dtd'>
<msxconfig>
  <info>
    <name>Floppy Disk Drive</name>
    <manufacturer>Talent</manufacturer>
    <code>DPF-550</code>
    <release_year></release_year>
    <description>External 5.25" disk drive.</description>
    <type>external disk drive</type>
  </info>
  <devices>
    <primary slot="any">
      <secondary slot="any">
        <WD1770 id="Talent DPF-550 diskROM/FDC">
          <connectionstyle>National</connectionstyle>
          <mem base="0x4000" size="0x8000"/>
          <rom>
            <sha1>d9c82e091b5fa1b5ee9b7f012f0084611762eb93</sha1> <!-- Confirmed by saccopharynx -->
            <filename>dpf-550_disk.rom</filename>
          </rom>
          <drives>1</drives>
        </WD1770>
      </secondary>
    </primary>
  </devices>
</msxconfig>
