<?xml version="1.0" ?>
<!DOCTYPE msxconfig SYSTEM 'msxconfig2.dtd'>
<msxconfig>
  <info>
    <name>MSX RAMFILE</name>
    <manufacturer>Tecall</manufacturer>
    <code>TM220</code>
    <release_year></release_year>
    <description>16kB SRAM cartridge.</description>
    <type>SRAM cartridge</type>
  </info>
  <devices>
    <primary slot="any">
      <secondary slot="any">
        <ROM id="Tecall MSX RAMFILE">
          <mem base="0x4000" size="0x8000"/> <!-- ROM at 0x4000-0x8000, RAM at 0x8000-0xC000 -->
          <rom>
            <sha1>2ba40f6520e3045326a985956f7d32ff6d7cd99a</sha1>
            <filename>Tecall_MSX_RAMFILE_TM220.rom</filename>
          </rom>
          <mappertype>RAMFILE</mappertype>
          <sramname>RAMFILE.sram</sramname>
        </ROM>
      </secondary>
    </primary>
  </devices>
</msxconfig>
