{
	"Version": 13,
	"Characters": [{
		"Class": "Jones",
		"HairType": "riot_helmet",
		"Skin": "ff8136ff",
		"Arms": "363636ff",
		"Body": "149c14ff",
		"Legs": "363636ff",
		"Hair": "363636ff",
		"Feet": "363636ff",
		"speed": 256,
		"Gun": "Laser Pistol",
		"maxHealth": 40,
		"flags": 1024,
		"probabilityToMove": 50,
		"probabilityToTrack": 50,
		"probabilityToShoot": 42,
		"actionDelay": 17
	},
	{
		"Class": "Jones",
		"HairType": "riot_helmet",
		"Skin": "882800ff",
		"Arms": "363636ff",
		"Body": "149c14ff",
		"Legs": "363636ff",
		"Hair": "363636ff",
		"Feet": "363636ff",
		"speed": 256,
		"Gun": "Shotgun",
		"maxHealth": 40,
		"flags": 1024,
		"probabilityToMove": 60,
		"probabilityToTrack": 40,
		"probabilityToShoot": 32,
		"actionDelay": 17
	},
	{
		"Class": "Jones",
		"HairType": "riot_helmet",
		"Skin": "9c589cff",
		"Arms": "363636ff",
		"Body": "149c14ff",
		"Legs": "363636ff",
		"Hair": "363636ff",
		"Feet": "363636ff",
		"speed": 256,
		"Gun": "Pulse rifle",
		"maxHealth": 40,
		"flags": 1024,
		"probabilityToMove": 50,
		"probabilityToTrack": 50,
		"probabilityToShoot": 57,
		"actionDelay": 11
	},
	{
		"Class": "Lady",
		"PlayerTemplateName": "Security Chief",
		"HairType": "ponytail",
		"Skin": "149c14ff",
		"Arms": "58589cff",
		"Body": "58589cff",
		"Legs": "363636ff",
		"Hair": "58589cff",
		"Feet": "363636ff",
		"speed": 128,
		"Gun": "AArms Pulse MG",
		"maxHealth": 40,
		"flags": 2753536,
		"probabilityToMove": 40,
		"probabilityToTrack": 5,
		"probabilityToShoot": 5,
		"actionDelay": 25
	},
	{
		"Class": "Jones",
		"PlayerTemplateName": "Ensign",
		"HairType": "dutch",
		"Skin": "b79536ff",
		"Arms": "58589cff",
		"Body": "58589cff",
		"Legs": "363636ff",
		"Hair": "363636ff",
		"Feet": "363636ff",
		"speed": 256,
		"Gun": "Grenades",
		"maxHealth": 40,
		"flags": 2753536,
		"probabilityToMove": 50,
		"probabilityToTrack": 25,
		"probabilityToShoot": 0,
		"actionDelay": 20
	},
	{
		"Class": "Robot",
		"PlayerTemplateName": "TacBot",
		"Skin": "9c589cff",
		"Arms": "58589cff",
		"Body": "58589cff",
		"Legs": "363636ff",
		"Hair": "58589cff",
		"Feet": "363636ff",
		"speed": 512,
		"Gun": "Grenades",
		"maxHealth": 40,
		"flags": 2753536,
		"probabilityToMove": 50,
		"probabilityToTrack": 25,
		"probabilityToShoot": 0,
		"actionDelay": 10
	},
	{
		"Class": "Jones",
		"PlayerTemplateName": "Weapons Officer",
		"HairType": "shades",
		"Skin": "ff8136ff",
		"Arms": "58589cff",
		"Body": "58589cff",
		"Legs": "363636ff",
		"Hair": "000000ff",
		"Feet": "363636ff",
		"speed": 128,
		"Gun": "XTech BounceRifle",
		"maxHealth": 40,
		"flags": 2753536,
		"probabilityToMove": 50,
		"probabilityToTrack": 0,
		"probabilityToShoot": 5,
		"actionDelay": 25
	},
	{
		"Class": "Lady",
		"HairType": "ponytail",
		"Skin": "d25106ff",
		"Arms": "58589cff",
		"Body": "58589cff",
		"Legs": "363636ff",
		"Hair": "363636ff",
		"Feet": "363636ff",
		"speed": 256,
		"Gun": "Grenades",
		"maxHealth": 40,
		"flags": 2753536,
		"probabilityToMove": 50,
		"probabilityToTrack": 25,
		"probabilityToShoot": 0,
		"actionDelay": 20
	},
	{
		"Class": "Jones",
		"Skin": "882800ff",
		"Arms": "58589cff",
		"Body": "58589cff",
		"Legs": "363636ff",
		"Hair": "363636ff",
		"Feet": "363636ff",
		"speed": 256,
		"Gun": "Grenades",
		"maxHealth": 40,
		"flags": 2753536,
		"probabilityToMove": 50,
		"probabilityToTrack": 25,
		"probabilityToShoot": 0,
		"actionDelay": 20
	},
	{
		"Class": "Jones",
		"HairType": "beard",
		"Skin": "ff8136ff",
		"Arms": "58589cff",
		"Body": "58589cff",
		"Legs": "363636ff",
		"Hair": "58589cff",
		"Feet": "363636ff",
		"speed": 128,
		"Gun": "Grenades",
		"maxHealth": 40,
		"flags": 2753536,
		"probabilityToMove": 50,
		"probabilityToTrack": 25,
		"probabilityToShoot": 0,
		"actionDelay": 32
	},
	{
		"Class": "Bug-eye",
		"Skin": "9c0000ff",
		"Arms": "58589cff",
		"Body": "58589cff",
		"Legs": "363636ff",
		"Hair": "363636ff",
		"Feet": "363636ff",
		"speed": 256,
		"Gun": "Grenades",
		"maxHealth": 40,
		"flags": 19530752,
		"probabilityToMove": 50,
		"probabilityToTrack": 25,
		"probabilityToShoot": 0,
		"actionDelay": 20
	},
	{
		"Class": "Lady",
		"HairType": "ponytail",
		"Skin": "58589cff",
		"Arms": "58589cff",
		"Body": "58589cff",
		"Legs": "363636ff",
		"Hair": "149c14ff",
		"Feet": "363636ff",
		"speed": 512,
		"Gun": "Grenades",
		"maxHealth": 40,
		"flags": 2753536,
		"probabilityToMove": 50,
		"probabilityToTrack": 25,
		"probabilityToShoot": 0,
		"actionDelay": 20
	},
	{
		"Class": "Ogre",
		"Skin": "9c5858ff",
		"Arms": "58589cff",
		"Body": "58589cff",
		"Legs": "363636ff",
		"Hair": "c00000ff",
		"Feet": "363636ff",
		"speed": 256,
		"Gun": "Grenades",
		"maxHealth": 40,
		"flags": 2753536,
		"probabilityToMove": 50,
		"probabilityToTrack": 25,
		"probabilityToShoot": 0,
		"actionDelay": 20
	},
	{
		"Class": "Jones",
		"HairType": "flattop",
		"Skin": "ff8136ff",
		"Arms": "58589cff",
		"Body": "58589cff",
		"Legs": "363636ff",
		"Hair": "882800ff",
		"Feet": "363636ff",
		"speed": 256,
		"Gun": "Grenades",
		"maxHealth": 40,
		"flags": 2753536,
		"probabilityToMove": 50,
		"probabilityToTrack": 25,
		"probabilityToShoot": 0,
		"actionDelay": 20
	},
	{
		"Class": "Jones",
		"HairType": "professor",
		"Skin": "ff8136ff",
		"Arms": "58589cff",
		"Body": "58589cff",
		"Legs": "363636ff",
		"Hair": "9c5858ff",
		"Feet": "363636ff",
		"speed": 256,
		"Gun": "AArms Pulse MG",
		"maxHealth": 40,
		"flags": 36307968,
		"probabilityToMove": 40,
		"probabilityToTrack": 10,
		"probabilityToShoot": 5,
		"actionDelay": 25
	},
	{
		"Class": "Lady",
		"HairType": "ponytail",
		"Skin": "ff8136ff",
		"Arms": "58589cff",
		"Body": "58589cff",
		"Legs": "363636ff",
		"Hair": "9c0000ff",
		"Feet": "363636ff",
		"speed": 256,
		"Gun": "Zeild Particle Shotgun V5",
		"maxHealth": 40,
		"flags": 36308480,
		"probabilityToMove": 45,
		"probabilityToTrack": 10,
		"probabilityToShoot": 5,
		"actionDelay": 25
	},
	{
		"Class": "Bug-eye",
		"Skin": "ff6c00ff",
		"Arms": "58589cff",
		"Body": "58589cff",
		"Legs": "363636ff",
		"Hair": "ff6c00ff",
		"Feet": "363636ff",
		"speed": 256,
		"Gun": "AArms Pulse MG",
		"maxHealth": 40,
		"flags": 2753536,
		"probabilityToMove": 40,
		"probabilityToTrack": 10,
		"probabilityToShoot": 5,
		"actionDelay": 25
	},
	{
		"Class": "Ogre",
		"HairType": "mohawk",
		"Skin": "9c9c9cff",
		"Arms": "58589cff",
		"Body": "58589cff",
		"Legs": "363636ff",
		"Hair": "ff6c00ff",
		"Feet": "363636ff",
		"speed": 256,
		"Gun": "Grenades",
		"maxHealth": 40,
		"flags": 20841472,
		"probabilityToMove": 50,
		"probabilityToTrack": 25,
		"probabilityToShoot": 0,
		"actionDelay": 20
	},
	{
		"Class": "Jones",
		"HairType": "hogan",
		"Skin": "ff8136ff",
		"Arms": "d25106ff",
		"Body": "363636ff",
		"Legs": "9c9c9cff",
		"Hair": "363636ff",
		"Feet": "9c9c9cff",
		"speed": 256,
		"Gun": "Machine gun",
		"maxHealth": 30,
		"flags": 33555456,
		"probabilityToMove": 70,
		"probabilityToTrack": 35,
		"probabilityToShoot": 25,
		"actionDelay": 19
	},
	{
		"Class": "Jones",
		"HairType": "beret",
		"Skin": "ff8136ff",
		"Arms": "d25106ff",
		"Body": "363636ff",
		"Legs": "ff8136ff",
		"Hair": "ff0000ff",
		"Feet": "ff8136ff",
		"speed": 256,
		"Gun": "Shotgun",
		"maxHealth": 20,
		"flags": 41944064,
		"probabilityToMove": 70,
		"probabilityToTrack": 10,
		"probabilityToShoot": 30,
		"actionDelay": 15
	},
	{
		"Class": "Bug-eye",
		"Skin": "149c14ff",
		"Arms": "d25106ff",
		"Body": "363636ff",
		"Legs": "9c9c9cff",
		"Hair": "363636ff",
		"Feet": "9c9c9cff",
		"speed": 384,
		"Gun": "Pistol",
		"maxHealth": 50,
		"flags": 16778240,
		"probabilityToMove": 70,
		"probabilityToTrack": 55,
		"probabilityToShoot": 30,
		"actionDelay": 15
	},
	{
		"Class": "Jones",
		"HairType": "eye_patch",
		"Skin": "58589cff",
		"Arms": "d25106ff",
		"Body": "363636ff",
		"Legs": "9c589cff",
		"Hair": "000000ff",
		"Feet": "9c589cff",
		"speed": 128,
		"Gun": "Confusion bombs",
		"maxHealth": 80,
		"flags": 16778240,
		"probabilityToMove": 20,
		"probabilityToTrack": 55,
		"probabilityToShoot": 40,
		"actionDelay": 17
	},
	{
		"Class": "Jones",
		"HairType": "riot_helmet",
		"Skin": "882800ff",
		"Arms": "d25106ff",
		"Body": "363636ff",
		"Legs": "9c5858ff",
		"Hair": "363636ff",
		"Feet": "9c5858ff",
		"speed": 256,
		"Gun": "Knife",
		"maxHealth": 50,
		"flags": 33555456,
		"probabilityToMove": 100,
		"probabilityToTrack": 100,
		"probabilityToShoot": 0,
		"actionDelay": 15
	},
	{
		"Class": "Mad bug-eye",
		"Skin": "ff6c00ff",
		"Arms": "d25106ff",
		"Body": "363636ff",
		"Legs": "9c0000ff",
		"Hair": "363636ff",
		"Feet": "9c0000ff",
		"speed": 256,
		"Gun": "Browny gun",
		"maxHealth": 50,
		"flags": 41944064,
		"probabilityToMove": 70,
		"probabilityToTrack": 55,
		"probabilityToShoot": 75,
		"actionDelay": 15
	},
	{
		"Class": "Ogre",
		"HairType": "mohawk",
		"Skin": "9c0000ff",
		"Arms": "fc9000ff",
		"Body": "363636ff",
		"Legs": "b79536ff",
		"Hair": "363636ff",
		"Feet": "b79536ff",
		"speed": 320,
		"Gun": "Sniper rifle",
		"maxHealth": 50,
		"flags": 50332672,
		"probabilityToMove": 20,
		"probabilityToTrack": 25,
		"probabilityToShoot": 25,
		"actionDelay": 22
	},
	{
		"Class": "Jones",
		"HairType": "flattop",
		"Skin": "9c5858ff",
		"Arms": "d25106ff",
		"Body": "363636ff",
		"Legs": "9c9c9cff",
		"Hair": "58589cff",
		"Feet": "9c9c9cff",
		"speed": 448,
		"Gun": "Laser Pistol",
		"maxHealth": 50,
		"flags": 33555456,
		"probabilityToMove": 70,
		"probabilityToTrack": 50,
		"probabilityToShoot": 15,
		"actionDelay": 15
	},
	{
		"Class": "Lady",
		"HairType": "ponytail",
		"Skin": "ff8136ff",
		"Arms": "363636ff",
		"Body": "363636ff",
		"Legs": "363636ff",
		"Hair": "ff6c00ff",
		"Feet": "363636ff",
		"speed": 128,
		"Gun": "Sniper rifle",
		"maxHealth": 150,
		"flags": 25167360,
		"probabilityToMove": 30,
		"probabilityToTrack": 25,
		"probabilityToShoot": 15,
		"actionDelay": 22
	},
	{
		"Class": "Lady",
		"HairType": "ponytail",
		"Skin": "ff8136ff",
		"Arms": "363636ff",
		"Body": "363636ff",
		"Legs": "363636ff",
		"Hair": "000000ff",
		"Feet": "363636ff",
		"speed": 192,
		"Gun": "Flamer",
		"maxHealth": 120,
		"flags": 16778240,
		"probabilityToMove": 50,
		"probabilityToTrack": 5,
		"probabilityToShoot": 10,
		"actionDelay": 33
	},
	{
		"Class": "Jones",
		"HairType": "riot_helmet",
		"Skin": "149c14ff",
		"Arms": "d25106ff",
		"Body": "363636ff",
		"Legs": "ff8136ff",
		"Hair": "363636ff",
		"Feet": "ff8136ff",
		"speed": 256,
		"Gun": "Flamer",
		"maxHealth": 40,
		"flags": 33555456,
		"probabilityToMove": 70,
		"probabilityToTrack": 25,
		"probabilityToShoot": 55,
		"actionDelay": 15
	},
	{
		"Class": "Jones",
		"HairType": "eye_patch",
		"Skin": "d25106ff",
		"Arms": "d25106ff",
		"Body": "363636ff",
		"Legs": "9c9c9cff",
		"Hair": "000000ff",
		"Feet": "9c9c9cff",
		"speed": 512,
		"Gun": "Knife",
		"maxHealth": 10,
		"flags": 33555456,
		"probabilityToMove": 100,
		"probabilityToTrack": 100,
		"probabilityToShoot": 0,
		"actionDelay": 4
	},
	{
		"Class": "Cyborg",
		"HairType": "cyborg",
		"Skin": "9c9c9cff",
		"Arms": "d25106ff",
		"Body": "363636ff",
		"Legs": "9c9c9cff",
		"Hair": "ff0000ff",
		"Feet": "9c9c9cff",
		"speed": 192,
		"Gun": "Powergun",
		"maxHealth": 100,
		"flags": 25166848,
		"probabilityToMove": 45,
		"probabilityToTrack": 35,
		"probabilityToShoot": 30,
		"actionDelay": 10
	},
	{
		"Class": "Jones",
		"HairType": "beard",
		"Skin": "ff8136ff",
		"Arms": "d25106ff",
		"Body": "363636ff",
		"Legs": "363636ff",
		"Hair": "ff6c00ff",
		"Feet": "363636ff",
		"speed": 128,
		"Gun": "Dynamite",
		"maxHealth": 10,
		"flags": 17826816,
		"probabilityToMove": 100,
		"probabilityToTrack": 70,
		"probabilityToShoot": 100,
		"actionDelay": 10
	},
	{
		"Class": "Jones",
		"HairType": "dutch",
		"Skin": "882800ff",
		"Arms": "d25106ff",
		"Body": "363636ff",
		"Legs": "9c9c9cff",
		"Hair": "000000ff",
		"Feet": "9c9c9cff",
		"speed": 128,
		"Gun": "Dynamite",
		"maxHealth": 10,
		"flags": 17826816,
		"probabilityToMove": 100,
		"probabilityToTrack": 70,
		"probabilityToShoot": 80,
		"actionDelay": 15
	},
	{
		"Class": "Jones",
		"HairType": "beard",
		"Skin": "d25106ff",
		"Arms": "d25106ff",
		"Body": "363636ff",
		"Legs": "9c9c9cff",
		"Hair": "000000ff",
		"Feet": "9c9c9cff",
		"speed": 128,
		"Gun": "Dynamite",
		"maxHealth": 10,
		"flags": 17826816,
		"probabilityToMove": 100,
		"probabilityToTrack": 70,
		"probabilityToShoot": 80,
		"actionDelay": 15
	},
	{
		"Class": "Jones",
		"HairType": "beard",
		"Skin": "9c5858ff",
		"Arms": "d25106ff",
		"Body": "363636ff",
		"Legs": "9c9c9cff",
		"Hair": "d25106ff",
		"Feet": "9c9c9cff",
		"speed": 128,
		"Gun": "Dynamite",
		"maxHealth": 10,
		"flags": 17826816,
		"probabilityToMove": 100,
		"probabilityToTrack": 70,
		"probabilityToShoot": 80,
		"actionDelay": 15
	},
	{
		"Class": "Robot",
		"Skin": "d25106ff",
		"Arms": "d25106ff",
		"Body": "363636ff",
		"Legs": "9c9c9cff",
		"Hair": "000000ff",
		"Feet": "9c9c9cff",
		"speed": 128,
		"Gun": "Dynamite",
		"maxHealth": 10,
		"flags": 17826816,
		"probabilityToMove": 100,
		"probabilityToTrack": 70,
		"probabilityToShoot": 80,
		"actionDelay": 15
	},
	{
		"Class": "Jones",
		"HairType": "flattop",
		"Skin": "d25106ff",
		"Arms": "9c5858ff",
		"Body": "363636ff",
		"Legs": "9c9c9cff",
		"Hair": "000000ff",
		"Feet": "9c9c9cff",
		"speed": 128,
		"Gun": "Dynamite",
		"maxHealth": 10,
		"flags": 17826816,
		"probabilityToMove": 100,
		"probabilityToTrack": 70,
		"probabilityToShoot": 80,
		"actionDelay": 15
	},
	{
		"Class": "Robot",
		"Skin": "ff8136ff",
		"Arms": "363636ff",
		"Body": "363636ff",
		"Legs": "363636ff",
		"Hair": "9c0000ff",
		"Feet": "363636ff",
		"speed": 128,
		"Gun": "Chemo gun",
		"maxHealth": 120,
		"flags": 16778240,
		"probabilityToMove": 65,
		"probabilityToTrack": 30,
		"probabilityToShoot": 20,
		"actionDelay": 13
	},
	{
		"Class": "Jones",
		"HairType": "professor",
		"Skin": "000000ff",
		"Arms": "d25106ff",
		"Body": "ffffffff",
		"Legs": "9c9c9cff",
		"Hair": "363636ff",
		"Feet": "9c9c9cff",
		"speed": 256,
		"Gun": "The Mutilator!!!",
		"maxHealth": 250,
		"flags": 33555456,
		"probabilityToMove": 65,
		"probabilityToTrack": 70,
		"probabilityToShoot": 100,
		"actionDelay": 17
	}]
}