<?xml version="1.0" encoding="UTF-8"?>
<addon
  id="visualization.shadertoy"
  version="21.0.0"
  name="Shadertoy"
  provider-name="Team Kodi">
  <requires>
<import addon="kodi.binary.global.main" minversion="2.0.0" version="2.0.2"/>
<import addon="kodi.binary.global.general" minversion="1.0.4" version="1.0.5"/>
<import addon="kodi.binary.global.gui" minversion="5.15.0" version="5.15.0"/>
<import addon="kodi.binary.global.filesystem" minversion="1.1.7" version="1.1.8"/>
<import addon="kodi.binary.global.tools" minversion="1.0.0" version="1.0.4"/>
<import addon="kodi.binary.instance.visualization" minversion="4.0.0" version="4.0.0"/></requires>
  <extension
    point="xbmc.player.musicviz"
    library_linux="visualization.shadertoy.so.21.0.0"/>
  <extension
    point="xbmc.python.script"
    library="help-view.py"/>
  <extension point="xbmc.addon.metadata">
    <platform>linux</platform>
    <license>GPL-2.0-or-later</license>
    <source>https://github.com/xbmc/visualization.shadertoy</source>
    <assets>
      <icon>resources/icon.png</icon>
      <fanart>resources/fanart.jpg</fanart>
      <screenshot>resources/screenshot-01.jpg</screenshot>
      <screenshot>resources/fanart.jpg</screenshot>
      <screenshot>resources/screenshot-02.jpg</screenshot>
      <screenshot>resources/screenshot-03.jpg</screenshot>
      <screenshot>resources/screenshot-04.jpg</screenshot>
      <screenshot>resources/screenshot-05.jpg</screenshot>
      <screenshot>resources/screenshot-06.jpg</screenshot>
    </assets>
    <summary lang="da_DK">Visualiseringer fra Shadertoy</summary>
    <summary lang="de_DE">Visualisierungen von Shadertoy</summary>
    <summary lang="en_GB">Visualizations from Shadertoy</summary>
    <summary lang="es_ES">Visualizaciones de Shadertoy</summary>
    <summary lang="fi_FI">Shadertoy-visualisointeja</summary>
    <summary lang="fr_FR">Visualisations de Shadertoy</summary>
    <summary lang="it_IT">Visualizzazioni da Shadertoy</summary>
    <summary lang="ru_RU">Визуализации от Shadertoy</summary>
    <summary lang="zh_CN">来自ShaderToy的可视化效果</summary>
    <description lang="da_DK">Denne musikvisualisering er baseret på Shadertoy-baserede GPU-programmer.</description>
    <description lang="de_DE">Diese Musikvisualisierung basiert auf Shadertoy-basierten GPU-Programmen.</description>
    <description lang="en_GB">This music visualization is based on Shadertoy based GPU programs.</description>
    <description lang="es_ES">Esta visualización musical está basada en programas de GPU basados en Shadertoy.</description>
    <description lang="fi_FI">Tämä äänen visualisointi perustuu Shadertoy-pohjaisiin grafiikkasuoritinohjelmiin.</description>
    <description lang="fr_FR">Cette visualisation musicale est basée sur des programmes GPU basés sur Shadertoy.</description>
    <description lang="it_IT">Questa visualizzazione musicale si basa sui programmi GPU basati su Shadertoy.</description>
    <description lang="ru_RU">Это музыкальная визуализация основана на графических программах, в состав которых входит Shadertoy.</description>
    <description lang="zh_CN">次音乐可视化是基于基于Shadertoy的GPU程序。</description>
  </extension>
</addon>
