<?xml version="1.0" encoding="UTF-8" standalone="yes"?>
<!--
Please use English language names instead.
Default font lacks support for all characters
-->
<keyboardlayouts>
  <layout language="English" layout="QWERTY">
    <keyboard>
      <row>1234567890-=`</row>
      <row>qwertyuiop[]\</row>
      <row>asdfghjkl;'</row>
      <row>zxcvbnm,./</row>
    </keyboard>
    <keyboard modifiers="shift">
      <row>!@#$%^&amp;*()_+~</row>
      <row>QWERTYUIOP{}|</row>
      <row>ASDFGHJKL:"</row>
      <row>ZXCVBNM&lt;&gt;?</row>
    </keyboard>
    <keyboard modifiers="symbol">
      <row>£¥€§±µ¤«»·</row>
      <row>áàâäãåæçéè</row>
      <row>êëíìîïñóòô</row>
      <row>öõøœßúùûü</row>
    </keyboard>
    <keyboard modifiers="shift+symbol">
      <row>¼½¾¹²³°ªº¨</row>
      <row>ÁÀÂÄÃÅÆÇÉÈ</row>
      <row>ÊËÍÌÎÏÑÓÒÔ</row>
      <row>ÖÕØŒẞÚÙÛÜ</row>
    </keyboard>
  </layout>
  <layout language="English" layout="AZERTY">
    <keyboard>
      <row>1234567890-=`</row>
      <row>azertyuiop[]\</row>
      <row>qsdfghjklm;'</row>
      <row>wxcvbn,./</row>
    </keyboard>
    <keyboard modifiers="shift">
      <row>!@#$%^&amp;*()_+~</row>
      <row>AZERTYUIOP{}|</row>
      <row>QSDFGHJKLM:"</row>
      <row>WXCVBN&lt;&gt;?</row>
    </keyboard>
    <keyboard modifiers="symbol">
      <row>£¥€§±µ¤«»·</row>
      <row>áàâäãåæçéè</row>
      <row>êëíìîïñóòô</row>
      <row>öõøœßúùûü</row>
    </keyboard>
    <keyboard modifiers="shift+symbol">
      <row>¼½¾¹²³°ªº¨</row>
      <row>ÁÀÂÄÃÅÆÇÉÈ</row>
      <row>ÊËÍÌÎÏÑÓÒÔ</row>
      <row>ÖÕØŒẞÚÙÛÜ</row>
    </keyboard>
  </layout>
  <layout language="English" layout="ABC">
    <keyboard>
      <row>1234567890-=`</row>
      <row>abcdefghij[]\</row>
      <row>klmnopqrst;'</row>
      <row>uvwxyz,./</row>
    </keyboard>
    <keyboard modifiers="shift">
      <row>!@#$%^&amp;*()_+~</row>
      <row>ABCDEFGHIJ{}|</row>
      <row>KLMNOPQRST:"</row>
      <row>UVWXYZ&lt;&gt;?</row>
    </keyboard>
    <keyboard modifiers="symbol">
      <row>£¥€§±µ¤«»·</row>
      <row>áàâäãåæçéè</row>
      <row>êëíìîïñóòô</row>
      <row>öõøœßúùûü</row>
    </keyboard>
    <keyboard modifiers="shift+symbol">
      <row>¼½¾¹²³°ªº¨</row>
      <row>ÁÀÂÄÃÅÆÇÉÈ</row>
      <row>ÊËÍÌÎÏÑÓÒÔ</row>
      <row>ÖÕØŒẞÚÙÛÜ</row>
    </keyboard>
  </layout>
</keyboardlayouts>
