<?xml version="1.0" encoding="UTF-8" standalone="yes"?>
<!--
Please use English language names instead.
Default font lacks support for all characters
-->
<keyboardlayouts>
  <layout language="Estonian" layout="QWERTY">
    <keyboard>
      <row>1234567890</row>
      <row>qwertyuiopüõ</row>
      <row>asdfghjklöä</row>
      <row>zxcvbnm</row>
    </keyboard>
    <keyboard modifiers="shift">
      <row>1234567890</row>
      <row>QWERTYUIOPÜÕ</row>
      <row>ASDFGHJKLÖÄ</row>
      <row>ZXCVBNM</row>
    </keyboard>
    <keyboard modifiers="symbol,shift+symbol">
      <row>)!@#$%^&amp;*(</row>
      <row>[]{}-_=+;:</row>
      <row>'",.&lt;&gt;/?\|</row>
      <row>`~</row>
    </keyboard>
  </layout>
</keyboardlayouts>
