<?xml version="1.0" encoding="UTF-8" standalone="yes"?>
<!--
Please use English language names instead.
Default font lacks support for all characters
-->
<keyboardlayouts>
  <layout language="Italian" layout="QWERTY">
    <keyboard>
      <row>1234567890'ì</row>
      <row>qwertyuiopè+</row>
      <row>asdfghjklòàù</row>
      <row>zxcvbnm,.-</row>
    </keyboard>
    <keyboard modifiers="shift">
      <row>1234567890?^</row>
      <row>QWERTYUIOPé*</row>
      <row>ASDFGHJKLç°§</row>
      <row>ZXCVBNM;:_</row>
    </keyboard>
    <keyboard modifiers="symbol,shift+symbol">
      <row>/\|@€#[]&lt;&gt;`~</row>
      <row>!"£$%&amp;()='?</row>
      <row>&lt;&gt;,.-+*_^§ç</row>
    </keyboard>
  </layout>
  <layout language="Italian" layout="ABC">
    <keyboard>
      <row>1234567890+-</row>
      <row>abcdefghiàèì</row>
      <row>jklmnopqròù'</row>
      <row>stuvwxyz,.</row>
    </keyboard>
    <keyboard modifiers="shift">
      <row>1234567890*_</row>
      <row>ABCDEFGHI°é^</row>
      <row>JKLMNOPQRç§?</row>
      <row>STUVWXYZ;:</row>
    </keyboard>
    <keyboard modifiers="symbol,shift+symbol">
      <row>/\|@€#[]&lt;&gt;`~</row>
      <row>!"£$%&amp;()='?</row>
      <row>&lt;&gt;,.-+*_^§ç</row>
    </keyboard>
  </layout>
</keyboardlayouts>
