<theme>
<formatVersion>7</formatVersion>
<include>./../theme.xml</include>

<view name="basic, detailed, video, grid">
    <text name="nameLabel" extra="true">
    <text>3DO</text>
  </text>
</view>    

<view name="system">
  <text name="sys_line2" extra="true">
    <text>3DO</text>
  </text>    
  <text name="shortdescription" extra="true">
   <text>1993  ·  32-bit Console</text>
  </text>
  <text name="longdescription" extra="true">
   <text>The 3DO Interactive Multiplayer (often called simply the 3DO), is a home video game console platform developed by The 3DO Company</text>
  </text>
 </view>
</theme>
