{
	"Missions": [{
		"Title": "Mission 1",
		"Description": "Blah blah blah",
		"Type": "Static",
		"Width": 33,
		"Height": 16,
		"ExitStyle": "hazard",
		"KeyStyle": "office",
		"Objectives": [],
		"Enemies": [],
		"SpecialChars": [],
		"MapObjectDensities": [],
		"EnemyDensity": 0,
		"Weapons": ["Knife",
		"Machine gun",
		"Grenades",
		"Flamer",
		"Shotgun",
		"Powergun",
		"Shrapnel bombs",
		"Molotovs",
		"Sniper rifle",
		"Prox. mine",
		"Dynamite",
		"Chemo bombs",
		"Petrify gun",
		"Browny gun",
		"Confusion bombs",
		"Chemo gun",
		"Pulse rifle",
		"Heatseeker"],
		"Song": "",
		"TileClasses": {
			"6": {
				"Name": "wall",
				"Type": "Wall",
				"Style": "rock",
				"Mask": "31b631ff",
				"MaskAlt": "008400ff",
				"CanWalk": true,
				"IsOpaque": true,
				"Shootable": false,
				"IsRoom": false
			},
			"7": {
				"Name": "wall",
				"Type": "Wall",
				"Style": "plasteel",
				"Mask": "9bfcf6ff",
				"MaskAlt": "008400ff",
				"CanWalk": false,
				"IsOpaque": false,
				"Shootable": true,
				"IsRoom": false
			},
			"2": {
				"Name": "door",
				"Type": "Door",
				"Style": "alien",
				"Mask": "ffffffff",
				"MaskAlt": "ffffffff",
				"CanWalk": false,
				"IsOpaque": true,
				"Shootable": true,
				"IsRoom": true
			},
			"1": {
				"Name": "wall",
				"Type": "Wall",
				"Style": "carbon",
				"Mask": "008400ff",
				"MaskAlt": "008400ff",
				"CanWalk": false,
				"IsOpaque": true,
				"Shootable": true,
				"IsRoom": false
			},
			"5": {
				"Name": "wall",
				"Type": "Wall",
				"Style": "plasteel",
				"Mask": "f6ff6cff",
				"MaskAlt": "008400ff",
				"CanWalk": true,
				"IsOpaque": false,
				"Shootable": true,
				"IsRoom": false
			},
			"3": {
				"Name": "tile",
				"Type": "Floor",
				"Style": "dirt",
				"Mask": "ff180dff",
				"MaskAlt": "008400ff",
				"CanWalk": false,
				"IsOpaque": false,
				"Shootable": false,
				"IsRoom": false
			},
			"0": {
				"Name": "tile",
				"Type": "Floor",
				"Style": "dirt",
				"Mask": "004800ff",
				"MaskAlt": "008400ff",
				"CanWalk": true,
				"IsOpaque": false,
				"Shootable": false,
				"IsRoom": false
			},
			"4": {
				"Name": "wall",
				"Type": "Wall",
				"Style": "carbon",
				"Mask": "e376f7ff",
				"MaskAlt": "008400ff",
				"CanWalk": true,
				"IsOpaque": true,
				"Shootable": true,
				"IsRoom": false
			}
		},
		"Tiles": ["1,1,1,1,1,1,1,1,1,1,1,1,1,1,1,1,1,1,1,1,1,1,1,1,1,1,1,1,1,1,1,1,1",
		"1,0,0,0,0,0,0,0,0,0,0,0,0,0,0,0,0,0,0,0,0,0,0,0,0,0,0,0,0,0,0,0,1",
		"1,0,1,1,1,1,1,0,0,0,0,0,0,0,0,0,0,0,0,0,0,0,0,0,0,0,0,0,0,0,0,0,1",
		"1,0,1,0,0,0,0,0,0,0,1,1,1,0,0,0,0,0,0,0,0,0,0,0,0,0,0,0,0,0,0,0,1",
		"1,0,1,0,6,6,6,6,0,0,1,0,0,1,0,0,0,0,0,0,0,0,0,0,0,0,0,0,0,0,0,0,1",
		"1,0,1,0,3,3,3,3,0,0,1,0,0,0,1,0,0,0,0,0,0,0,0,0,0,0,0,0,0,0,0,0,1",
		"1,0,1,0,3,3,3,3,0,0,2,0,4,0,2,0,1,2,2,1,1,0,1,2,2,1,0,0,1,1,1,0,1",
		"1,1,1,0,0,0,0,0,0,0,2,0,4,0,1,1,1,0,0,0,1,0,1,6,6,1,0,1,1,0,0,0,1",
		"1,0,1,0,7,7,7,7,0,0,2,0,4,0,1,1,0,5,5,0,2,0,2,0,0,2,0,1,1,0,0,0,1",
		"1,0,1,0,0,0,0,0,0,0,2,0,4,0,1,1,0,5,5,0,2,0,1,0,0,2,0,0,1,1,1,0,1",
		"1,0,1,0,0,0,0,0,0,0,2,0,0,0,2,0,1,0,0,1,1,0,0,1,0,1,0,0,0,0,1,0,1",
		"1,0,1,1,1,1,1,1,0,0,1,0,0,0,1,0,1,2,2,1,0,0,0,1,1,1,0,0,0,0,1,0,1",
		"1,0,0,0,0,0,0,0,0,0,1,1,1,1,0,0,0,0,0,0,0,0,0,0,0,1,0,1,1,1,0,0,1",
		"1,0,0,0,0,0,0,0,0,0,0,0,0,0,0,0,0,0,0,0,0,0,1,1,1,1,0,0,0,0,0,0,1",
		"1,0,0,0,0,0,0,0,0,0,0,0,0,0,0,0,0,0,0,0,0,0,0,0,0,0,0,0,0,0,0,0,1",
		"1,1,1,1,1,1,1,1,1,1,1,1,1,1,1,1,1,1,1,1,1,1,1,1,1,1,1,1,1,1,1,1,1"],
		"Access": ["0,0,0,0,0,0,0,0,0,0,0,0,0,0,0,0,0,0,0,0,0,0,0,0,0,0,0,0,0,0,0,0,0",
		"0,0,0,0,0,0,0,0,0,0,0,0,0,0,0,0,0,0,0,0,0,0,0,0,0,0,0,0,0,0,0,0,0",
		"0,0,0,0,0,0,0,0,0,0,0,0,0,0,0,0,0,0,0,0,0,0,0,0,0,0,0,0,0,0,0,0,0",
		"0,0,0,0,0,0,0,0,0,0,0,0,0,0,0,0,0,0,0,0,0,0,0,0,0,0,0,0,0,0,0,0,0",
		"0,0,0,0,0,0,0,0,0,0,0,0,0,0,0,0,0,0,0,0,0,0,0,0,0,0,0,0,0,0,0,0,0",
		"0,0,0,0,0,0,0,0,0,0,0,0,0,0,0,0,0,0,0,0,0,0,0,0,0,0,0,0,0,0,0,0,0",
		"0,0,0,0,0,0,0,0,0,0,0,0,0,0,0,0,0,0,0,0,0,0,0,0,0,0,0,0,0,0,0,0,0",
		"0,0,0,0,0,0,0,0,0,0,0,0,0,0,0,0,0,0,0,0,0,0,0,0,0,0,0,0,0,0,0,0,0",
		"0,0,0,0,0,0,0,0,0,0,0,0,0,0,0,0,0,0,0,0,0,0,0,0,0,0,0,0,0,0,0,0,0",
		"0,0,0,0,0,0,0,0,0,0,0,0,0,0,0,0,0,0,0,0,0,0,0,0,0,0,0,0,0,0,0,0,0",
		"0,0,0,0,0,0,0,0,0,0,0,0,0,0,0,0,0,0,0,0,0,0,0,0,0,0,0,0,0,0,0,0,0",
		"0,0,0,0,0,0,0,0,0,0,0,0,0,0,0,0,0,0,0,0,0,0,0,0,0,0,0,0,0,0,0,0,0",
		"0,0,0,0,0,0,0,0,0,0,0,0,0,0,0,0,0,0,0,0,0,0,0,0,0,0,0,0,0,0,0,0,0",
		"0,0,0,0,0,0,0,0,0,0,0,0,0,0,0,0,0,0,0,0,0,0,0,0,0,0,0,0,0,0,0,0,0",
		"0,0,0,0,0,0,0,0,0,0,0,0,0,0,0,0,0,0,0,0,0,0,0,0,0,0,0,0,0,0,0,0,0",
		"0,0,0,0,0,0,0,0,0,0,0,0,0,0,0,0,0,0,0,0,0,0,0,0,0,0,0,0,0,0,0,0,0"],
		"StaticItems": [{
			"MapObject": "terminal",
			"Positions": [[15, 1]]
		},
		{
			"MapObject": "terminal",
			"Positions": [[17, 1]]
		},
		{
			"MapObject": "box_metal_green",
			"Positions": [[14, 1]]
		},
		{
			"MapObject": "rocket",
			"Positions": [[16, 1]]
		},
		{
			"MapObject": "barrel_skull",
			"Positions": [[18, 1]]
		},
		{
			"MapObject": "barrel_blue",
			"Positions": []
		},
		{
			"MapObject": "box",
			"Positions": [[24, 1],
			[25, 1],
			[26, 1],
			[27, 1],
			[27, 2],
			[27, 3],
			[27, 4],
			[26, 4],
			[25, 4],
			[24, 4],
			[24, 3],
			[24, 2]]
		},
		{
			"MapObject": "cabinet",
			"Positions": []
		},
		{
			"MapObject": "cabinet",
			"Positions": []
		},
		{
			"MapObject": "scratch",
			"Positions": []
		},
		{
			"MapObject": "scratch",
			"Positions": []
		},
		{
			"MapObject": "scratch",
			"Positions": []
		},
		{
			"MapObject": "scratch",
			"Positions": []
		},
		{
			"MapObject": "scratch",
			"Positions": []
		},
		{
			"MapObject": "scratch",
			"Positions": []
		},
		{
			"MapObject": "scratch",
			"Positions": []
		},
		{
			"MapObject": "scratch",
			"Positions": []
		},
		{
			"MapObject": "scratch",
			"Positions": []
		},
		{
			"MapObject": "scratch",
			"Positions": []
		},
		{
			"MapObject": "scratch",
			"Positions": []
		},
		{
			"MapObject": "scratch",
			"Positions": []
		},
		{
			"MapObject": "scratch",
			"Positions": []
		},
		{
			"MapObject": "scratch",
			"Positions": []
		},
		{
			"MapObject": "scratch",
			"Positions": []
		},
		{
			"MapObject": "scratch",
			"Positions": []
		},
		{
			"MapObject": "egg",
			"Positions": [[23, 1],
			[23, 2],
			[23, 3],
			[23, 4],
			[23, 5],
			[24, 5],
			[25, 5],
			[26, 5],
			[27, 5],
			[28, 5],
			[28, 4],
			[28, 3],
			[28, 2],
			[28, 1]]
		},
		{
			"MapObject": "egg",
			"Positions": []
		},
		{
			"MapObject": "egg",
			"Positions": []
		},
		{
			"MapObject": "egg",
			"Positions": []
		},
		{
			"MapObject": "egg",
			"Positions": []
		},
		{
			"MapObject": "egg",
			"Positions": []
		},
		{
			"MapObject": "egg",
			"Positions": []
		},
		{
			"MapObject": "egg",
			"Positions": []
		},
		{
			"MapObject": "egg",
			"Positions": []
		},
		{
			"MapObject": "egg",
			"Positions": []
		}],
		"StaticCharacters": [{
			"Index": 0,
			"Positions": [[25, 2],
			[26, 2],
			[26, 3],
			[25, 3]]
		}],
		"StaticObjectives": [],
		"StaticKeys": [],
		"Start": [1, 8],
		"Exits": [{
			"Rect": [12,
			0,
			8,
			3],
			"Mission": 1,
			"Hidden": false
		}]
	},
	{
		"Title": "Lots of rooms",
		"Description": "This map demonstrates rooms adjacent to each other, as well as free placement of keys and assignment of doors that require keys.",
		"Type": "Static",
		"Width": 26,
		"Height": 38,
		"ExitStyle": "hazard",
		"KeyStyle": "office",
		"Objectives": [{
			"Description": "Get the goodies",
			"Type": "Collect",
			"Pickup": "cd",
			"Count": 10,
			"Required": 8,
			"Flags": 6
		}],
		"Enemies": [],
		"SpecialChars": [],
		"MapObjectDensities": [],
		"EnemyDensity": 0,
		"Weapons": ["Knife",
		"Machine gun",
		"Grenades",
		"Flamer",
		"Shotgun",
		"Powergun",
		"Shrapnel bombs",
		"Molotovs",
		"Sniper rifle",
		"Prox. mine",
		"Dynamite",
		"Chemo bombs",
		"Petrify gun",
		"Browny gun",
		"Confusion bombs",
		"Chemo gun",
		"Pulse rifle",
		"Heatseeker"],
		"Song": "",
		"TileClasses": {
			"2": {
				"Name": "door",
				"Type": "Door",
				"Style": "office",
				"Mask": "ffffffff",
				"MaskAlt": "ffffffff",
				"CanWalk": false,
				"IsOpaque": true,
				"Shootable": true,
				"IsRoom": true
			},
			"1": {
				"Name": "wall",
				"Type": "Wall",
				"Style": "brick",
				"Mask": "703800ff",
				"MaskAlt": "840000ff",
				"CanWalk": false,
				"IsOpaque": true,
				"Shootable": true,
				"IsRoom": false
			},
			"3": {
				"Name": "tile",
				"Type": "Floor",
				"Style": "tile",
				"Mask": "707070ff",
				"MaskAlt": "840000ff",
				"CanWalk": true,
				"IsOpaque": false,
				"Shootable": false,
				"IsRoom": true
			},
			"0": {
				"Name": "tile",
				"Type": "Floor",
				"Style": "dirt",
				"Mask": "007000ff",
				"MaskAlt": "840000ff",
				"CanWalk": true,
				"IsOpaque": false,
				"Shootable": false,
				"IsRoom": false
			}
		},
		"Tiles": ["1,1,1,1,1,1,1,1,1,1,1,1,1,1,1,1,1,1,1,1,1,1,1,1,1,1",
		"1,0,0,1,3,3,3,1,3,3,1,3,3,3,1,3,3,3,3,1,3,3,3,1,0,0",
		"1,0,0,1,3,3,3,2,3,3,2,3,3,3,2,3,3,3,3,1,3,3,3,1,0,0",
		"1,0,0,2,3,3,3,1,3,3,1,3,3,3,2,3,3,3,3,2,3,3,3,2,0,0",
		"1,0,0,1,3,3,3,1,3,3,1,3,3,3,1,3,3,3,3,1,3,3,3,1,0,0",
		"1,0,0,1,3,3,3,1,1,2,1,1,2,1,1,3,3,3,3,1,3,3,3,1,0,0",
		"1,0,0,1,1,2,1,1,3,3,3,3,3,3,1,1,1,2,1,1,1,2,1,1,0,0",
		"1,0,0,1,3,3,3,1,3,3,3,3,3,3,1,3,3,3,3,1,3,3,3,2,0,0",
		"1,0,0,2,3,3,3,2,3,3,3,3,3,3,2,3,3,3,3,2,3,3,3,1,0,0",
		"1,0,0,1,3,3,3,1,1,2,1,2,1,1,1,3,3,3,3,1,3,3,3,1,0,0",
		"1,0,0,1,3,3,3,1,3,3,1,3,3,3,2,3,3,3,3,1,3,3,3,1,0,0",
		"1,0,0,1,1,2,1,1,3,3,2,3,3,3,1,1,1,2,1,1,2,1,1,1,0,0",
		"1,0,0,1,3,3,3,1,3,3,1,3,3,3,2,3,3,3,1,3,3,3,3,1,0,0",
		"1,0,0,2,3,3,3,2,3,3,1,1,2,1,1,3,3,3,2,3,3,3,3,1,0,0",
		"1,0,0,1,3,3,3,1,3,3,2,3,3,3,2,3,3,3,1,3,3,3,3,2,0,0",
		"1,0,0,1,3,3,3,1,3,3,1,3,3,3,1,3,3,3,1,3,3,3,3,1,0,0",
		"1,0,0,1,2,1,1,1,2,1,1,3,3,3,1,1,2,1,1,1,1,2,1,1,0,0",
		"1,0,0,1,3,3,1,3,3,3,2,3,3,3,2,3,3,3,3,1,3,3,3,1,0,0",
		"1,0,0,1,3,3,2,3,3,3,1,3,3,3,1,3,3,3,3,1,3,3,3,2,0,0",
		"1,0,0,2,3,3,1,1,2,1,1,1,2,1,1,3,3,3,3,2,3,3,3,1,0,0",
		"1,0,0,1,3,3,1,0,0,0,0,0,0,0,1,3,3,3,3,1,3,3,3,1,0,0",
		"1,0,0,1,3,3,1,0,0,0,0,0,0,0,1,1,1,2,1,1,1,2,1,1,0,0",
		"1,0,0,1,1,2,1,0,0,0,0,0,0,0,0,0,0,0,0,0,0,0,0,0,0,0",
		"1,0,0,0,0,0,0,0,0,0,0,0,0,0,0,0,0,0,0,0,0,0,0,0,0,0",
		"1,0,0,0,0,0,0,0,0,0,0,0,0,0,0,0,0,0,0,0,0,0,0,0,0,0",
		"1,0,0,0,1,1,1,2,1,1,1,2,1,1,0,0,0,0,0,0,0,0,0,0,0,0",
		"1,0,0,0,1,3,3,3,3,1,3,3,3,1,0,0,0,0,0,0,0,0,0,0,0,0",
		"1,0,0,0,2,3,3,3,3,2,3,3,3,1,0,0,0,0,0,0,0,0,0,0,0,0",
		"1,0,0,0,1,3,3,3,3,1,3,3,3,1,0,0,0,0,0,0,0,0,0,0,0,0",
		"1,0,0,0,1,3,3,3,3,1,3,3,3,1,0,0,0,0,0,0,0,0,0,0,0,0",
		"1,0,0,0,1,1,1,1,1,1,1,2,1,1,0,0,0,0,0,0,0,0,0,0,0,0",
		"1,0,0,0,1,3,3,3,1,3,3,3,3,1,0,0,0,0,0,0,0,0,0,0,0,0",
		"1,0,0,0,2,3,3,3,2,3,3,3,3,1,0,0,0,0,0,0,0,0,0,0,0,0",
		"1,0,0,0,1,3,3,3,1,3,3,3,3,1,0,0,0,0,0,0,0,0,0,0,0,0",
		"1,0,0,0,1,3,3,3,1,3,3,3,3,1,0,0,0,0,0,0,0,0,0,0,0,0",
		"1,0,0,0,1,1,2,1,1,1,1,2,1,1,0,0,0,0,0,0,0,0,0,0,0,0",
		"1,0,0,0,0,0,0,0,0,0,0,0,0,0,0,0,0,0,0,0,0,0,0,0,0,0",
		"1,0,0,0,0,0,0,0,0,0,0,0,0,0,0,0,0,0,0,0,0,0,0,0,0,0"],
		"Access": ["0,0,0,0,0,0,0,0,0,0,0,0,0,0,0,0,0,0,0,0,0,0,0,0,0,0",
		"0,0,0,0,0,0,0,0,0,0,0,0,0,0,0,0,0,0,0,0,0,0,0,0,0,0",
		"0,0,0,0,0,0,0,0,0,0,256,0,0,0,512,0,0,0,0,0,0,0,0,0,0,0",
		"0,0,0,0,0,0,0,0,0,0,0,0,0,0,512,0,0,0,0,512,0,0,0,0,0,0",
		"0,0,0,0,0,0,0,0,0,0,0,0,0,0,0,0,0,0,0,0,0,0,0,0,0,0",
		"0,0,0,0,0,0,0,0,0,256,0,0,0,0,0,0,0,0,0,0,0,0,0,0,0,0",
		"0,0,0,0,0,1024,0,0,0,0,0,0,0,0,0,0,0,512,0,0,0,0,0,0,0,0",
		"0,0,0,0,0,0,0,0,0,0,0,0,0,0,0,0,0,0,0,0,0,0,0,256,0,0",
		"0,0,0,512,0,0,0,1024,0,0,0,0,0,0,256,0,0,0,0,1024,0,0,0,0,0,0",
		"0,0,0,0,0,0,0,0,0,0,0,256,0,0,0,0,0,0,0,0,0,0,0,0,0,0",
		"0,0,0,0,0,0,0,0,0,0,0,0,0,0,0,0,0,0,0,0,0,0,0,0,0,0",
		"0,0,0,0,0,0,0,0,0,0,0,0,0,0,0,0,0,0,0,0,256,0,0,0,0,0",
		"0,0,0,0,0,0,0,0,0,0,0,0,0,0,2048,0,0,0,0,0,0,0,0,0,0,0",
		"0,0,0,0,0,0,0,256,0,0,0,0,2048,0,0,0,0,0,2048,0,0,0,0,0,0,0",
		"0,0,0,0,0,0,0,0,0,0,512,0,0,0,0,0,0,0,0,0,0,0,0,0,0,0",
		"0,0,0,0,0,0,0,0,0,0,0,0,0,0,0,0,0,0,0,0,0,0,0,0,0,0",
		"0,0,0,0,512,0,0,0,0,0,0,0,0,0,0,0,256,0,0,0,0,1024,0,0,0,0",
		"0,0,0,0,0,0,0,0,0,0,1024,0,0,0,0,0,0,0,0,0,0,0,0,0,0,0",
		"0,0,0,0,0,0,2048,0,0,0,0,0,0,0,0,0,0,0,0,0,0,0,0,2048,0,0",
		"0,0,0,0,0,0,0,0,512,0,0,0,0,0,0,0,0,0,0,0,0,0,0,0,0,0",
		"0,0,0,0,0,0,0,0,0,0,0,0,0,0,0,0,0,0,0,0,0,0,0,0,0,0",
		"0,0,0,0,0,0,0,0,0,0,0,0,0,0,0,0,0,256,0,0,0,1024,0,0,0,0",
		"0,0,0,0,0,2048,0,0,0,0,0,0,0,0,0,0,0,0,0,0,0,0,0,0,0,0",
		"0,0,0,0,0,0,0,0,0,0,0,0,0,0,0,0,0,0,0,0,0,0,0,0,0,0",
		"0,0,0,0,0,0,0,0,0,0,0,0,0,0,0,0,0,0,0,0,0,0,0,0,0,0",
		"0,0,0,0,0,0,0,0,0,0,0,0,0,0,0,0,0,0,0,0,0,0,0,0,0,0",
		"0,0,0,0,0,0,0,0,0,0,0,0,0,0,0,0,0,0,0,0,0,0,0,0,0,0",
		"0,0,0,0,512,0,0,0,0,256,0,0,0,0,0,0,0,0,0,0,0,0,0,0,0,0",
		"0,0,0,0,0,0,0,0,0,0,0,0,0,0,0,0,0,0,0,0,0,0,0,0,0,0",
		"0,0,0,0,0,0,0,0,0,0,0,0,0,0,0,0,0,0,0,0,0,0,0,0,0,0",
		"0,0,0,0,0,0,0,0,0,0,0,256,0,0,0,0,0,0,0,0,0,0,0,0,0,0",
		"0,0,0,0,0,0,0,0,0,0,0,0,0,0,0,0,0,0,0,0,0,0,0,0,0,0",
		"0,0,0,0,2048,0,0,0,512,0,0,0,0,0,0,0,0,0,0,0,0,0,0,0,0,0",
		"0,0,0,0,0,0,0,0,0,0,0,0,0,0,0,0,0,0,0,0,0,0,0,0,0,0",
		"0,0,0,0,0,0,0,0,0,0,0,0,0,0,0,0,0,0,0,0,0,0,0,0,0,0",
		"0,0,0,0,0,0,0,0,0,0,0,1024,0,0,0,0,0,0,0,0,0,0,0,0,0,0",
		"0,0,0,0,0,0,0,0,0,0,0,0,0,0,0,0,0,0,0,0,0,0,0,0,0,0",
		"0,0,0,0,0,0,0,0,0,0,0,0,0,0,0,0,0,0,0,0,0,0,0,0,0,0"],
		"StaticItems": [{
			"MapObject": "barrel_blue",
			"Positions": [[16, 27],
			[17, 27],
			[18, 27],
			[19, 27],
			[20, 27],
			[17, 28],
			[18, 28],
			[19, 28],
			[18, 29],
			[17, 26],
			[18, 26],
			[19, 26],
			[18, 25]]
		}],
		"StaticCharacters": [],
		"StaticObjectives": [{
			"Index": 0,
			"Positions": [[22, 22],
			[22, 23],
			[22, 24],
			[21, 24],
			[21, 23],
			[21, 22]],
			"Indices": [0,
			0,
			0,
			0,
			0,
			0]
		}],
		"StaticKeys": [{
			"Index": 0,
			"Positions": [[17, 23],
			[17, 23]]
		},
		{
			"Index": 1,
			"Positions": [[18, 23],
			[18, 23],
			[18, 23],
			[18, 23]]
		},
		{
			"Index": 2,
			"Positions": [[19, 23],
			[19, 23],
			[19, 23]]
		},
		{
			"Index": 3,
			"Positions": [[20, 23],
			[20, 23],
			[20, 23]]
		}],
		"Start": [23, 29],
		"Exits": [{
			"Rect": [14,
			0,
			5,
			6],
			"Mission": 2,
			"Hidden": false
		}]
	},
	{
		"Title": "Pallet Town",
		"Description": "This map was created by tracing over a guide image. The guide image resizes to fit the map dimensions, so the map can be resized to fit the grid of the guide image first.",
		"Type": "Static",
		"Width": 24,
		"Height": 20,
		"ExitStyle": "hazard",
		"KeyStyle": "office",
		"Objectives": [],
		"Enemies": [],
		"SpecialChars": [],
		"MapObjectDensities": [],
		"EnemyDensity": 0,
		"Weapons": ["Knife",
		"Machine gun",
		"Grenades",
		"Flamer",
		"Shotgun",
		"Powergun",
		"Shrapnel bombs",
		"Molotovs",
		"Sniper rifle",
		"Prox. mine",
		"Dynamite",
		"Chemo bombs",
		"Petrify gun",
		"Browny gun",
		"Confusion bombs",
		"Chemo gun",
		"Pulse rifle",
		"Heatseeker"],
		"Song": "",
		"TileClasses": {
			"2": {
				"Name": "door",
				"Type": "Door",
				"Style": "office",
				"Mask": "ffffffff",
				"MaskAlt": "ffffffff",
				"CanWalk": false,
				"IsOpaque": true,
				"Shootable": true,
				"IsRoom": true
			},
			"1": {
				"Name": "wall",
				"Type": "Wall",
				"Style": "brick",
				"Mask": "848484ff",
				"MaskAlt": "840000ff",
				"CanWalk": false,
				"IsOpaque": true,
				"Shootable": true,
				"IsRoom": false
			},
			"3": {
				"Name": "tile",
				"Type": "Floor",
				"Style": "wood2",
				"Mask": "008400ff",
				"MaskAlt": "840000ff",
				"CanWalk": true,
				"IsOpaque": false,
				"Shootable": false,
				"IsRoom": true
			},
			"0": {
				"Name": "tile",
				"Type": "Floor",
				"Style": "dirt",
				"Mask": "007000ff",
				"MaskAlt": "840000ff",
				"CanWalk": true,
				"IsOpaque": false,
				"Shootable": false,
				"IsRoom": false
			},
			"4": {
				"Name": "tile",
				"Type": "Floor",
				"Style": "water",
				"Mask": "7292fcff",
				"MaskAlt": "808080ff",
				"CanWalk": false,
				"IsOpaque": false,
				"Shootable": false,
				"IsRoom": false
			}
		},
		"Tiles": ["0,0,0,0,0,0,0,0,0,0,0,0,3,3,0,0,0,0,0,0,0,0,0,0",
		"0,0,0,0,0,0,0,0,0,0,0,0,3,3,0,0,0,0,0,0,0,0,0,0",
		"0,0,3,3,3,3,3,3,3,3,3,3,3,3,3,3,3,3,3,3,3,0,0,0",
		"0,0,3,3,3,3,3,3,3,3,3,3,3,3,3,3,3,3,3,3,3,0,0,0",
		"0,0,3,0,0,0,0,0,0,0,0,3,0,0,0,0,0,0,0,0,3,0,0,0",
		"0,0,3,0,0,1,1,1,1,1,0,3,0,0,1,1,1,1,1,0,3,0,0,0",
		"0,0,3,0,0,1,0,0,0,1,0,3,0,0,1,0,0,0,1,0,3,0,0,0",
		"0,0,3,0,0,1,2,1,1,1,0,3,0,0,1,2,1,1,1,0,3,0,0,0",
		"0,0,3,3,3,3,3,3,3,3,3,3,3,3,3,3,3,3,3,3,3,0,0,0",
		"0,0,3,3,3,3,3,3,3,3,3,3,3,3,3,3,3,3,3,3,3,0,0,0",
		"0,0,3,3,3,3,3,3,3,3,3,3,0,0,0,0,0,0,0,0,3,0,0,0",
		"0,0,3,3,0,0,0,0,0,0,0,3,0,1,1,1,1,1,1,1,3,0,0,0",
		"0,0,3,3,0,0,0,0,0,0,0,3,0,1,0,0,0,0,0,1,3,0,0,0",
		"0,0,3,3,0,0,0,0,0,0,0,3,0,1,1,1,2,1,1,1,3,0,0,0",
		"0,0,3,3,0,0,0,0,0,0,0,3,3,3,3,3,3,3,3,3,3,0,0,0",
		"0,0,3,3,3,3,3,3,3,3,3,3,0,0,0,0,0,0,0,0,3,0,0,0",
		"0,0,3,3,3,3,3,3,3,3,3,3,0,0,0,0,0,0,0,0,3,0,0,0",
		"0,0,0,0,0,0,0,4,4,4,4,3,3,3,3,3,3,3,3,3,3,0,0,0",
		"0,0,0,0,0,0,0,4,4,4,4,0,0,0,0,0,0,0,0,0,0,0,0,0",
		"0,0,0,0,0,0,0,4,4,4,4,0,0,0,0,0,0,0,0,0,0,0,0,0"],
		"Access": ["0,0,0,0,0,0,0,0,0,0,0,0,0,0,0,0,0,0,0,0,0,0,0,0",
		"0,0,0,0,0,0,0,0,0,0,0,0,0,0,0,0,0,0,0,0,0,0,0,0",
		"0,0,0,0,0,0,0,0,0,0,0,0,0,0,0,0,0,0,0,0,0,0,0,0",
		"0,0,0,0,0,0,0,0,0,0,0,0,0,0,0,0,0,0,0,0,0,0,0,0",
		"0,0,0,0,0,0,0,0,0,0,0,0,0,0,0,0,0,0,0,0,0,0,0,0",
		"0,0,0,0,0,0,0,0,0,0,0,0,0,0,0,0,0,0,0,0,0,0,0,0",
		"0,0,0,0,0,0,0,0,0,0,0,0,0,0,0,0,0,0,0,0,0,0,0,0",
		"0,0,0,0,0,0,0,0,0,0,0,0,0,0,0,0,0,0,0,0,0,0,0,0",
		"0,0,0,0,0,0,0,0,0,0,0,0,0,0,0,0,0,0,0,0,0,0,0,0",
		"0,0,0,0,0,0,0,0,0,0,0,0,0,0,0,0,0,0,0,0,0,0,0,0",
		"0,0,0,0,0,0,0,0,0,0,0,0,0,0,0,0,0,0,0,0,0,0,0,0",
		"0,0,0,0,0,0,0,0,0,0,0,0,0,0,0,0,0,0,0,0,0,0,0,0",
		"0,0,0,0,0,0,0,0,0,0,0,0,0,0,0,0,0,0,0,0,0,0,0,0",
		"0,0,0,0,0,0,0,0,0,0,0,0,0,0,0,0,0,0,0,0,0,0,0,0",
		"0,0,0,0,0,0,0,0,0,0,0,0,0,0,0,0,0,0,0,0,0,0,0,0",
		"0,0,0,0,0,0,0,0,0,0,0,0,0,0,0,0,0,0,0,0,0,0,0,0",
		"0,0,0,0,0,0,0,0,0,0,0,0,0,0,0,0,0,0,0,0,0,0,0,0",
		"0,0,0,0,0,0,0,0,0,0,0,0,0,0,0,0,0,0,0,0,0,0,0,0",
		"0,0,0,0,0,0,0,0,0,0,0,0,0,0,0,0,0,0,0,0,0,0,0,0",
		"0,0,0,0,0,0,0,0,0,0,0,0,0,0,0,0,0,0,0,0,0,0,0,0"],
		"StaticItems": [{
			"MapObject": "tree",
			"Positions": [[1, 4],
			[1, 5],
			[1, 6],
			[1, 7],
			[1, 8],
			[1, 9],
			[1, 10],
			[0, 3],
			[0, 4],
			[0, 5],
			[0, 6],
			[0, 7],
			[0, 8],
			[0, 9],
			[0, 10],
			[0, 11],
			[0, 15],
			[1, 19],
			[0, 19],
			[0, 18],
			[0, 17],
			[0, 16],
			[0, 14],
			[0, 13],
			[0, 12],
			[1, 11],
			[1, 12],
			[1, 13],
			[1, 14],
			[1, 15],
			[1, 16],
			[1, 17],
			[1, 18],
			[3, 19],
			[2, 19],
			[4, 19],
			[5, 19],
			[0, 1],
			[4, 0],
			[5, 0],
			[6, 0],
			[7, 0],
			[8, 0],
			[9, 0],
			[10, 0],
			[11, 0],
			[11, 1],
			[10, 1],
			[9, 1],
			[8, 1],
			[7, 1],
			[6, 1],
			[5, 1],
			[4, 1],
			[3, 0],
			[2, 0],
			[2, 1],
			[3, 1],
			[14, 0],
			[15, 0],
			[16, 0],
			[17, 0],
			[18, 0],
			[19, 0],
			[20, 0],
			[21, 1],
			[22, 1],
			[23, 0],
			[22, 0],
			[21, 0],
			[14, 1],
			[15, 1],
			[16, 1],
			[17, 1],
			[18, 1],
			[19, 1],
			[20, 1],
			[22, 7],
			[22, 8],
			[22, 2],
			[22, 3],
			[22, 4],
			[22, 5],
			[22, 6],
			[23, 1],
			[23, 2],
			[23, 3],
			[23, 4],
			[23, 5],
			[23, 6],
			[23, 7],
			[23, 8],
			[23, 9],
			[23, 10],
			[23, 11],
			[23, 12],
			[23, 13],
			[22, 9],
			[22, 10],
			[22, 12],
			[22, 13],
			[22, 14],
			[22, 15],
			[22, 16],
			[22, 17],
			[22, 11],
			[23, 14],
			[23, 15],
			[23, 16],
			[23, 17],
			[23, 18],
			[23, 19],
			[22, 18],
			[22, 19],
			[21, 19],
			[20, 19],
			[19, 19],
			[18, 19]]
		},
		{
			"MapObject": "column",
			"Positions": [[4, 7],
			[13, 7]]
		},
		{
			"MapObject": "tree",
			"Positions": [[1, 0]]
		},
		{
			"MapObject": "tree",
			"Positions": [[1, 1]]
		},
		{
			"MapObject": "tree",
			"Positions": [[0, 0]]
		},
		{
			"MapObject": "tree",
			"Positions": [[0, 2]]
		},
		{
			"MapObject": "tree",
			"Positions": [[1, 2]]
		},
		{
			"MapObject": "tree",
			"Positions": [[1, 3]]
		},
		{
			"MapObject": "table_wood",
			"Positions": [[5, 11]]
		},
		{
			"MapObject": "table_wood",
			"Positions": [[6, 11]]
		},
		{
			"MapObject": "table_wood",
			"Positions": [[7, 11]]
		},
		{
			"MapObject": "table_wood",
			"Positions": [[8, 11]]
		},
		{
			"MapObject": "table_wood",
			"Positions": [[13, 16]]
		},
		{
			"MapObject": "table_wood",
			"Positions": [[14, 16]]
		},
		{
			"MapObject": "table_wood",
			"Positions": [[15, 16],
			[17, 16],
			[18, 16]]
		},
		{
			"MapObject": "barrel",
			"Positions": [[9, 11]]
		},
		{
			"MapObject": "barrel",
			"Positions": [[5, 14]]
		},
		{
			"MapObject": "box_red",
			"Positions": [[16, 16]]
		},
		{
			"MapObject": "tree_autumn",
			"Positions": [[5, 12]]
		},
		{
			"MapObject": "tree_autumn",
			"Positions": [[6, 12]]
		},
		{
			"MapObject": "tree_autumn",
			"Positions": [[7, 12]]
		},
		{
			"MapObject": "tree_autumn",
			"Positions": [[8, 12]]
		},
		{
			"MapObject": "tree_autumn",
			"Positions": [[8, 13]]
		},
		{
			"MapObject": "tree_autumn",
			"Positions": [[7, 13]]
		},
		{
			"MapObject": "tree_autumn",
			"Positions": [[6, 13]]
		},
		{
			"MapObject": "tree_autumn",
			"Positions": [[5, 13]]
		}],
		"StaticCharacters": [{
			"Index": 1,
			"Positions": [[13, 17]]
		},
		{
			"Index": 2,
			"Positions": [[5, 10]]
		}],
		"StaticObjectives": [],
		"StaticKeys": [],
		"Start": [6, 8],
		"Exits": [{
			"Rect": [11,
			0,
			3,
			2],
			"Mission": 5,
			"Hidden": false
		},
		{
			"Rect": [5,
			5,
			4,
			2],
			"Mission": 3,
			"Hidden": false
		}]
	},
	{
		"Title": "1F",
		"Description": "",
		"Type": "Static",
		"Width": 16,
		"Height": 16,
		"ExitStyle": "hazard",
		"KeyStyle": "office",
		"Objectives": [],
		"Enemies": [],
		"SpecialChars": [],
		"MapObjectDensities": [],
		"EnemyDensity": 0,
		"Weapons": ["Knife",
		"Machine gun",
		"Grenades",
		"Flamer",
		"Shotgun",
		"Powergun",
		"Shrapnel bombs",
		"Molotovs",
		"Sniper rifle",
		"Prox. mine",
		"Dynamite",
		"Chemo bombs",
		"Petrify gun",
		"Browny gun",
		"Confusion bombs",
		"Chemo gun",
		"Pulse rifle",
		"Heatseeker",
		"Swarmer",
		"Launcher",
		"Pistol"],
		"Song": "",
		"TileClasses": {
			"2": {
				"Name": "",
				"Type": "",
				"Style": "recessed",
				"Mask": "808080ff",
				"MaskAlt": "008400ff",
				"CanWalk": false,
				"IsOpaque": false,
				"Shootable": false,
				"IsRoom": false
			},
			"1": {
				"Name": "tile",
				"Type": "Floor",
				"Style": "striped",
				"Mask": "d7c98eff",
				"MaskAlt": "008400ff",
				"CanWalk": true,
				"IsOpaque": false,
				"Shootable": false,
				"IsRoom": false
			},
			"0": {
				"Name": "wall",
				"Type": "Wall",
				"Style": "brick",
				"Mask": "848484ff",
				"MaskAlt": "008400ff",
				"CanWalk": false,
				"IsOpaque": true,
				"Shootable": true,
				"IsRoom": false
			}
		},
		"Tiles": ["2,2,2,2,2,2,2,2,2,2,2,2,2,2,2,2",
		"2,2,2,2,2,2,2,2,2,2,2,2,2,2,2,2",
		"2,2,2,2,2,2,2,2,2,2,2,2,2,2,2,2",
		"2,2,2,0,0,0,0,0,0,0,0,0,0,2,2,2",
		"2,2,2,0,1,1,1,1,1,1,1,1,0,2,2,2",
		"2,2,2,0,1,1,1,1,1,1,1,1,0,2,2,2",
		"2,2,2,0,1,1,1,1,1,1,1,1,0,2,2,2",
		"2,2,2,0,1,1,1,1,1,1,1,1,0,2,2,2",
		"2,2,2,0,1,1,1,1,1,1,1,1,0,2,2,2",
		"2,2,2,0,1,1,1,1,1,1,1,1,0,2,2,2",
		"2,2,2,0,1,1,1,1,1,1,1,1,0,2,2,2",
		"2,2,2,0,1,1,1,1,1,1,1,1,0,2,2,2",
		"2,2,2,0,2,2,2,2,2,2,2,2,0,2,2,2",
		"2,2,2,2,2,2,2,2,2,2,2,2,2,2,2,2",
		"2,2,2,2,2,2,2,2,2,2,2,2,2,2,2,2",
		"2,2,2,2,2,2,2,2,2,2,2,2,2,2,2,2"],
		"Access": ["0,0,0,0,0,0,0,0,0,0,0,0,0,0,0,0",
		"0,0,0,0,0,0,0,0,0,0,0,0,0,0,0,0",
		"0,0,0,0,0,0,0,0,0,0,0,0,0,0,0,0",
		"0,0,0,0,0,0,0,0,0,0,0,0,0,0,0,0",
		"0,0,0,0,0,0,0,0,0,0,0,0,0,0,0,0",
		"0,0,0,0,0,0,0,0,0,0,0,0,0,0,0,0",
		"0,0,0,0,0,0,0,0,0,0,0,0,0,0,0,0",
		"0,0,0,0,0,0,0,0,0,0,0,0,0,0,0,0",
		"0,0,0,0,0,0,0,0,0,0,0,0,0,0,0,0",
		"0,0,0,0,0,0,0,0,0,0,0,0,0,0,0,0",
		"0,0,0,0,0,0,0,0,0,0,0,0,0,0,0,0",
		"0,0,0,0,0,0,0,0,0,0,0,0,0,0,0,0",
		"0,0,0,0,0,0,0,0,0,0,0,0,0,0,0,0",
		"0,0,0,0,0,0,0,0,0,0,0,0,0,0,0,0",
		"0,0,0,0,0,0,0,0,0,0,0,0,0,0,0,0",
		"0,0,0,0,0,0,0,0,0,0,0,0,0,0,0,0"],
		"StaticItems": [{
			"MapObject": "bookshelf2",
			"Positions": [[4, 4],
			[5, 4]]
		},
		{
			"MapObject": "table_wood_round_terminal",
			"Positions": [[7, 4]]
		},
		{
			"MapObject": "wscreen1",
			"Positions": [[9, 4],
			[11, 4]]
		},
		{
			"MapObject": "table_wood",
			"Positions": [[7, 9],
			[8, 9],
			[8, 8],
			[7, 8]]
		},
		{
			"MapObject": "chair",
			"Positions": [[6, 8],
			[6, 9],
			[9, 8],
			[9, 9]]
		}],
		"StaticCharacters": [{
			"Index": 2,
			"Positions": [[10, 8]]
		}],
		"StaticObjectives": [],
		"StaticKeys": [],
		"Start": [7, 6],
		"Exits": [{
			"Rect": [5,
			10,
			3,
			2],
			"Mission": 2,
			"Hidden": false
		},
		{
			"Rect": [10,
			3,
			2,
			2],
			"Mission": 4,
			"Hidden": false
		}]
	},
	{
		"Title": "2F",
		"Description": "",
		"Type": "Static",
		"Width": 16,
		"Height": 16,
		"ExitStyle": "hazard",
		"KeyStyle": "office",
		"Objectives": [],
		"Enemies": [],
		"SpecialChars": [],
		"MapObjectDensities": [],
		"EnemyDensity": 0,
		"Weapons": ["Knife",
		"Machine gun",
		"Grenades",
		"Flamer",
		"Shotgun",
		"Powergun",
		"Shrapnel bombs",
		"Molotovs",
		"Sniper rifle",
		"Prox. mine",
		"Dynamite",
		"Chemo bombs",
		"Petrify gun",
		"Browny gun",
		"Confusion bombs",
		"Chemo gun",
		"Pulse rifle",
		"Heatseeker",
		"Swarmer",
		"Launcher",
		"Pistol"],
		"Song": "",
		"TileClasses": {
			"2": {
				"Name": "",
				"Type": "",
				"Style": "recessed",
				"Mask": "808080ff",
				"MaskAlt": "008400ff",
				"CanWalk": false,
				"IsOpaque": false,
				"Shootable": false,
				"IsRoom": false
			},
			"1": {
				"Name": "tile",
				"Type": "Floor",
				"Style": "striped",
				"Mask": "d7c98eff",
				"MaskAlt": "008400ff",
				"CanWalk": true,
				"IsOpaque": false,
				"Shootable": false,
				"IsRoom": false
			},
			"0": {
				"Name": "wall",
				"Type": "Wall",
				"Style": "brick",
				"Mask": "848484ff",
				"MaskAlt": "008400ff",
				"CanWalk": false,
				"IsOpaque": true,
				"Shootable": true,
				"IsRoom": false
			}
		},
		"Tiles": ["2,2,2,2,2,2,2,2,2,2,2,2,2,2,2,2",
		"2,2,2,2,2,2,2,2,2,2,2,2,2,2,2,2",
		"2,2,2,2,2,2,2,2,2,2,2,2,2,2,2,2",
		"2,2,2,0,0,0,0,0,0,0,0,0,0,2,2,2",
		"2,2,2,0,1,1,1,1,1,1,1,1,0,2,2,2",
		"2,2,2,0,1,1,1,1,1,1,1,1,0,2,2,2",
		"2,2,2,0,1,1,1,1,1,1,1,1,0,2,2,2",
		"2,2,2,0,1,1,1,1,1,1,1,1,0,2,2,2",
		"2,2,2,0,1,1,1,1,1,1,1,1,0,2,2,2",
		"2,2,2,0,1,1,1,1,1,1,1,1,0,2,2,2",
		"2,2,2,0,1,1,1,1,1,1,1,1,0,2,2,2",
		"2,2,2,0,1,1,1,1,1,1,1,1,0,2,2,2",
		"2,2,2,0,2,2,2,2,2,2,2,2,0,2,2,2",
		"2,2,2,2,2,2,2,2,2,2,2,2,2,2,2,2",
		"2,2,2,2,2,2,2,2,2,2,2,2,2,2,2,2",
		"2,2,2,2,2,2,2,2,2,2,2,2,2,2,2,2"],
		"Access": ["0,0,0,0,0,0,0,0,0,0,0,0,0,0,0,0",
		"0,0,0,0,0,0,0,0,0,0,0,0,0,0,0,0",
		"0,0,0,0,0,0,0,0,0,0,0,0,0,0,0,0",
		"0,0,0,0,0,0,0,0,0,0,0,0,0,0,0,0",
		"0,0,0,0,0,0,0,0,0,0,0,0,0,0,0,0",
		"0,0,0,0,0,0,0,0,0,0,0,0,0,0,0,0",
		"0,0,0,0,0,0,0,0,0,0,0,0,0,0,0,0",
		"0,0,0,0,0,0,0,0,0,0,0,0,0,0,0,0",
		"0,0,0,0,0,0,0,0,0,0,0,0,0,0,0,0",
		"0,0,0,0,0,0,0,0,0,0,0,0,0,0,0,0",
		"0,0,0,0,0,0,0,0,0,0,0,0,0,0,0,0",
		"0,0,0,0,0,0,0,0,0,0,0,0,0,0,0,0",
		"0,0,0,0,0,0,0,0,0,0,0,0,0,0,0,0",
		"0,0,0,0,0,0,0,0,0,0,0,0,0,0,0,0",
		"0,0,0,0,0,0,0,0,0,0,0,0,0,0,0,0",
		"0,0,0,0,0,0,0,0,0,0,0,0,0,0,0,0"],
		"StaticItems": [{
			"MapObject": "wscreen1",
			"Positions": [[9, 4],
			[11, 4]]
		},
		{
			"MapObject": "terminal",
			"Positions": [[4, 4]]
		},
		{
			"MapObject": "table_steel",
			"Positions": [[5, 4],
			[6, 4]]
		},
		{
			"MapObject": "table_wood_round_clothed",
			"Positions": [[4, 11]]
		},
		{
			"MapObject": "table_wood_round_terminal",
			"Positions": [[7, 8]]
		},
		{
			"MapObject": "plant",
			"Positions": [[10, 11]]
		},
		{
			"MapObject": "floor_console",
			"Positions": [[7, 9]]
		}],
		"StaticCharacters": [],
		"StaticObjectives": [],
		"StaticKeys": [],
		"Start": [9, 8],
		"Exits": [{
			"Rect": [10,
			3,
			2,
			2],
			"Mission": 3,
			"Hidden": false
		}]
	}]
}