{
	"Version": 13,
	"Characters": [{
		"Class": "Ogre",
		"HairType": "mohawk",
		"Skin": "9c589cff",
		"Arms": "9c589cff",
		"Body": "9c5858ff",
		"Legs": "9c5858ff",
		"Hair": "9c0000ff",
		"Feet": "9c5858ff",
		"speed": 384,
		"Gun": "Monster Bite",
		"maxHealth": 40,
		"flags": 0,
		"probabilityToMove": 70,
		"probabilityToTrack": 30,
		"probabilityToShoot": 0,
		"actionDelay": 15
	},
	{
		"Class": "Ogre",
		"Skin": "d25106ff",
		"Arms": "ff8136ff",
		"Body": "ff8136ff",
		"Legs": "ff8136ff",
		"Hair": "c00000ff",
		"Feet": "ff8136ff",
		"speed": 320,
		"Gun": "Monster Bite",
		"maxHealth": 20,
		"flags": 0,
		"probabilityToMove": 60,
		"probabilityToTrack": 25,
		"probabilityToShoot": 0,
		"actionDelay": 15
	},
	{
		"Class": "Jones",
		"HairType": "flattop",
		"Skin": "ff8136ff",
		"Arms": "b79536ff",
		"Body": "b79536ff",
		"Legs": "b79536ff",
		"Hair": "882800ff",
		"Feet": "b79536ff",
		"speed": 256,
		"Gun": "Machine gun",
		"maxHealth": 20,
		"flags": 0,
		"probabilityToMove": 25,
		"probabilityToTrack": 15,
		"probabilityToShoot": 27,
		"actionDelay": 15
	},
	{
		"Class": "Soldier",
		"HairType": "peak_cap",
		"Skin": "ff8136ff",
		"Arms": "b79536ff",
		"Body": "b79536ff",
		"Legs": "b79536ff",
		"Hair": "b98c00ff",
		"Feet": "b79536ff",
		"speed": 256,
		"Gun": "Machine gun",
		"maxHealth": 30,
		"flags": 0,
		"probabilityToMove": 20,
		"probabilityToTrack": 15,
		"probabilityToShoot": 37,
		"actionDelay": 15
	},
	{
		"Class": "Jones",
		"HairType": "eye_patch",
		"Skin": "ff8136ff",
		"Arms": "b79536ff",
		"Body": "b79536ff",
		"Legs": "b79536ff",
		"Hair": "000000ff",
		"Feet": "b79536ff",
		"speed": 320,
		"Gun": "Khanjali",
		"maxHealth": 30,
		"flags": 0,
		"probabilityToMove": 50,
		"probabilityToTrack": 15,
		"probabilityToShoot": 0,
		"actionDelay": 15
	},
	{
		"Class": "Cyborg",
		"PlayerTemplateName": "Kardausar Colonel",
		"HairType": "cyborg",
		"Skin": "e29b31ff",
		"Arms": "363636ff",
		"Body": "363636ff",
		"Legs": "363636ff",
		"Hair": "052020ff",
		"Feet": "363636ff",
		"speed": 320,
		"Gun": "Lasergun",
		"maxHealth": 40,
		"flags": 131072,
		"probabilityToMove": 40,
		"probabilityToTrack": 25,
		"probabilityToShoot": 27,
		"actionDelay": 15
	},
	{
		"Class": "Jones",
		"PlayerTemplateName": "Kardausar Private",
		"HairType": "hazmat",
		"Skin": "3f3f3fff",
		"Arms": "363636ff",
		"Body": "363636ff",
		"Legs": "363636ff",
		"Hair": "38ff35ff",
		"Feet": "363636ff",
		"speed": 192,
		"Gun": "Machine gun",
		"maxHealth": 20,
		"flags": 131072,
		"probabilityToMove": 50,
		"probabilityToTrack": 20,
		"probabilityToShoot": 32,
		"actionDelay": 15
	},
	{
		"Class": "Jones",
		"HairType": "flattop",
		"Skin": "ff8136ff",
		"Arms": "b79536ff",
		"Body": "9c9c9cff",
		"Legs": "b79536ff",
		"Hair": "ff6c00ff",
		"Feet": "b79536ff",
		"speed": 448,
		"Gun": "Projector",
		"maxHealth": 180,
		"flags": 0,
		"probabilityToMove": 40,
		"probabilityToTrack": 25,
		"probabilityToShoot": 37,
		"actionDelay": 3
	},
	{
		"Class": "Jones",
		"HairType": "beard",
		"Skin": "ffffffff",
		"Arms": "9c9c9cff",
		"Body": "9c9c9cff",
		"Legs": "9c9c9cff",
		"Hair": "27282aff",
		"Feet": "9c9c9cff",
		"speed": 320,
		"Gun": "Wurmtooth",
		"maxHealth": 30,
		"flags": 2048,
		"probabilityToMove": 50,
		"probabilityToTrack": 15,
		"probabilityToShoot": 0,
		"actionDelay": 15
	},
	{
		"Class": "Cyborg",
		"Skin": "882800ff",
		"Arms": "9c9c9cff",
		"Body": "9c9c9cff",
		"Legs": "9c9c9cff",
		"Hair": "4b6affff",
		"Feet": "9c9c9cff",
		"speed": 320,
		"Gun": "Wurmtooth",
		"maxHealth": 30,
		"flags": 0,
		"probabilityToMove": 50,
		"probabilityToTrack": 15,
		"probabilityToShoot": 0,
		"actionDelay": 15
	},
	{
		"Class": "Cyborg",
		"Skin": "d25106ff",
		"Arms": "9c9c9cff",
		"Body": "9c0000ff",
		"Legs": "9c9c9cff",
		"Hair": "3ba3ffff",
		"Feet": "9c9c9cff",
		"speed": 320,
		"Gun": "Projector",
		"maxHealth": 40,
		"flags": 0,
		"probabilityToMove": 30,
		"probabilityToTrack": 15,
		"probabilityToShoot": 7,
		"actionDelay": 15
	},
	{
		"Class": "Jones",
		"HairType": "beard",
		"Skin": "ffffffff",
		"Arms": "9c9c9cff",
		"Body": "9c0000ff",
		"Legs": "9c9c9cff",
		"Hair": "141415ff",
		"Feet": "9c9c9cff",
		"speed": 320,
		"Gun": "Projector",
		"maxHealth": 40,
		"flags": 2048,
		"probabilityToMove": 30,
		"probabilityToTrack": 20,
		"probabilityToShoot": 7,
		"actionDelay": 15
	},
	{
		"Class": "Cyborg",
		"Skin": "80653cff",
		"Arms": "9c9c9cff",
		"Body": "58589cff",
		"Legs": "9c9c9cff",
		"Hair": "5f76ffff",
		"Feet": "9c9c9cff",
		"speed": 384,
		"Gun": "Lasergun",
		"maxHealth": 50,
		"flags": 0,
		"probabilityToMove": 30,
		"probabilityToTrack": 15,
		"probabilityToShoot": 17,
		"actionDelay": 15
	},
	{
		"Class": "Jones",
		"HairType": "donut",
		"Skin": "d25106ff",
		"Arms": "9c9c9cff",
		"Body": "9c9c9cff",
		"Legs": "9c9c9cff",
		"Hair": "c6c6c6ff",
		"Feet": "9c9c9cff",
		"speed": 448,
		"Gun": "Projector",
		"maxHealth": 280,
		"flags": 0,
		"probabilityToMove": 40,
		"probabilityToTrack": 25,
		"probabilityToShoot": 32,
		"actionDelay": 5
	},
	{
		"Class": "Cyborg",
		"HairType": "cyborg",
		"Skin": "9c6d13ff",
		"Arms": "363636ff",
		"Body": "363636ff",
		"Legs": "363636ff",
		"Hair": "001500ff",
		"Feet": "363636ff",
		"speed": 320,
		"Gun": "Inkvine",
		"maxHealth": 50,
		"flags": 1966080,
		"probabilityToMove": 40,
		"probabilityToTrack": 25,
		"probabilityToShoot": 25,
		"actionDelay": 8
	},
	{
		"Class": "Cyborg",
		"HairType": "hazmat",
		"Skin": "2e2e2eff",
		"Arms": "363636ff",
		"Body": "363636ff",
		"Legs": "363636ff",
		"Hair": "00ff00ff",
		"Feet": "363636ff",
		"speed": 320,
		"Gun": "Inkvine",
		"maxHealth": 50,
		"flags": 655360,
		"probabilityToMove": 40,
		"probabilityToTrack": 25,
		"probabilityToShoot": 25,
		"actionDelay": 8
	},
	{
		"Class": "Jones",
		"PlayerTemplateName": "Kardausar Captain",
		"HairType": "hazmat",
		"Skin": "9c6513ff",
		"Arms": "363636ff",
		"Body": "363636ff",
		"Legs": "363636ff",
		"Hair": "0ecd00ff",
		"Feet": "363636ff",
		"speed": 192,
		"Gun": "Machine gun",
		"maxHealth": 20,
		"flags": 131072,
		"probabilityToMove": 50,
		"probabilityToTrack": 20,
		"probabilityToShoot": 32,
		"actionDelay": 15
	},
	{
		"Class": "Jones",
		"PlayerTemplateName": "Kardausar Bator",
		"HairType": "eye_patch",
		"Skin": "149c14ff",
		"Arms": "363636ff",
		"Body": "363636ff",
		"Legs": "363636ff",
		"Hair": "100f0fff",
		"Feet": "363636ff",
		"speed": 192,
		"Gun": "Machine gun",
		"maxHealth": 20,
		"flags": 131072,
		"probabilityToMove": 50,
		"probabilityToTrack": 20,
		"probabilityToShoot": 32,
		"actionDelay": 15
	}]
}