<?xml version="1.0" encoding="UTF-8"?>
<addon
  id="audiodecoder.vgmstream"
  version="20.2.0"
  name="VGM Audio Decoder"
  provider-name="spiff">
  <requires>
<import addon="kodi.binary.global.main" minversion="2.0.0" version="2.0.2"/>
<import addon="kodi.binary.global.general" minversion="1.0.4" version="1.0.5"/>
<import addon="kodi.binary.global.filesystem" minversion="1.1.7" version="1.1.8"/>
<import addon="kodi.binary.instance.audiodecoder" minversion="4.0.0" version="4.0.0"/></requires>
  <extension
    point="kodi.audiodecoder"
    name="vgm"
    tags="true"
    library_linux="audiodecoder.vgmstream.so.20.2.0">
    <support>
      <extension name=".aax"/>
      <extension name=".acm">
        <description>30101</description>
      </extension>
      <extension name=".adp"/>
      <extension name=".ads"/>
      <extension name=".adx"/>
      <extension name=".afc"/>
      <extension name=".agsc"/>
      <extension name=".ahx"/>
      <extension name=".aifc"/>
      <extension name=".aix"/>
      <extension name=".amts"/>
      <extension name=".as4"/>
      <extension name=".asd"/>
      <extension name=".asf"/>
      <extension name=".asr"/>
      <extension name=".ass"/>
      <extension name=".ast"/>
      <extension name=".aud"/>
      <extension name=".aus"/>
      <extension name=".bg00"/>
      <extension name=".bgw"/>
      <extension name=".bh2pcm"/>
      <extension name=".bmdx"/>
      <extension name=".brstm"/>
      <extension name=".capdsp"/>
      <extension name=".ccc"/>
      <extension name=".cfn"/>
      <extension name=".cnk"/>
      <extension name=".dcs"/>
      <extension name=".de2"/>
      <extension name=".dsp"/>
      <extension name=".dvi"/>
      <extension name=".dxh"/>
      <extension name=".eam"/>
      <extension name=".emff"/>
      <extension name=".enth"/>
      <extension name=".fag"/>
      <extension name=".filp"/>
      <extension name=".fsb"/>
      <extension name=".gbts"/>
      <extension name=".gca"/>
      <extension name=".gcm"/>
      <extension name=".gcw"/>
      <extension name=".genh"/>
      <extension name=".gms"/>
      <extension name=".gsb"/>
      <extension name=".hgc1"/>
      <extension name=".hps"/>
      <extension name=".idsp"/>
      <extension name=".idvi"/>
      <extension name=".ikm"/>
      <extension name=".ild"/>
      <extension name=".int"/>
      <extension name=".isd"/>
      <extension name=".ivb"/>
      <extension name=".joe"/>
      <extension name=".kces"/>
      <extension name=".kcey"/>
      <extension name=".kraw"/>
      <extension name=".leg"/>
      <extension name=".logg"/>
      <extension name=".lwav"/>
      <extension name=".matx"/>
      <extension name=".mi4"/>
      <extension name=".mib"/>
      <extension name=".mic"/>
      <extension name=".mihb"/>
      <extension name=".mpdsp"/>
      <extension name=".mss"/>
      <extension name=".msvp"/>
      <extension name=".mus"/>
      <extension name=".musc"/>
      <extension name=".musx"/>
      <extension name=".mwv"/>
      <extension name=".npsf"/>
      <extension name=".nwa"/>
      <extension name=".omu"/>
      <extension name=".p2bt"/>
      <extension name=".pcm"/>
      <extension name=".pdt"/>
      <extension name=".pnb"/>
      <extension name=".pos"/>
      <extension name=".psh"/>
      <extension name=".pws"/>
      <extension name=".raw"/>
      <extension name=".rkv"/>
      <extension name=".rnd"/>
      <extension name=".rsd"/>
      <extension name=".rsf"/>
      <extension name=".rstm"/>
      <extension name=".rwsd"/>
      <extension name=".rwav"/>
      <extension name=".rws"/>
      <extension name=".rwx"/>
      <extension name=".rxw"/>
      <extension name=".sad"/>
      <extension name=".sdt"/>
      <extension name=".seg"/>
      <extension name=".sfl"/>
      <extension name=".sfs"/>
      <extension name=".sl3"/>
      <extension name=".sli"/>
      <extension name=".smp"/>
      <extension name=".sng"/>
      <extension name=".spd"/>
      <extension name=".spsd"/>
      <extension name=".spw"/>
      <extension name=".ss2"/>
      <extension name=".ss7"/>
      <extension name=".ssm"/>
      <extension name=".stma"/>
      <extension name=".str"/>
      <extension name=".strm"/>
      <extension name=".sts"/>
      <extension name=".svag"/>
      <extension name=".svs"/>
      <extension name=".swd"/>
      <extension name=".tec"/>
      <extension name=".thp"/>
      <extension name=".tydsp"/>
      <extension name=".um3"/>
      <extension name=".vag"/>
      <extension name=".vas"/>
      <extension name=".vgs"/>
      <extension name=".vig"/>
      <extension name=".vpk"/>
      <extension name=".vs"/>
      <extension name=".waa"/>
      <extension name=".wac"/>
      <extension name=".wad"/>
      <extension name=".wam"/>
      <extension name=".wavm"/>
      <extension name=".wp2"/>
      <extension name=".wsi"/>
      <extension name=".wvs"/>
      <extension name=".xa"/>
      <extension name=".xa2"/>
      <extension name=".xa30"/>
      <extension name=".xmu"/>
      <extension name=".xsp"/>
      <extension name=".xss"/>
      <extension name=".xvas"/>
      <extension name=".xwav"/>
      <extension name=".xwb"/>
      <extension name=".ydsp"/>
      <extension name=".ymf"/>
      <extension name=".zwdsp">
        <description>30246</description>
      </extension>
    </support>
  </extension>
  <extension point="xbmc.addon.metadata">
    <platform>linux</platform>
    <license>GPL-2.0-or-later</license>
    <source>https://github.com/xbmc/audiodecoder.vgmstream</source>
    <assets>
      <icon>icon.png</icon>
    </assets>
    <summary lang="ca_ES">Descodificador d&apos;àudio VGM</summary>
    <summary lang="da_DK">VGM lydafkoder</summary>
    <summary lang="de_DE">VGM Audio Decoder</summary>
    <summary lang="en_GB">VGM Audio Decoder</summary>
    <summary lang="es_ES">Decodificador de Audio VGM</summary>
    <summary lang="es_MX">Decodificador de audio VGM</summary>
    <summary lang="et_EE">VGM helidekooder</summary>
    <summary lang="fi_FI">VGM (Video Game Music) -äänidekooderi</summary>
    <summary lang="fr_FR">Décodeur audio VGM</summary>
    <summary lang="hr_HR">VGM zvučni dekôder</summary>
    <summary lang="it_IT">VGM Audio Decoder</summary>
    <summary lang="ko_KR">VGM 오디오 디코더</summary>
    <summary lang="nl_NL">VGM audio-decoder</summary>
    <summary lang="pl_PL">Dekoder dźwięku VGM</summary>
    <summary lang="ru_RU">Аудиодекодер VGM</summary>
    <summary lang="zh_CN">VGM 音频解码器</summary>
    <description lang="ca_ES">El descodificador d&apos;àudio Video Game Music (VGM) és una biblioteca per reproduir una gran varietat de formats d&apos;àudio utilitzats en videojocs.</description>
    <description lang="da_DK">Video Game Music (VGM) lydafkoder er et bibliotek til afspilning af en lang række lydformater, der bruges i videospil.</description>
    <description lang="de_DE">Video Game Music (VGM) Audio Decoder ist eine Bibliothek zum Abspielen einer Vielzahl von Audioformaten, die in Videospielen verwendet werden.</description>
    <description lang="en_GB">Video Game Music (VGM) Audio Decoder is a library for playing a wide variety of audio formats used in video games.</description>
    <description lang="es_ES">El decodificador de audio Video Game Music (VGM) es una librería para reproducir una amplia variedad de formatos de audio utilizados en videojuegos.</description>
    <description lang="es_MX">El decodificador de audio Video Game Music (VGM, Música de VIdeo Juego) es una librería para reproducir una amplia variedad de formatos de audio utilizados en videojuegos.</description>
    <description lang="fi_FI">Video Game Music (VGM) -äänidekooderi on kirjasto monien videopeleissä käytettyjen äänimuotojen toistoon.</description>
    <description lang="fr_FR">Video Game Music Audio Decoder (VGM) est une bibliothèque permettant de lire une grande variété de formats audio utilisés dans les jeux vidéo.</description>
    <description lang="hr_HR">Video Game Music (VGM) zvučni dekôder je bilioteka za reprodukciju širokog spektra zvučnih formata korištenih u video igrama.</description>
    <description lang="it_IT">Video Game Music (VGM) Audio Decoder è una libreria per la riproduzione di un&apos;ampia varietà di formati audio utilizzati nei videogiochi.</description>
    <description lang="ko_KR">VGM(비디오 게임 음악) 오디오 디코더는 비디오 게임에 사용되는 다양한 오디오 형식을 재생하기 위한 라이브러리입니다.</description>
    <description lang="nl_NL">Video Game Muziek (VGM) Audio-decoder is een bibliotheek voor het afspelen van een grote varieteit in audioformats gebruikt in videospellen.</description>
    <description lang="pl_PL">Dekoder dźwięku Video Game Music (VGM) to biblioteka do odtwarzania szerokiej gamy formatów audio używanych w grach wideo.</description>
    <description lang="ru_RU">Аудиодекодер Video Game Music (VGM) - это библиотека для воспроизведения широкого спектра звуковых форматов, используемых в видеоиграх.</description>
    <description lang="zh_CN">视频游戏音乐（VGM）音频解码器是一个用于播放视频游戏中使用的各种音频格式的库。</description>
  </extension>
</addon>
