<?xml version="1.0" ?>
<!DOCTYPE msxconfig SYSTEM 'msxconfig2.dtd'>
<msxconfig>

  <info>
    <manufacturer>Al Alamiah</manufacturer>
    <code>AX170</code>
    <release_year>1986</release_year>
    <description>Arabic MSX1 machine.</description>
    <type>MSX</type>
  </info>

  <!-- Thanks to Werner Kai for his information
       Based on serial 02- 58662962
       Mainboard says UF0896B1

       Information from serial 02- 59983501:
       see: http://bilgisayarlarim.com/alAlamiah/AX_170

       MSX-ENGINE: Toshiba T7937A
  -->

  <CassettePort/>

  <devices>

    <T7937 id="T7937">
      <subtype>A</subtype>
    </T7937>

    <PPI id="ppi">
      <sound>
        <volume>16000</volume>
      </sound>
      <io base="0xA8" num="4"/>
      <keyboard_type>ar_eu</keyboard_type>
      <has_keypad>false</has_keypad>
      <key_ghosting_sgc_protected>true</key_ghosting_sgc_protected>
      <code_kana_locks>false</code_kana_locks>
      <graph_locks>false</graph_locks>
    </PPI>

    <VDP id="VDP">
      <version>T7937APAL</version>
      <io base="0x98" num="2"/>
    </VDP>

    <PSG id="PSG">
      <type>AY8910</type>
      <sound>
        <volume>21000</volume>
      </sound>
      <io base="0xA0" num="2" type="O"/>
      <io base="0xA2" num="1" type="I"/>
      <ignorePortDirections>true</ignorePortDirections> <!-- not sure, but guess based on use of Engine IC -->
    </PSG>

    <PrinterPort id="Printer Port">
      <io base="0x90" num="2"/>
    </PrinterPort>

    <primary slot="0">
      <ROM id="MSX BIOS with BASIC ROM">
        <rom>
          <filename>ax170_basic-bios1.rom</filename>
          <sha1>5e094fca95ab8e91873ee372a3f1239b9a48a48d</sha1>
        </rom>
        <mem base="0x0000" size="0x8000"/>
      </ROM>
    </primary>

    <primary slot="1">
      <secondary slot="0">
        <ROM id="Arabic ROM">
          <rom>
            <filename>ax170_arabic.rom</filename>
            <sha1>0287b2ec897b9196788cd9f10c99e1487d7adbbb</sha1>
          </rom>
          <mem base="0x0000" size="0x10000"/>
        </ROM>
      </secondary>
    </primary>

    <primary external="true" slot="2"/>

    <primary slot="3">

      <secondary slot="0">
        <RAM id="Main RAM">
          <mem base="0x0000" size="0x10000"/>
        </RAM>
      </secondary>

      <secondary external="true" slot="3"/>

    </primary>

  </devices>

</msxconfig>
