<?xml version="1.0" ?>
<!DOCTYPE msxconfig SYSTEM 'msxconfig2.dtd'>
<msxconfig>

  <info>
    <manufacturer>openMSX Team</manufacturer>
    <code>Boosted MSX2 EN</code>
    <release_year>2004</release_year>
    <description>A super-charged Philips NMS 8250</description>
    <type>MSX2</type>
  </info>

  <MapperReadBackBits>largest</MapperReadBackBits>

  <CassettePort/>

  <devices>

    <primary slot="0">
      <ROM id="MSX BIOS with BASIC ROM">
        <mem base="0x0000" size="0x8000"/>
        <rom>
          <sha1>6103b39f1e38d1aa2d84b1c3219c44f1abb5436e</sha1>
          <filename>nms8250_basic-bios2.rom</filename>
        </rom>
      </ROM>
    </primary>

    <primary slot="1" external="true"/>

    <primary slot="2">

      <secondary slot="0" external="true"/>

      <secondary slot="1" external="true"/>

      <secondary slot="2">
        <MegaRam id="MegaRam">
          <io base="0x8e" num="1"/>
          <mem base="0x0000" size="0x10000"/>
          <size>512</size>
        </MegaRam>
      </secondary>

       <secondary slot="3">
        <SCCplus id="Konami SCC+ Cartridge with expanded RAM">
          <mem base="0x4000" size="0x8000"/>
          <subtype>expanded</subtype>
          <sound>
            <volume>13000</volume>
          </sound>
        </SCCplus>
      </secondary>

    </primary>

    <primary slot="3">

      <secondary slot="0">
        <ROM id="MSX Sub ROM">
          <mem base="0x0000" size="0x10000"/> <!-- it is mirrored all over the slot -->
          <rom>
            <sha1>5c1f9c7fb655e43d38e5dd1fcc6b942b2ff68b02</sha1>
            <filename>nms8250_msx2sub.rom</filename>
          </rom>
        </ROM>
      </secondary>

       <secondary slot="1">
        <FMPAC id="PanaSoft SW-M004 FMPAC">
          <io base="0x7C" num="2" type="O"/>
          <mem base="0x4000" size="0x4000"/>
          <sound>
            <volume>13000</volume>
            <balance>-75</balance>
          </sound>
          <ym2413-core>NukeYKT</ym2413-core>
          <rom>
            <sha1>fec451b9256570a0e4869355a40329c57f40705f</sha1> <!-- EPROM dump, same as 9d789, but then the memory mapped registers are 0xFF -->
            <sha1>9d789166e3caf28e4742fe933d962e99618c633d</sha1>
            <filename>fmpac.rom</filename>
          </rom>
          <sramname>fmpac.pac</sramname>
        </FMPAC>
        <ROM id="BASIC Compiler">
          <rom>
            <filename>phc-70fd2_basickun.rom</filename>
            <sha1>22b3191d865010264001b9d896186a9818478a6b</sha1>
          </rom>
          <mem base="0x8000" size="0x4000"/>
        </ROM>
    </secondary>

     <secondary slot="2">
        <MemoryMapper id="Main RAM">
          <mem base="0x0000" size="0x10000"/>
          <size>2048</size>
          <initialContent encoding="gz-base64">eNpj+M8wouEI9z4DAJBx/wE=</initialContent> <!-- (chr(0) + chr(255)) * 128 + (chr(255)+ chr(0)) * 128) -->
        </MemoryMapper>
      </secondary>

      <secondary slot="3">
        <WD2793 id="Memory Mapped FDC">
          <connectionstyle>Philips</connectionstyle>
          <mem base="0x0000" size="0x10000"/>
          <!-- See 8250 config for info on mirroring stuff -->
          <rom>
            <sha1>dab3e6f36843392665b71b04178aadd8762c6589</sha1>
            <sha1>c3efedda7ab947a06d9345f7b8261076fa7ceeef</sha1>
            <filename>nms8250_disk.rom</filename>
          </rom>
          <drives>2</drives>
        </WD2793>
      </secondary>

    </primary>

    <PPI id="ppi">
      <io base="0xA8" num="4"/>
      <sound>
        <volume>16000</volume>
      </sound>
      <key_ghosting>false</key_ghosting>
      <keyboard_type>int</keyboard_type>
      <has_keypad>true</has_keypad>
      <key_ghosting_sgc_protected>true</key_ghosting_sgc_protected>
      <code_kana_locks>false</code_kana_locks>
      <graph_locks>false</graph_locks>
    </PPI>

    <VDP id="VDP">
      <io base="0x98" num="4" type="O"/>
      <io base="0x98" num="2" type="I"/>
      <version>V9958</version>
      <vram>192</vram>
    </VDP>

    <PSG id="PSG">
      <type>YM2149</type>
      <io base="0xA0" num="2" type="O"/>
      <io base="0xA2" num="1" type="I"/>
      <sound>
        <volume>21000</volume>
      </sound>
      <ignorePortDirections>true</ignorePortDirections> <!-- highest compatibility -->
    </PSG>

    <PSG id="PSG 2">
      <io base="0x10" num="2" type="O"/>
      <io base="0x12" num="1" type="I"/>
      <sound>
        <volume>21000</volume>
      </sound>
    </PSG>

    <RTC id="Real time clock">
      <io base="0xB4" num="2" type="O"/>
      <io base="0xB5" num="1" type="I"/>
      <sramname>Boosted_MSX2_EN.cmos</sramname>
    </RTC>

    <PrinterPort id="Printer Port">
      <io base="0x90" num="2"/>
    </PrinterPort>

    <MSX-AUDIO id="Generic MSX-Audio">
      <io base="0xC0" num="2"/>
      <io base="0x0A" num="1" type="O"/>
      <type>Philips</type>
      <sound>
        <volume>12000</volume>
        <balance>75</balance>
      </sound>
      <sampleram>256</sampleram>
    </MSX-AUDIO>

    <MusicModuleMIDI id="Generic MSX-Audio-MIDI">
      <io base="0x00" num="2" type="O"/>
      <io base="0x04" num="2" type="I"/>
    </MusicModuleMIDI>

    <MoonSound id="Sunrise MoonSound">
      <io base="0x7e" num="2"/>
      <io base="0xc4" num="4"/>
      <rom>
        <sha1>32760893ce06dbe3930627755ba065cc3d8ec6ca</sha1>
        <filename>yrw801.rom</filename>
      </rom>
      <sound>
        <volume>17000</volume>
      </sound>
      <sampleram>640</sampleram>
    </MoonSound>

    <V9990 id="Sunrise GFX9000">
      <io base="0x60" num="0x0f"/>
    </V9990>
    <Video9000 id="Video9000">
      <io base="0x6f" num="0x01"/>
      <device idref="VDP"/>
      <device idref="Sunrise GFX9000"/>
    </Video9000>

  </devices>

</msxconfig>
