<?xml version="1.0" ?>
<!DOCTYPE msxconfig SYSTEM 'msxconfig2.dtd'>
<msxconfig>

  <info>
    <manufacturer>C-BIOS</manufacturer>
    <code>MSX2 JP</code>
    <release_year>2010</release_year>
    <description>An MSX2 machine using C-BIOS, with a Japanese keyboard layout and 60Hz interrupt frequency.</description>
    <type>MSX2</type>
  </info>

  <MapperReadBackBits>largest</MapperReadBackBits>

  <CassettePort/>

  <devices>

    <primary slot="0">
      <ROM id="C-BIOS Main ROM JP">
        <mem base="0x0000" size="0x8000"/>
        <rom>
          <sha1>47cc280f0d8b0611fdb1069e6fd7b854cae93546</sha1>
          <filename>cbios_main_msx2_jp.rom</filename>
        </rom>
      </ROM>

      <ROM id="C-BIOS Logo ROM">
        <mem base="0x8000" size="0x4000"/>
        <rom>
          <sha1>d4e5b98ce23573669fb44447582d656e390791c0</sha1>
          <filename>cbios_logo_msx2.rom</filename>
        </rom>
      </ROM>
    </primary>

    <primary external="true" slot="1"/>

    <primary external="true" slot="2"/>

    <primary slot="3">

      <secondary slot="0">
        <ROM id="C-BIOS Sub ROM">
          <mem base="0x0000" size="0x4000"/>
          <rom>
            <sha1>2fcb40413e7d373f0f2dbdc815ce18746ddf3684</sha1>
            <filename>cbios_sub.rom</filename>
          </rom>
        </ROM>
      </secondary>

      <secondary slot="2">
        <MemoryMapper id="Main RAM">
          <mem base="0x0000" size="0x10000"/>
          <size>512</size>
        </MemoryMapper>
      </secondary>

    </primary>

    <PPI id="ppi">
      <io base="0xA8" num="4"/>
      <sound>
        <volume>16000</volume>
      </sound>
      <key_ghosting>false</key_ghosting>
      <keyboard_type>jp_ansi</keyboard_type>
      <has_keypad>true</has_keypad>
      <code_kana_locks>true</code_kana_locks>
      <graph_locks>false</graph_locks>
    </PPI>

    <VDP id="VDP">
      <io base="0x98" num="4" type="O"/>
      <io base="0x98" num="2" type="I"/>
      <version>V9938</version>
      <vram>128</vram>
    </VDP>

    <PSG id="PSG">
      <type>YM2149</type>
      <keyboardlayout>50on</keyboardlayout>
      <io base="0xA0" num="2" type="O"/>
      <io base="0xA2" num="1" type="I"/>
      <sound>
        <volume>21000</volume>
      </sound>
    </PSG>

    <RTC id="Real time clock">
      <io base="0xB4" num="2" type="O"/>
      <io base="0xB5" num="1" type="I"/>
      <sramname>cbios-msx2_jp.cmos</sramname>
    </RTC>

    <PrinterPort id="Printer Port">
      <io base="0x90" num="2"/>
    </PrinterPort>

  </devices>

</msxconfig>
