<?xml version="1.0" ?>
<!DOCTYPE msxconfig SYSTEM 'msxconfig2.dtd'>
<msxconfig>

  <info>
    <manufacturer>Daewoo</manufacturer>
    <code>CPC-300E</code>
    <release_year>1986</release_year>
    <description>The educational version of the CPC-300</description>
    <type>MSX2</type>
  </info>

  <CassettePort/>

  <JoystickPorts/> <!-- no joystick ports -->

  <devices>

    <S1985 id="S1985"> <!-- includes 5 bits mapper-read-back -->
      <sramname>cpc-300e_s1985.sram</sramname>
    </S1985>

    <PPI id="ppi">
      <sound>
        <volume>16000</volume>
      </sound>
      <io base="0xA8" num="4"/>
      <keyboard_type>kr</keyboard_type>
      <has_keypad>true</has_keypad>
      <key_ghosting_sgc_protected>false</key_ghosting_sgc_protected>
      <code_kana_locks>true</code_kana_locks>
      <graph_locks>false</graph_locks>
    </PPI>

    <VDP id="VDP">
      <version>V9938</version>
      <vram>128</vram>
      <io base="0x98" num="8" type="O"/> <!-- S-1985 mirrors -->
      <io base="0x98" num="8" type="I"/> <!-- S-1985 mirrors -->
    </VDP>

    <PSG id="PSG">
      <type>YM2149</type> <!-- in S-1985 MSX-ENGINE -->
      <sound>
        <volume>21000</volume>
      </sound>
      <io base="0xA0" num="2" type="O"/>
      <io base="0xA2" num="1" type="I"/>
      <ignorePortDirections>true</ignorePortDirections> <!-- not sure, but guess based on use of Engine IC -->
    </PSG>

    <PrinterPort id="Printer Port">
      <io base="0x90" num="2"/>
    </PrinterPort>

    <primary slot="0">

      <secondary slot="0">
        <ROM id="MSX BIOS with BASIC ROM">
          <rom>
            <filename>cpc-300e_basic-bios2.rom</filename>
            <sha1>affa3c5cd8db79a1450ad8a7f405a425b251653d</sha1>
          </rom>
          <mem base="0x0000" size="0x8000"/>
        </ROM>
      </secondary>

      <secondary slot="1">
        <ROM id="MSX Hangul Driver">
          <rom>
            <filename>cpc-300e_hangul.rom</filename>
            <sha1>47a9d9a24e4fc6f9467c6e7d61a02d45f5a753ef</sha1>
          </rom>
          <mem base="0x4000" size="0x8000"/>
        </ROM>
      </secondary>

      <secondary slot="2">
        <MemoryMapper id="Main RAM">
          <size>64</size>
          <mem base="0x0000" size="0x10000"/>
        </MemoryMapper>
      </secondary>

      <secondary slot="3">
        <ROM id="MSX Sub ROM">
          <rom>
            <filename>cpc-300e_msx2sub.rom</filename>
            <sha1>09f7d788698a23aa7eec140237e907d4c37cbfe0</sha1>
          </rom>
          <mem base="0x0000" size="0x8000"/>
        </ROM>
      </secondary>

    </primary>

    <primary external="true" slot="1"/>

    <primary slot="2"/>

    <!-- Note: this connector is actually a non-standard expansion connector on the back -->
    <primary external="true" slot="3"/>

  </devices>

</msxconfig>
