<?xml version="1.0" ?>
<!DOCTYPE msxconfig SYSTEM 'msxconfig2.dtd'>
<msxconfig>

  <info>
    <manufacturer>Fenner</manufacturer>
    <code>SPC-800</code>
    <release_year></release_year>
    <description>Samsung MSX1 for the European/Western market.</description>
    <type>MSX</type>
  </info>

<!-- Ricardo Jurczyk Pinheiro / Werner Kai:
Serial: 64644

CPU: GSS Z8400A PS Z80A
PPI: NEC D8255AC-2 8512E5
PSG: GI AY-3-8910A

has expansion bus on the back
mobo says: Samsung SPC-800UD

z80 scf: 01ED29ED01FC29FC (standard)
z80 cpl: 3AFF12D7 (standard)
z80 out (c),0: 0 (MSX)
PSG pin 6/7 quierk: C (YES)

-->

  <CassettePort/>

  <devices>

    <primary slot="0">
      <ROM id="MSX BIOS with BASIC ROM">
        <mem base="0x0000" size="0x8000"/>
        <rom>
          <sha1>8963fc041975f31dc2ab1019cfdd4967999de53e</sha1>
          <filename>spc-800_basic-bios1.rom</filename>
        </rom>
      </ROM>
    </primary>

    <primary external="true" slot="1"/>

    <primary slot="2">

      <RAM id="Main RAM">
        <mem base="0x0000" size="0x10000"/>
      </RAM>

    </primary>

    <!-- Note: this connector is actually a non-standard expansion connector on the back -->
    <primary external="true" slot="3"/>

    <PPI id="ppi">
      <io base="0xA8" num="4"/>
      <sound>
        <volume>16000</volume>
      </sound>
      <keyboard_type>gb</keyboard_type>
      <has_keypad>false</has_keypad>
      <key_ghosting_sgc_protected>true</key_ghosting_sgc_protected>
      <code_kana_locks>false</code_kana_locks>
      <graph_locks>false</graph_locks>
    </PPI>

    <VDP id="VDP">
      <io base="0x98" num="2"/>
      <version>TMS9129</version> <!-- NO 4k/16k effect, NO latch, HAS sprite clones, has screen 2 mirrored mode, HAS mode 3 mixed mode -->
    </VDP>

    <PSG id="PSG">
      <type>AY8910</type>
      <io base="0xA0" num="2" type="O"/>
      <io base="0xA2" num="1" type="I"/>
      <sound>
        <volume>21000</volume>
      </sound>
      <ignorePortDirections>false</ignorePortDirections> <!-- not sure, but guess based on discrete PSG chip -->
    </PSG>

    <PrinterPort id="Printer Port">
      <io base="0x90" num="2"/>
    </PrinterPort>

  </devices>

</msxconfig>
