<?xml version="1.0" ?>
<!DOCTYPE msxconfig SYSTEM 'msxconfig2.dtd'>
<msxconfig>

  <info>
    <manufacturer>Goldstar</manufacturer>
    <code>FC-200</code>
    <release_year>1984?</release_year>
    <description/>
    <type>MSX</type>
  </info>

  <CassettePort/>

  <devices>

    <PPI id="ppi">
      <sound>
        <volume>16000</volume>
      </sound>
      <io base="0xA8" num="4"/>
      <keyboard_type>int</keyboard_type>
      <has_keypad>false</has_keypad>
      <key_ghosting_sgc_protected>true</key_ghosting_sgc_protected>
      <code_kana_locks>false</code_kana_locks>
      <graph_locks>false</graph_locks>
    </PPI>

    <VDP id="VDP">
      <version>TMS9129</version>
      <io base="0x98" num="2"/>
    </VDP>

    <PSG id="PSG">
      <sound>
        <volume>21000</volume>
      </sound>
      <io base="0xA0" num="2" type="O"/>
      <io base="0xA2" num="1" type="I"/>
      <ignorePortDirections>false</ignorePortDirections> <!-- not sure, but guess based on discrete PSG chip -->
    </PSG>

    <PrinterPort id="Printer Port">
      <io base="0x90" num="2"/>
    </PrinterPort>

    <primary slot="0">
      <ROM id="MSX BIOS with BASIC ROM">
        <rom>
          <filename>fc-200_basic-bios1.rom</filename>
          <sha1>829c00c3114f25b3dae5157c0a238b52a3ac37db</sha1>
        </rom>
        <mem base="0x0000" size="0x8000"/>
      </ROM>
    </primary>

    <primary external="true" slot="1"/>

    <primary slot="2">
      <RAM id="Main RAM">
        <mem base="0x0000" size="0x10000"/>
      </RAM>
    </primary>

    <!-- Note: this connector is actually a non-standard expansion connector on the back -->
    <primary external="true" slot="3"/>

  </devices>

</msxconfig>
