<?xml version="1.0" ?>
<!DOCTYPE msxconfig SYSTEM 'msxconfig2.dtd'>
<msxconfig>

  <info>
    <manufacturer>Goldstar</manufacturer>
    <code>FC-80U</code>
    <release_year></release_year>
    <description>Basically a Daewoo IQ-1000 (DPC-200) with Hangul BIOS ROM 2.0</description>
    <type>MSX</type>
  </info>

  <CassettePort/>

  <devices>

    <PPI id="ppi">
      <sound>
        <volume>16000</volume>
      </sound>
      <io base="0xA8" num="4"/>
      <keyboard_type>kr</keyboard_type>
      <has_keypad>false</has_keypad>
      <key_ghosting_sgc_protected>false</key_ghosting_sgc_protected>
      <code_kana_locks>true</code_kana_locks>
      <graph_locks>false</graph_locks>
    </PPI>

    <VDP id="VDP">
      <version>TMS99X8A</version>
      <io base="0x98" num="2"/>
    </VDP>

    <PSG id="PSG">
      <sound>
        <volume>21000</volume>
      </sound>
      <io base="0xA0" num="2" type="O"/>
      <io base="0xA2" num="1" type="I"/>
      <ignorePortDirections>false</ignorePortDirections> <!-- not sure, but guess based on discrete PSG chip -->
    </PSG>

    <PrinterPort id="Printer Port">
      <io base="0x90" num="2"/>
    </PrinterPort>

    <primary slot="0">
      <ROM id="MSX BIOS with BASIC ROM">
        <rom>
          <filename>fc-80u_basic-bios1.rom</filename>
          <sha1>171b587bd5a947a13f3114120b6e7baca3b57d78</sha1> <!-- Same as Daewoo DPC-100/180/200 (IQ-1000) -->
        </rom>
        <mem base="0x0000" size="0x8000"/>
      </ROM>
      <ROM id="MSX Hangul Driver">
        <rom>
          <filename>fc-80u_hangul.rom</filename>
          <sha1>58dbe73ae80c2c409e766c3ace730ecd7bec89d0</sha1>
        </rom>
        <mem base="0x8000" size="0x2000"/>
      </ROM>
    </primary>

    <primary external="true" slot="1"/>

    <primary slot="2">
      <RAM id="Main RAM">
        <mem base="0x0000" size="0x10000"/>
      </RAM>
    </primary>

    <!-- Note: this connector is actually a non-standard expansion connector on the back -->
    <primary external="true" slot="3"/>

  </devices>

</msxconfig>
