<?xml version="1.0" ?>
<!DOCTYPE msxconfig SYSTEM 'msxconfig2.dtd'>
<msxconfig>

  <info>
    <manufacturer>Gradiente</manufacturer>
    <code>Expert GPC-1</code>
    <release_year>1987</release_year>
    <description>The follow up of the Brazillian Gradiente XP-800 (1.0), also known as Expert 1.1</description>
    <type>MSX</type>
  </info>

  <CassettePort/>

  <devices>

    <PPI id="ppi">
      <sound>
        <volume>16000</volume>
      </sound>
      <io base="0xA8" num="4"/>
      <keyboard_type>br_gradiente_1_1</keyboard_type> <!-- rom-bios keyboard type indicates international but the actual mapping tables are brazilian -->
      <has_keypad>true</has_keypad>
      <key_ghosting_sgc_protected>true</key_ghosting_sgc_protected>
      <code_kana_locks>false</code_kana_locks>
      <graph_locks>false</graph_locks>
      <!-- Note that this machine does not have a CAPS lock LED -->
    </PPI>

    <VDP id="VDP">
      <version>TMS9128</version>
      <io base="0x98" num="2"/>
      <saturation>95</saturation>
    </VDP>

    <PSG id="PSG">
      <sound>
        <volume>21000</volume>
      </sound>
      <io base="0xA0" num="2" type="O"/>
      <io base="0xA2" num="1" type="I"/>
      <ignorePortDirections>false</ignorePortDirections> <!-- not sure, but guess based on discrete PSG chip -->
    </PSG>

    <PrinterPort id="Printer Port">
      <io base="0x90" num="2"/>
    </PrinterPort>

    <primary slot="0">
      <ROM id="MSX BIOS with BASIC ROM">
        <rom>
          <filename>expert_1.1_basic-bios1.rom</filename>
          <sha1>d6720845928ee848cfa88a86accb067397685f02</sha1>
        </rom>
        <mem base="0x0000" size="0x8000"/>
      </ROM>
    </primary>

    <primary external="true" slot="1"/>

    <primary slot="2">
      <RAM id="Main RAM">
        <mem base="0x0000" size="0x10000"/>
      </RAM>
    </primary>

    <primary external="true" slot="3"/>

  </devices>

</msxconfig>
