<?xml version="1.0" ?>
<!DOCTYPE msxconfig SYSTEM 'msxconfig2.dtd'>
<msxconfig>

  <info>
    <manufacturer>Sanyo</manufacturer>
    <code>PHC-28L</code>
    <release_year>?</release_year>
    <description>French MSX machine (upgrade of the PHC-28S).</description>
    <type>MSX</type>
  </info>

  <CassettePort/>

  <devices>

    <PPI id="ppi">
      <sound>
        <volume>16000</volume>
      </sound>
      <io base="0xA8" num="4"/>
      <keyboard_type>fr</keyboard_type>
      <has_keypad>false</has_keypad>
      <key_ghosting_sgc_protected>true</key_ghosting_sgc_protected>
      <code_kana_locks>false</code_kana_locks> <!-- not tested -->
      <graph_locks>false</graph_locks> <!-- not tested -->
    </PPI>

    <VDP id="VDP">
      <version>TMS9929A</version>
      <io base="0x98" num="2"/>
      <saturation>100</saturation> <!-- TMS9x2x and RGB output -->
    </VDP>

    <PSG id="PSG">
      <type>YM2149</type>
      <sound>
        <volume>21000</volume>
      </sound>
      <io base="0xA0" num="2" type="O"/>
      <io base="0xA2" num="1" type="I"/>
      <ignorePortDirections>false</ignorePortDirections> <!-- not sure, but guess based on discrete PSG chip -->
    </PSG>

    <PrinterPort id="Printer Port">
      <io base="0x90" num="2"/>
    </PrinterPort>

    <primary slot="0">
      <ROM id="MSX BIOS with BASIC ROM">
        <rom>
          <filename>phc-28l_basic-bios1.rom</filename>
          <sha1>d3af963e2529662eae63f04a2530454685a1989f</sha1> <!-- Data taken from Jetze's machine -->
        </rom>
        <mem base="0x0000" size="0x8000"/>
      </ROM>
    </primary>

    <primary external="true" slot="1"/>

    <primary external="true" slot="2"/>

    <primary slot="3">

      <RAM id="Main RAM">
        <mem base="0x0000" size="0x10000"/>
      </RAM>

    </primary>

  </devices>

</msxconfig>
