<?xml version="1.0" ?>
<!DOCTYPE msxconfig SYSTEM 'msxconfig2.dtd'>
<msxconfig>

  <info>
    <manufacturer>Sony</manufacturer>
    <code>HB-F1XD</code>
    <release_year>1987</release_year>
    <description/>
    <type>MSX2</type>
  </info>

  <RenShaTurbo>
    <min_ints>47</min_ints>
    <max_ints>221</max_ints>
  </RenShaTurbo>

  <CassettePort/>

  <devices>

    <S1985 id="S1985"> <!-- includes 5 bits mapper-read-back -->
      <sramname>hb-f1xd_s1985.sram</sramname>
    </S1985>

    <PPI id="ppi">
      <sound>
        <volume>16000</volume>
      </sound>
      <io base="0xA8" num="4"/>
      <keyboard_type>jp_jis</keyboard_type>
      <has_keypad>true</has_keypad>
      <key_ghosting_sgc_protected>false</key_ghosting_sgc_protected>
      <code_kana_locks>true</code_kana_locks>
      <graph_locks>false</graph_locks>
    </PPI>

    <VDP id="VDP">
      <version>V9938</version>
      <vram>128</vram>
      <io base="0x98" num="8" type="O"/> <!-- S-1985 mirrors -->
      <io base="0x98" num="8" type="I"/> <!-- S-1985 mirrors -->
    </VDP>

    <PSG id="PSG">
      <type>YM2149</type> <!-- in S-1985 MSX-ENGINE -->
      <keyboardlayout>JIS</keyboardlayout>
      <sound>
        <volume>21000</volume>
      </sound>
      <io base="0xA0" num="2" type="O"/>
      <io base="0xA2" num="1" type="I"/>
      <ignorePortDirections>true</ignorePortDirections> <!-- not sure, but guess based on use of Engine IC -->
    </PSG>

    <RTC id="Real time clock">
      <sramname>hb-f1xd.cmos</sramname>
      <io base="0xB4" num="2" type="O"/>
      <io base="0xB5" num="1" type="I"/>
    </RTC>

    <PrinterPort id="Printer Port">
      <io base="0x90" num="2"/>
    </PrinterPort>

    <primary slot="0">
      <ROM id="MSX BIOS with BASIC ROM">
        <rom>
          <filename>hb-f1xd_basic-bios2.rom</filename>
          <sha1>4ce41fcc1a603411ec4e99556409c442078f0ecf</sha1>
        </rom>
        <mem base="0x0000" size="0x8000"/>
      </ROM>
    </primary>

    <primary external="true" slot="1"/>

    <primary external="true" slot="2"/>

    <primary slot="3">

      <secondary slot="0">
        <ROM id="MSX Sub ROM">
          <rom>
            <filename>hb-f1xd_msx2sub.rom</filename>
            <sha1>0fbd45ef3dd7bb82d4c31f1947884f411f1ca344</sha1>
          </rom>
          <mem base="0x0000" size="0x4000"/>
        </ROM>
        <WD2793 id="Memory Mapped FDC">
          <connectionstyle>Sony</connectionstyle>
          <motor_off_timeout_ms>4000</motor_off_timeout_ms>
          <drives>1</drives>
          <rom>
            <filename>hb-f1xd_disk.rom</filename>
            <sha1>12f2cc79b3d09723840bae774be48c0d721ec1c6</sha1>
          </rom>
          <mem base="0x4000" size="0x8000"/>
        </WD2793>
      </secondary>

      <secondary slot="1"/>

      <secondary slot="2"/>

      <secondary slot="3">
        <RAM id="Main RAM">
          <mem base="0x0000" size="0x10000"/>
          <initialContent encoding="gz-base64">eJxjYBhY8H+AAQAioH+B</initialContent> <!-- ((chr(0) * 128) + (chr(255) * 128)), on Peter Hanraets' machine -->
        </RAM>
      </secondary>

    </primary>

  </devices>

</msxconfig>
