<?xml version="1.0" ?>
<!DOCTYPE msxconfig SYSTEM 'msxconfig2.dtd'>
<msxconfig>

  <info>
    <manufacturer>Sony</manufacturer>
    <code>HB-101P</code>
    <release_year>1985?</release_year>
    <description/>
    <type>MSX</type>
  </info>

<!--
Info from serial 408477, see http://bilgisayarlarim.com/Sony/HB-101P
CPU: Sharp LH0080A Z80A-CPU-D
VDP: TMS9129NL
PPI: NEC D8255AC-5
PSG: Yamaha YM2149F
x-tal: single 10.6875
-->

  <CassettePort/>

  <devices>

    <PPI id="ppi">
      <key_ghosting_sgc_protected>true</key_ghosting_sgc_protected>
      <sound>
        <volume>16000</volume>
      </sound>
      <io base="0xA8" num="4"/>
      <keyboard_type>int</keyboard_type>
      <has_keypad>false</has_keypad>
      <code_kana_locks>false</code_kana_locks>
      <graph_locks>false</graph_locks>
    </PPI>

    <VDP id="VDP">
      <version>TMS9129</version>
      <io base="0x98" num="2"/>
    </VDP>

    <PSG id="PSG">
      <type>YM2149</type>
      <keyboardlayout>50on</keyboardlayout>
      <sound>
        <volume>21000</volume>
      </sound>
      <io base="0xA0" num="2" type="O"/>
      <io base="0xA2" num="1" type="I"/>
      <ignorePortDirections>false</ignorePortDirections> <!-- not sure, but guess based on discrete PSG chip -->
    </PSG>

    <PrinterPort id="Printer Port">
      <io base="0x90" num="2"/>
    </PrinterPort>

    <primary slot="0">
      <RAM id="Main RAM">
        <mem base="0x8000" size="0x8000"/>
      </RAM>
      <ROM id="MSX BIOS with BASIC ROM">
        <rom>
          <filename>hb-101p_basic-bios1.rom</filename>
          <sha1>5e7c8eab238712d1e18b0219c0f4d4dae180420d</sha1> <!-- same as Sony HB-201P, verified by Ruben Arraya -->
        </rom>
        <mem base="0x0000" size="0x8000"/>
      </ROM>
    </primary>

    <primary external="true" slot="1"/>

    <primary external="true" slot="2"/>

    <primary slot="3">
      <ROM id="Personal Data Bank">
        <rom>
          <filename>hb-101p_firmware.rom</filename>
          <sha1>8ffc24677fd9d2606a79718764261cdf02434f0a</sha1> <!-- different than Sony HB-201P, verified by Ruben Arraya -->
        </rom>
        <mem base="0x4000" size="0x4000"/>
      </ROM>
    </primary>

  </devices>

</msxconfig>
