<!--
theme name:		Switch
version:		2.0
author:			Lilbud
email:			bvw20002010@gmail.com
license:		creative commons CC-BY-NC-SA
based on:       Switch Theme for Launchbox by Grila
-->

<theme>
	<formatVersion>7</formatVersion>
	
	<view name="detailed, video">	

<!-------------PLAYERS------------------->		
		<text name="md_lbl_players">
			<pos>0.657 0.3207</pos>
		</text>
		
		<text name="md_players">
			<pos>0.80 0.3107</pos>
		</text>
<!-------------GENRE--------------------->		
		<text name="md_lbl_genre">
			<pos>0.657 0.2705</pos>
		</text>
		
		<text name="md_genre">
			<pos>0.80 0.2605</pos>
		</text>
<!-------------DEVELOPER----------------->		
		<text name="md_lbl_developer">
			<pos>0.657 0.170</pos>
		</text>
		
		<text name="md_developer">
			<pos>0.80 0.190</pos>
			<size>0.1 0.020</size>
		</text>
<!-------------RELEASE------------------->		
		<datetime name="md_releasedate">
			<pos>0.80 0.212</pos>
		</datetime>
		
		<text name="md_lbl_releasedate">
			<pos>0.657 0.222</pos>
		</text>
<!-------------LAST PLAYED--------------->		
		<datetime name="md_lastplayed">
			<pos>1 1</pos>
		</datetime>

</view>
       <view name="grid">
       <text name="md_description, md_lbl_players, md_players, md_lbl_developer, md_developer, md_lbl_publisher, md_publsher, md_lbl_genre, md_genre, md_lbl_playcount, md_playcount, md_lbl_lastplayed, md_lbl_releasedate, md_lbl_rating">
	        <pos>1 1</pos>
       </text>
       <datetime name="md_lastplayed, md_releasedate">
	        <pos>1 1</pos>
       </datetime>
       <rating name="md_rating">
	       <pos>1 1</pos>
           </rating>

</view>

</theme>
		
		