<!--
theme name:		Switch
version:		2.0
author:			Lilbud
email:			bvw20002010@gmail.com
license:		creative commons CC-BY-NC-SA
based on:       Switch Theme for Launchbox by Grila
-->

<theme>
	<formatVersion>4</formatVersion>
	
	<view name="system, basic, detailed, video">

		<image name="gamelistbuttons, systembuttons" extra="true">
			<pos>0.988 0.95</pos>
			<origin>1.0 0.5</origin>
			<size>0.75 0.038</size>	
		</image>
		
		<image name="arrowblock" extra="true">
			<size>0.029 0.047</size>
		</image>	
		
		<text name="system_name_1" extra="true">
			<size>0.743 0.015</size>
			<pos>0.07 0.235</pos>
		</text>

	</view>

	<view name="detailed, video">	

<!-------------PLAYERS------------------->		
		<text name="md_lbl_players">
			<pos>0.657 0.336</pos>
		</text>
		
		<text name="md_players">
			<pos>0.74 0.3285</pos>
		</text>
<!-------------GENRE--------------------->		
		<text name="md_lbl_genre">
			<pos>0.657 0.287</pos>
		</text>
		
		<text name="md_genre">
			<pos>0.73 0.292</pos>
			<size>0.2 0.028</size>
		</text>
<!-------------DEVELOPER----------------->		
		<text name="md_lbl_developer">
			<pos>0.657 0.189</pos>
		</text>
		
		<text name="md_developer">
			<pos>0.770 0.194</pos>
			<size>0.2 0.028</size>
		</text>
<!-------------RELEASE------------------->		
		<text name="md_lbl_releasedate">
			<pos>0.657 0.238</pos>
		</text>
		
		<datetime name="md_releasedate">
			<pos>0.758 0.2306</pos>
		</datetime>
<!-------------LAST PLAYED--------------->		
		<datetime name="md_lastplayed">
			<pos>1 1</pos>
		</datetime>
</view>
</theme>
		
		