<!--
theme name:		Switch
version:		3.0
author:			Lilbud
email:			bvw20002010@gmail.com
license:		creative commons CC-BY-NC-SA
based on:       Switch Theme for Launchbox by Grila
-->

<theme>
	<formatVersion>7</formatVersion>
	
	<view name="detailed, video">
		
	<text name="md_description">
		<forceUppercase>0</forceUppercase>
		<fontSize>0.025</fontSize>
		<size>0.309 0.336</size>
		<pos>0.657 0.387</pos>
	</text>
	</view>
	
	<view name="detailed">
	<image name="md_image">
		<pos>0.360 0.180</pos>
		<maxSize>0.277 0.615</maxSize>
		<origin>0 0</origin>
	</image>
	</view>
	
	<view name="video">
	
	<image name="md_marquee">
		<origin>0.5 0.5</origin>
		<pos>0.494 0.68</pos>
		<maxSize>0.268 0.228</maxSize>
	</image>
	  	  
	<video name="md_video">
		<pos>0.494 0.358</pos>
		<maxSize>0.268 0.367</maxSize>
		<origin>0.5 0.5</origin>
		<delay>1.5</delay>
		<showSnapshotNoVideo>true</showSnapshotNoVideo>
		<showSnapshotDelay>true</showSnapshotDelay>
	</video>
    </view>	
	
	<view name="basic, detailed, video">

	<text name="md_lbl_releasedate, md_lbl_developer, md_lbl_genre, md_lbl_players, md_lbl_lastplayed, md_lbl_playcount, md_developer, md_genre, md_players, md_playcount, md_releasedate, md_description" extra="true">
		<forceUppercase>0</forceUppercase>
		<fontSize>0.028</fontSize>
		<fontPath>${mainFont}</fontPath>
	</text>
		
	<text name="md_lbl_lastplayed, md_lbl_publisher, md_publsher, md_lbl_rating, md_lbl_playcount, md_playcount">
		<pos>1 1</pos>
	</text>
	</view>
  
</theme>
