<!--
theme name:		Switch
version:		3.0
author:			Lilbud
email:			bvw20002010@gmail.com
license:		creative commons CC-BY-NC-SA
based on:       Switch Theme for Launchbox by Grila
-->

<theme>
	<formatVersion>7</formatVersion>
	
	<view name="detailed, video">
	<text name="md_description">
	    <pos>1 1</pos>
	</text>
	</view>
	
	<view name="detailed">
	<image name="md_image">
	    <origin>0.5 0.5</origin>
	    <pos>0.775 0.4915</pos>
	    <maxSize>0.5167 0.6556</maxSize>
    </image>
	</view>
	
    <view name="video">	
	<image name="md_marquee">
	   <origin>0.5 0.5</origin>
	   <pos>0.494 0.68</pos>
	   <maxSize>0.268 0.228</maxSize>
    </image>
	  	  
	<video name="md_video">
	    <origin>0.5 0.5</origin>
        <pos>0.775 0.4915</pos>
        <maxSize>0.5167 0.6556</maxSize>
		<delay>1.5</delay>
		<showSnapshotNoVideo>true</showSnapshotNoVideo>
		<showSnapshotDelay>true</showSnapshotDelay>
	</video>
	</view>
	<view name="basic, detailed, video">

<text name="md_description, md_lbl_players, md_players, md_lbl_developer, md_developer, md_lbl_publisher, md_publsher, md_lbl_genre, md_genre, md_lbl_playcount, md_playcount, md_lbl_lastplayed, md_lbl_releasedate, md_lbl_rating">
	<pos>1 1</pos>
</text>
<datetime name="md_lastplayed, md_releasedate">
	<pos>1 1</pos>
</datetime>
<rating name="md_rating">
	<pos>1 1</pos>
</rating>
</view>

</theme>
