<!--
theme name:		Switch
version:		3.0
author:			Lilbud
email:			bvw20002010@gmail.com
license:		creative commons CC-BY-NC-SA
based on:       Switch Theme for Launchbox by Grila
-->

<theme>
	<formatVersion>7</formatVersion>
	
	<view name="basic, detailed, video">
	<textlist name="gamelist">
		<fontSize>0.033</fontSize>
	</textlist>	
	</view>
	
	<view name="detailed, video">
	<textlist name="gamelist">
		<pos>0.04 0.182</pos>
		<size>0.31 0.682</size>
		<selectorHeight>0.09</selectorHeight>
	</textlist>	
	</view>
  
</theme>
