<!--
theme name:		Switch
version:		3.0
author:			Lilbud
email:			bvw20002010@gmail.com
license:		creative commons CC-BY-NC-SA
based on:       Switch Theme for Launchbox by Grila
-->

<theme>
	<formatVersion>7</formatVersion>
	
	<view name="basic, detailed, video">
	<textlist name="gamelist">
       <forceUppercase>1</forceUppercase>
	</textlist>	
	</view>
	
	<view name="detailed, video">	
	<textlist name="gamelist">
	    <forceUppercase>1</forceUppercase>
	</textlist>	
	</view>
	
	<view name="basic">
	<textlist name="gamelist">
        <forceUppercase>1</forceUppercase>
	</textlist>	
	</view>
  
</theme>
