<!--
theme name:		Switch
version:		2.0
author:			Lilbud
email:			bvw20002010@gmail.com
license:		creative commons CC-BY-NC-SA
based on:       Switch Theme for Launchbox by Grila
-->

<theme>
	<formatVersion>4</formatVersion>
	
		<view name="system">
		
			<image name="systembuttons" extra="true">
				<path>./../assets/buttons/Playstation_Buttons_system.svg</path>
			</image>
		
		</view>
		
		<view name="basic, detailed, video">
		
			<image name="gamelistbuttons" extra="true">
				<path>./../assets/buttons/Playstation_Buttons.svg</path>
			</image>
		
		</view>
		
</theme>