<!--
theme name:		Switch
version:		2.0
author:			Lilbud
email:			bvw20002010@gmail.com
license:		creative commons CC-BY-NC-SA
based on:       Switch Theme for Launchbox by Grila
-->

  
<?xml version="1.0" encoding="UTF-8"?>
<theme>
  <formatVersion>7</formatVersion>
  
  	<view name="system">
	<text name="system_name_1" extra="true">
		<text>${system.fullName}</text>
		<size>0.743 0.015</size>
		<pos>0.063 0.235</pos>
		<origin>0 0</origin>
		<fontSize>0.04</fontSize>
		<alignment>left</alignment>
		<fontPath>${mainFont}</fontPath>
	</text>
		
	<image name="arrowblock" extra="true">
		<pos>0.03 0.22</pos>
		<path>./assets/arrow_block.svg</path>
		<size>0.023 0.047</size>
		<origin>0 0</origin>
	</image>	
	</view>
	
	<view name="system">
	<image name="arrowblock" extra="true">
		<size>0.023 0.047</size>
	</image>	
	<text name="system_name_1" extra="true">
		<size>0.743 0.015</size>
		<pos>0.063 0.235</pos>
	</text>
	</view>
	
	<view name="basic, detailed, video">
	<text name="system_name_1" extra="true">
		<text>${system.fullName}</text>
		<forceUppercase>0</forceUppercase>
		<size>0.743 0.031</size>
		<pos>0.005 0.065</pos>
		<fontSize>0.03</fontSize>
		<alignment>left</alignment>
		<fontPath>${mainFont}</fontPath>
	</text>
	</view>
	
	<view name="grid">
	<text name="system_name_1" extra="true">
		<text>${system.fullName}</text>
		<forceUppercase>0</forceUppercase>
		<size>0.743 0.031</size>
		<pos>0.034 0.025</pos>
		<fontSize>0.03</fontSize>
		<alignment>left</alignment>
		<fontPath>${mainFont}</fontPath>
	</text>
	</view>
  
</theme>