<!--
theme name:		Switch
version:		3.0
author:			Lilbud
email:			bvw20002010@gmail.com
license:		creative commons CC-BY-NC-SA
based on:       Switch Theme for Launchbox by Grila
-->

<theme>
	<formatVersion>7</formatVersion>
	<view name="system, basic, detailed, video, grid">	

	<image name="bottomline" extra="true">
		<pos>0.5 0.9</pos>
		<tile>false</tile>
		<origin>0.5 0.5</origin>
		<size>0.98 0.005</size>
		<path>./assets/box.png</path>
	</image>
	
	<image name="topline" extra="true">
		<pos>0.5 0.13</pos>
		<tile>false</tile>
		<origin>0.5 0.5</origin>
		<size>0.98 0.005</size>
		<path>./assets/box.png</path>
	</image>
	</view>
	
  
</theme>
