<?xml version="1.0" ?>
<buttonmap>
    <device name="Sony Interactive Entertainment Wireless Controller" provider="android" vid="054C" pid="09CC" buttoncount="23" axiscount="8">
        <configuration>
            <appearance id="game.controller.ps.dualanalog" />
        </configuration>
        <controller id="game.controller.ps.dualanalog">
            <feature name="circle" button="1" />
            <feature name="cross" button="0" />
            <feature name="down" axis="+7" />
            <feature name="l3" button="16" />
            <feature name="left" axis="-6" />
            <feature name="leftbumper" button="12" />
            <feature name="leftstick">
                <up axis="-1" />
                <down axis="+1" />
                <right axis="+0" />
                <left axis="-0" />
            </feature>
            <feature name="lefttrigger" button="14" />
            <feature name="r3" button="17" />
            <feature name="right" axis="+6" />
            <feature name="rightbumper" button="13" />
            <feature name="rightstick">
                <up axis="-4" />
                <down axis="+4" />
                <right axis="+3" />
                <left axis="-3" />
            </feature>
            <feature name="righttrigger" button="15" />
            <feature name="select" button="6" />
            <feature name="square" button="3" />
            <feature name="start" button="11" />
            <feature name="triangle" button="4" />
            <feature name="up" axis="-7" />
        </controller>
    </device>
</buttonmap>
