{
	"Version": 13,
	"Characters": [{
		"Class": "Jones",
		"HairType": "flattop",
		"Skin": "ad812dff",
		"Arms": "d9c8c8ff",
		"Body": "f0f0f0ff",
		"Legs": "f7e2e2ff",
		"Hair": "b82d2dff",
		"Feet": "f7e2e2ff",
		"speed": 113,
		"Gun": "Prox. mine",
		"maxHealth": 40,
		"flags": 36308480,
		"probabilityToMove": 72,
		"probabilityToTrack": 28,
		"probabilityToShoot": 0,
		"actionDelay": 15
	},
	{
		"Class": "Ogre",
		"Skin": "15985aff",
		"Arms": "d9c8c8ff",
		"Body": "f0f0f0ff",
		"Legs": "f7e2e2ff",
		"Hair": "5a7085ff",
		"Feet": "f7e2e2ff",
		"speed": 113,
		"Gun": "Prox. mine",
		"maxHealth": 40,
		"flags": 36308480,
		"probabilityToMove": 72,
		"probabilityToTrack": 28,
		"probabilityToShoot": 0,
		"actionDelay": 15
	},
	{
		"Class": "Lady",
		"HairType": "ponytail",
		"Skin": "c28245ff",
		"Arms": "d9c8c8ff",
		"Body": "f0f0f0ff",
		"Legs": "f7e2e2ff",
		"Hair": "703b3bff",
		"Feet": "f7e2e2ff",
		"speed": 113,
		"Gun": "Prox. mine",
		"maxHealth": 40,
		"flags": 36308480,
		"probabilityToMove": 72,
		"probabilityToTrack": 28,
		"probabilityToShoot": 0,
		"actionDelay": 15
	},
	{
		"Class": "Jones",
		"HairType": "beard",
		"Skin": "ffd3b0ff",
		"Arms": "537ddeff",
		"Body": "c6dec6ff",
		"Legs": "2027faff",
		"Hair": "fc0d0dff",
		"Feet": "2027faff",
		"speed": 256,
		"Gun": "Grenades",
		"maxHealth": 100,
		"flags": 5637120,
		"probabilityToMove": 100,
		"probabilityToTrack": 0,
		"probabilityToShoot": 0,
		"actionDelay": 15
	},
	{
		"Class": "Cyborg",
		"HairType": "cyber_shades",
		"Skin": "cb9367ff",
		"Arms": "6b5d5dff",
		"Body": "c94d4dff",
		"Legs": "404040ff",
		"Hair": "f55656ff",
		"Feet": "404040ff",
		"speed": 128,
		"Gun": "Machine gun",
		"maxHealth": 30,
		"flags": 12582912,
		"probabilityToMove": 50,
		"probabilityToTrack": 25,
		"probabilityToShoot": 10,
		"actionDelay": 15
	},
	{
		"Class": "Jones",
		"HairType": "goggles",
		"Skin": "c2783dff",
		"Arms": "4d4545ff",
		"Body": "c94d4dff",
		"Legs": "404040ff",
		"Hair": "5f1f1fff",
		"Feet": "404040ff",
		"speed": 128,
		"Gun": "Powergun",
		"maxHealth": 30,
		"flags": 4194432,
		"probabilityToMove": 50,
		"probabilityToTrack": 25,
		"probabilityToShoot": 10,
		"actionDelay": 15
	},
	{
		"Class": "Jones",
		"HairType": "goggles",
		"Skin": "f0b68fff",
		"Arms": "958b8bff",
		"Body": "c94d4dff",
		"Legs": "404040ff",
		"Hair": "5f1f1fff",
		"Feet": "404040ff",
		"speed": 128,
		"Gun": "Machine gun",
		"maxHealth": 30,
		"flags": 12582912,
		"probabilityToMove": 50,
		"probabilityToTrack": 25,
		"probabilityToShoot": 10,
		"actionDelay": 15
	},
	{
		"Class": "Jones",
		"HairType": "ski_goggles",
		"Skin": "f0b68fff",
		"Arms": "9c6161ff",
		"Body": "c94d4dff",
		"Legs": "404040ff",
		"Hair": "42c916ff",
		"Feet": "404040ff",
		"speed": 128,
		"Gun": "Pulse rifle",
		"maxHealth": 30,
		"flags": 4194432,
		"probabilityToMove": 50,
		"probabilityToTrack": 25,
		"probabilityToShoot": 10,
		"actionDelay": 15
	},
	{
		"Class": "Cyborg",
		"HairType": "flattop",
		"Skin": "f0b68fff",
		"Arms": "838383ff",
		"Body": "c94d4dff",
		"Legs": "404040ff",
		"Hair": "f36b00ff",
		"Feet": "404040ff",
		"speed": 128,
		"Gun": "Petrify gun",
		"maxHealth": 30,
		"flags": 13631616,
		"probabilityToMove": 50,
		"probabilityToTrack": 25,
		"probabilityToShoot": 25,
		"actionDelay": 15
	},
	{
		"Class": "Ogre",
		"HairType": "mohawk",
		"Skin": "4761e9ff",
		"Arms": "78b1a9ff",
		"Body": "c94d4dff",
		"Legs": "404040ff",
		"Hair": "a4ff2eff",
		"Feet": "404040ff",
		"speed": 128,
		"Gun": "Pulse rifle",
		"maxHealth": 30,
		"flags": 13631616,
		"probabilityToMove": 50,
		"probabilityToTrack": 17,
		"probabilityToShoot": 25,
		"actionDelay": 26
	},
	{
		"Class": "Cyborg",
		"HairType": "beret",
		"Skin": "dbab4bff",
		"Arms": "ece3e3ff",
		"Body": "c94d4dff",
		"Legs": "404040ff",
		"Hair": "f55656ff",
		"Feet": "404040ff",
		"speed": 128,
		"Gun": "Machine gun",
		"maxHealth": 30,
		"flags": 13631616,
		"probabilityToMove": 50,
		"probabilityToTrack": 18,
		"probabilityToShoot": 20,
		"actionDelay": 22
	},
	{
		"Class": "Ogre",
		"Skin": "218e21ff",
		"Arms": "918d8dff",
		"Body": "e2d6d6ff",
		"Legs": "002669ff",
		"Hair": "1d9114ff",
		"Feet": "002669ff",
		"speed": 256,
		"Gun": "Grenades",
		"maxHealth": 40,
		"flags": 39846912,
		"probabilityToMove": 100,
		"probabilityToTrack": 0,
		"probabilityToShoot": 0,
		"actionDelay": 50
	},
	{
		"Class": "Jones",
		"HairType": "hogan",
		"Skin": "c9893fff",
		"Arms": "918d8dff",
		"Body": "8bb2d7ff",
		"Legs": "476fb1ff",
		"Hair": "d03e3eff",
		"Feet": "476fb1ff",
		"speed": 256,
		"Gun": "Grenades",
		"maxHealth": 40,
		"flags": 39912448,
		"probabilityToMove": 100,
		"probabilityToTrack": 0,
		"probabilityToShoot": 0,
		"actionDelay": 50
	},
	{
		"Class": "Lady",
		"HairType": "ponytail",
		"Skin": "c9893fff",
		"Arms": "918d8dff",
		"Body": "8b9ed7ff",
		"Legs": "004ae2ff",
		"Hair": "ffd200ff",
		"Feet": "004ae2ff",
		"speed": 256,
		"Gun": "Grenades",
		"maxHealth": 40,
		"flags": 39846912,
		"probabilityToMove": 100,
		"probabilityToTrack": 0,
		"probabilityToShoot": 0,
		"actionDelay": 50
	},
	{
		"Class": "Jones",
		"Skin": "58360dff",
		"Arms": "0c0ceeff",
		"Body": "1744f7ff",
		"Legs": "182851ff",
		"Hair": "ffd200ff",
		"Feet": "182851ff",
		"speed": 256,
		"Gun": "Grenades",
		"maxHealth": 40,
		"flags": 39846912,
		"probabilityToMove": 100,
		"probabilityToTrack": 0,
		"probabilityToShoot": 0,
		"actionDelay": 50
	},
	{
		"Class": "Lady",
		"HairType": "ponytail",
		"Skin": "9f6542ff",
		"Arms": "918d8dff",
		"Body": "cad0d7ff",
		"Legs": "476fb1ff",
		"Hair": "d03e3eff",
		"Feet": "476fb1ff",
		"speed": 256,
		"Gun": "Grenades",
		"maxHealth": 40,
		"flags": 39912448,
		"probabilityToMove": 100,
		"probabilityToTrack": 0,
		"probabilityToShoot": 0,
		"actionDelay": 50
	},
	{
		"Class": "Jones",
		"HairType": "flattop",
		"Skin": "ecb478ff",
		"Arms": "918d8dff",
		"Body": "76818cff",
		"Legs": "476fb1ff",
		"Hair": "794848ff",
		"Feet": "476fb1ff",
		"speed": 256,
		"Gun": "Grenades",
		"maxHealth": 40,
		"flags": 39912448,
		"probabilityToMove": 100,
		"probabilityToTrack": 0,
		"probabilityToShoot": 0,
		"actionDelay": 50
	},
	{
		"Class": "Ogre",
		"HairType": "mohawk",
		"Skin": "6ffae9ff",
		"Arms": "918d8dff",
		"Body": "b5f364ff",
		"Legs": "2d8582ff",
		"Hair": "ff0e93ff",
		"Feet": "2d8582ff",
		"speed": 256,
		"Gun": "Grenades",
		"maxHealth": 40,
		"flags": 39912448,
		"probabilityToMove": 100,
		"probabilityToTrack": 0,
		"probabilityToShoot": 0,
		"actionDelay": 50
	},
	{
		"Class": "Cyborg",
		"HairType": "cyber_shades",
		"Skin": "cb9367ff",
		"Arms": "797979ff",
		"Body": "c94d4dff",
		"Legs": "404040ff",
		"Hair": "f55656ff",
		"Feet": "404040ff",
		"speed": 128,
		"Gun": "Machine gun",
		"maxHealth": 30,
		"flags": 46137344,
		"probabilityToMove": 50,
		"probabilityToTrack": 25,
		"probabilityToShoot": 38,
		"actionDelay": 15
	},
	{
		"Class": "Jones",
		"HairType": "dutch",
		"Skin": "ffa460ff",
		"Arms": "b18f8fff",
		"Body": "c94d4dff",
		"Legs": "404040ff",
		"Hair": "d9a701ff",
		"Feet": "404040ff",
		"speed": 128,
		"Gun": "Shrapnel bombs",
		"maxHealth": 30,
		"flags": 46137344,
		"probabilityToMove": 50,
		"probabilityToTrack": 25,
		"probabilityToShoot": 26,
		"actionDelay": 15
	},
	{
		"Class": "Jones",
		"HairType": "goggles",
		"Skin": "583522ff",
		"Arms": "b18f8fff",
		"Body": "c94d4dff",
		"Legs": "404040ff",
		"Hair": "e05511ff",
		"Feet": "404040ff",
		"speed": 128,
		"Gun": "Dynamite",
		"maxHealth": 30,
		"flags": 46137344,
		"probabilityToMove": 50,
		"probabilityToTrack": 25,
		"probabilityToShoot": 26,
		"actionDelay": 15
	},
	{
		"Class": "Lady",
		"HairType": "ponytail",
		"Skin": "ffcdb0ff",
		"Arms": "b18f8fff",
		"Body": "c94d4dff",
		"Legs": "404040ff",
		"Hair": "ee0000ff",
		"Feet": "404040ff",
		"speed": 128,
		"Gun": "Heatseeker",
		"maxHealth": 30,
		"flags": 46137344,
		"probabilityToMove": 50,
		"probabilityToTrack": 25,
		"probabilityToShoot": 26,
		"actionDelay": 15
	},
	{
		"Class": "Ogre",
		"Skin": "c0a5dbff",
		"Arms": "797979ff",
		"Body": "c94d4dff",
		"Legs": "404040ff",
		"Hair": "f55656ff",
		"Feet": "404040ff",
		"speed": 128,
		"Gun": "Machine gun",
		"maxHealth": 30,
		"flags": 46137344,
		"probabilityToMove": 50,
		"probabilityToTrack": 25,
		"probabilityToShoot": 38,
		"actionDelay": 15
	},
	{
		"Class": "Lady",
		"HairType": "ponytail",
		"Skin": "ffa460ff",
		"Arms": "b18f8fff",
		"Body": "c94d4dff",
		"Legs": "404040ff",
		"Hair": "726f6fff",
		"Feet": "404040ff",
		"speed": 128,
		"Gun": "Flamer",
		"maxHealth": 30,
		"flags": 46137344,
		"probabilityToMove": 50,
		"probabilityToTrack": 25,
		"probabilityToShoot": 26,
		"actionDelay": 15
	},
	{
		"Class": "Cyborg",
		"HairType": "flattop",
		"Skin": "ffcdb0ff",
		"Arms": "b18f8fff",
		"Body": "c94d4dff",
		"Legs": "404040ff",
		"Hair": "00eea5ff",
		"Feet": "404040ff",
		"speed": 128,
		"Gun": "Heatseeker",
		"maxHealth": 30,
		"flags": 46137344,
		"probabilityToMove": 50,
		"probabilityToTrack": 25,
		"probabilityToShoot": 26,
		"actionDelay": 15
	},
	{
		"Class": "Jones",
		"HairType": "riot_helmet",
		"Skin": "b87d5aff",
		"Arms": "b18f8fff",
		"Body": "c94d4dff",
		"Legs": "404040ff",
		"Hair": "979c9bff",
		"Feet": "404040ff",
		"speed": 128,
		"Gun": "Chemo bombs",
		"maxHealth": 30,
		"flags": 46137344,
		"probabilityToMove": 50,
		"probabilityToTrack": 25,
		"probabilityToShoot": 26,
		"actionDelay": 15
	},
	{
		"Class": "Big Bones",
		"Skin": "46b646ff",
		"Arms": "58d248ff",
		"Body": "43b832ff",
		"Legs": "55bd3dff",
		"Hair": "c21818ff",
		"Feet": "55bd3dff",
		"speed": 256,
		"Gun": "Flamer",
		"maxHealth": 40,
		"flags": 1024,
		"probabilityToMove": 50,
		"probabilityToTrack": 25,
		"probabilityToShoot": 12,
		"actionDelay": 15
	},
	{
		"Class": "Bones",
		"Skin": "4662b6ff",
		"Arms": "5248d2ff",
		"Body": "324db8ff",
		"Legs": "3d64bdff",
		"Hair": "37c218ff",
		"Feet": "3d64bdff",
		"speed": 256,
		"Gun": "Chemo gun",
		"maxHealth": 40,
		"flags": 1024,
		"probabilityToMove": 50,
		"probabilityToTrack": 25,
		"probabilityToShoot": 26,
		"actionDelay": 15
	},
	{
		"Class": "Bones",
		"Skin": "46b6b2ff",
		"Arms": "3aa9d7ff",
		"Body": "32b4b8ff",
		"Legs": "3db9bdff",
		"Hair": "f50000ff",
		"Feet": "3db9bdff",
		"speed": 256,
		"Gun": "Chemo bombs",
		"maxHealth": 40,
		"flags": 1024,
		"probabilityToMove": 50,
		"probabilityToTrack": 25,
		"probabilityToShoot": 23,
		"actionDelay": 15
	},
	{
		"Class": "Big Bones",
		"Skin": "39fa00ff",
		"Arms": "56fa13ff",
		"Body": "0fd900ff",
		"Legs": "07de25ff",
		"Hair": "c21919ff",
		"Feet": "07de25ff",
		"speed": 256,
		"Gun": "Molotovs",
		"maxHealth": 40,
		"flags": 1024,
		"probabilityToMove": 50,
		"probabilityToTrack": 25,
		"probabilityToShoot": 25,
		"actionDelay": 15
	},
	{
		"Class": "Robot",
		"Skin": "cbc4c4ff",
		"Arms": "404040ff",
		"Body": "696969ff",
		"Legs": "aaa4a4ff",
		"Hair": "e21a02ff",
		"Feet": "aaa4a4ff",
		"speed": 50,
		"Gun": "Heatseeker",
		"maxHealth": 160,
		"flags": 34604544,
		"probabilityToMove": 33,
		"probabilityToTrack": 33,
		"probabilityToShoot": 34,
		"actionDelay": 50
	},
	{
		"Class": "Robot",
		"Skin": "cbc4c4ff",
		"Arms": "404040ff",
		"Body": "696969ff",
		"Legs": "aaa4a4ff",
		"Hair": "02b6e2ff",
		"Feet": "aaa4a4ff",
		"speed": 50,
		"Gun": "Pulse rifle",
		"maxHealth": 160,
		"flags": 34604544,
		"probabilityToMove": 33,
		"probabilityToTrack": 33,
		"probabilityToShoot": 34,
		"actionDelay": 50
	},
	{
		"Class": "Robot",
		"Skin": "cbc4c4ff",
		"Arms": "404040ff",
		"Body": "696969ff",
		"Legs": "aaa4a4ff",
		"Hair": "5ce202ff",
		"Feet": "aaa4a4ff",
		"speed": 50,
		"Gun": "Launcher",
		"maxHealth": 160,
		"flags": 34604544,
		"probabilityToMove": 33,
		"probabilityToTrack": 33,
		"probabilityToShoot": 34,
		"actionDelay": 50
	},
	{
		"Class": "Jones",
		"HairType": "goggles",
		"Skin": "ffe8d6ff",
		"Arms": "4d4545ff",
		"Body": "c94d4dff",
		"Legs": "404040ff",
		"Hair": "20abfaff",
		"Feet": "404040ff",
		"speed": 199,
		"Gun": "Powergun",
		"maxHealth": 30,
		"flags": 8388736,
		"probabilityToMove": 50,
		"probabilityToTrack": 18,
		"probabilityToShoot": 8,
		"actionDelay": 15
	},
	{
		"Class": "Jones",
		"HairType": "ski_goggles",
		"Skin": "f0e2d9ff",
		"Arms": "9c6161ff",
		"Body": "c94d4dff",
		"Legs": "404040ff",
		"Hair": "5ddbffff",
		"Feet": "404040ff",
		"speed": 166,
		"Gun": "Machine gun",
		"maxHealth": 30,
		"flags": 12583040,
		"probabilityToMove": 50,
		"probabilityToTrack": 15,
		"probabilityToShoot": 11,
		"actionDelay": 15
	},
	{
		"Class": "Jones",
		"HairType": "goggles",
		"Skin": "e9dbd3ff",
		"Arms": "b18f8fff",
		"Body": "c94d4dff",
		"Legs": "404040ff",
		"Hair": "3fcbfaff",
		"Feet": "404040ff",
		"speed": 150,
		"Gun": "Dynamite",
		"maxHealth": 30,
		"flags": 33554560,
		"probabilityToMove": 50,
		"probabilityToTrack": 10,
		"probabilityToShoot": 26,
		"actionDelay": 15
	},
	{
		"Class": "Jones",
		"HairType": "riot_helmet",
		"Skin": "fcf0e8ff",
		"Arms": "b18f8fff",
		"Body": "c94d4dff",
		"Legs": "404040ff",
		"Hair": "979c9bff",
		"Feet": "404040ff",
		"speed": 191,
		"Gun": "Machine gun",
		"maxHealth": 30,
		"flags": 37748736,
		"probabilityToMove": 50,
		"probabilityToTrack": 9,
		"probabilityToShoot": 26,
		"actionDelay": 15
	},
	{
		"Class": "Ogre",
		"Skin": "f5f1f7ff",
		"Arms": "797979ff",
		"Body": "c94d4dff",
		"Legs": "404040ff",
		"Hair": "56f5f0ff",
		"Feet": "404040ff",
		"speed": 128,
		"Gun": "Machine gun",
		"maxHealth": 30,
		"flags": 34603008,
		"probabilityToMove": 50,
		"probabilityToTrack": 8,
		"probabilityToShoot": 38,
		"actionDelay": 15
	},
	{
		"Class": "Cyborg",
		"HairType": "cyber_shades",
		"Skin": "eee9e6ff",
		"Arms": "797979ff",
		"Body": "c94d4dff",
		"Legs": "404040ff",
		"Hair": "20cde7ff",
		"Feet": "404040ff",
		"speed": 172,
		"Gun": "Swarmer",
		"maxHealth": 30,
		"flags": 38797440,
		"probabilityToMove": 50,
		"probabilityToTrack": 12,
		"probabilityToShoot": 38,
		"actionDelay": 15
	},
	{
		"Class": "Ogre",
		"Skin": "4db5b8ff",
		"Arms": "2f9132ff",
		"Body": "498024ff",
		"Legs": "404040ff",
		"Hair": "89cbbeff",
		"Feet": "404040ff",
		"speed": 256,
		"Gun": "Launcher",
		"maxHealth": 40,
		"flags": 4064768,
		"probabilityToMove": 0,
		"probabilityToTrack": 100,
		"probabilityToShoot": 0,
		"actionDelay": 15
	},
	{
		"Class": "Ogre",
		"HairType": "mohawk",
		"Skin": "95b84dff",
		"Arms": "2f9132ff",
		"Body": "498024ff",
		"Legs": "404040ff",
		"Hair": "ff0e00ff",
		"Feet": "404040ff",
		"speed": 256,
		"Gun": "Launcher",
		"maxHealth": 40,
		"flags": 3802624,
		"probabilityToMove": 50,
		"probabilityToTrack": 50,
		"probabilityToShoot": 0,
		"actionDelay": 50
	},
	{
		"Class": "Cyborg",
		"HairType": "beret",
		"Skin": "b47142ff",
		"Arms": "1e231eff",
		"Body": "718020ff",
		"Legs": "4b7415ff",
		"Hair": "79b823ff",
		"Feet": "4b7415ff",
		"speed": 256,
		"Gun": "Launcher",
		"maxHealth": 40,
		"flags": 3802624,
		"probabilityToMove": 50,
		"probabilityToTrack": 50,
		"probabilityToShoot": 0,
		"actionDelay": 50
	},
	{
		"Class": "Lady",
		"HairType": "ponytail",
		"Skin": "43211bff",
		"Arms": "1e231eff",
		"Body": "718020ff",
		"Legs": "4b7415ff",
		"Hair": "252121ff",
		"Feet": "4b7415ff",
		"speed": 256,
		"Gun": "Launcher",
		"maxHealth": 40,
		"flags": 3802624,
		"probabilityToMove": 50,
		"probabilityToTrack": 50,
		"probabilityToShoot": 0,
		"actionDelay": 50
	},
	{
		"Class": "Cyborg",
		"HairType": "flattop",
		"Skin": "f5f1f7ff",
		"Arms": "797979ff",
		"Body": "c94d4dff",
		"Legs": "404040ff",
		"Hair": "60b19aff",
		"Feet": "404040ff",
		"speed": 128,
		"Gun": "Heatseeker",
		"maxHealth": 30,
		"flags": 34603008,
		"probabilityToMove": 50,
		"probabilityToTrack": 6,
		"probabilityToShoot": 38,
		"actionDelay": 15
	},
	{
		"Class": "Ogre",
		"Skin": "f5f1f7ff",
		"Arms": "797979ff",
		"Body": "c94d4dff",
		"Legs": "404040ff",
		"Hair": "56f5f0ff",
		"Feet": "404040ff",
		"speed": 128,
		"Gun": "Sniper rifle",
		"maxHealth": 30,
		"flags": 37748736,
		"probabilityToMove": 50,
		"probabilityToTrack": 15,
		"probabilityToShoot": 38,
		"actionDelay": 15
	},
	{
		"Class": "Lady",
		"HairType": "ponytail",
		"Skin": "43211bff",
		"Arms": "1e231eff",
		"Body": "718020ff",
		"Legs": "4b7415ff",
		"Hair": "252121ff",
		"Feet": "4b7415ff",
		"speed": 256,
		"Gun": "Launcher",
		"maxHealth": 40,
		"flags": 39978496,
		"probabilityToMove": 50,
		"probabilityToTrack": 0,
		"probabilityToShoot": 34,
		"actionDelay": 50
	},
	{
		"Class": "Cyborg",
		"HairType": "beret",
		"Skin": "b47142ff",
		"Arms": "1e231eff",
		"Body": "718020ff",
		"Legs": "4b7415ff",
		"Hair": "79b823ff",
		"Feet": "4b7415ff",
		"speed": 256,
		"Gun": "Launcher",
		"maxHealth": 40,
		"flags": 39978496,
		"probabilityToMove": 50,
		"probabilityToTrack": 0,
		"probabilityToShoot": 18,
		"actionDelay": 50
	},
	{
		"Class": "Ogre",
		"HairType": "mohawk",
		"Skin": "95b84dff",
		"Arms": "2f9132ff",
		"Body": "498024ff",
		"Legs": "404040ff",
		"Hair": "ff0e00ff",
		"Feet": "404040ff",
		"speed": 256,
		"Gun": "Launcher",
		"maxHealth": 40,
		"flags": 39978496,
		"probabilityToMove": 50,
		"probabilityToTrack": 0,
		"probabilityToShoot": 13,
		"actionDelay": 50
	},
	{
		"Class": "Ogre",
		"Skin": "4db5b8ff",
		"Arms": "2f9132ff",
		"Body": "498024ff",
		"Legs": "404040ff",
		"Hair": "89cbbeff",
		"Feet": "404040ff",
		"speed": 256,
		"Gun": "Launcher",
		"maxHealth": 40,
		"flags": 39978496,
		"probabilityToMove": 18,
		"probabilityToTrack": 0,
		"probabilityToShoot": 30,
		"actionDelay": 50
	},
	{
		"Class": "Ogre",
		"Skin": "f5f1f7ff",
		"Arms": "797979ff",
		"Body": "c94d4dff",
		"Legs": "404040ff",
		"Hair": "56f5f0ff",
		"Feet": "404040ff",
		"speed": 128,
		"Gun": "Sniper rifle",
		"maxHealth": 30,
		"flags": 47186048,
		"probabilityToMove": 78,
		"probabilityToTrack": 15,
		"probabilityToShoot": 1,
		"actionDelay": 15
	},
	{
		"Class": "Jones",
		"HairType": "goggles",
		"Skin": "f5f1f7ff",
		"Arms": "797979ff",
		"Body": "c94d4dff",
		"Legs": "404040ff",
		"Hair": "56f5f0ff",
		"Feet": "404040ff",
		"speed": 128,
		"Gun": "Sniper rifle",
		"maxHealth": 30,
		"flags": 47186048,
		"probabilityToMove": 70,
		"probabilityToTrack": 15,
		"probabilityToShoot": 1,
		"actionDelay": 15
	},
	{
		"Class": "Jones",
		"HairType": "ski_goggles",
		"Skin": "f5f1f7ff",
		"Arms": "797979ff",
		"Body": "c94d4dff",
		"Legs": "404040ff",
		"Hair": "56f5f0ff",
		"Feet": "404040ff",
		"speed": 128,
		"Gun": "Sniper rifle",
		"maxHealth": 30,
		"flags": 47186048,
		"probabilityToMove": 81,
		"probabilityToTrack": 15,
		"probabilityToShoot": 2,
		"actionDelay": 15
	},
	{
		"Class": "Robot",
		"Skin": "cbc4c4ff",
		"Arms": "404040ff",
		"Body": "696969ff",
		"Legs": "aaa4a4ff",
		"Hair": "f56f06ff",
		"Feet": "aaa4a4ff",
		"speed": 50,
		"Gun": "Detonator",
		"maxHealth": 160,
		"flags": 42993152,
		"probabilityToMove": 41,
		"probabilityToTrack": 33,
		"probabilityToShoot": 18,
		"actionDelay": 50
	}]
}