<?xml version="1.0" encoding="UTF-8"?>
<addon
  id="visualization.starburst"
  version="20.2.0"
  name="StarBurst"
  provider-name="Team Kodi">
  <requires>
<import addon="kodi.binary.global.main" minversion="2.0.0" version="2.0.2"/>
<import addon="kodi.binary.global.gui" minversion="5.15.0" version="5.15.0"/>
<import addon="kodi.binary.global.filesystem" minversion="1.1.7" version="1.1.8"/>
<import addon="kodi.binary.instance.visualization" minversion="4.0.0" version="4.0.0"/></requires>
  <extension
    point="xbmc.player.musicviz"
    library_linux="visualization.starburst.so.20.2.0"/>
  <extension point="xbmc.addon.metadata">
    <platform>linux</platform>
    <license>GPL-2.0-or-later</license>
    <source>https://github.com/xbmc/visualization.starburst</source>
    <assets>
      <icon>resources/icon.png</icon>
      <fanart>resources/fanart.jpg</fanart>
      <screenshot>resources/screenshot-01.jpg</screenshot>
      <screenshot>resources/fanart.jpg</screenshot>
      <screenshot>resources/screenshot-02.jpg</screenshot>
    </assets>
    <summary lang="da_DK">StarBurst visualisering</summary>
    <summary lang="de_DE">StarBurst-Visualisierung</summary>
    <summary lang="en_GB">StarBurst visualizer</summary>
    <summary lang="es_ES">Visualizador StarBurst</summary>
    <summary lang="fi_FI">StarBurst-visualisointi</summary>
    <summary lang="fr_FR">Visualiseur StarBurst</summary>
    <summary lang="hr_HR">StarBurst predočitelj</summary>
    <summary lang="it_IT">Visualizzatore esplosione di stelle</summary>
    <summary lang="ko_KR">StarBurst 시각화</summary>
    <summary lang="pl_PL">Wizualizator StarBurst</summary>
    <summary lang="ru_RU">Визуализация StarBurst</summary>
    <summary lang="uk_UA">Візуалізація StarBurst</summary>
    <summary lang="zh_CN">星暴可视化效果</summary>
    <description lang="da_DK">Frekvens der får stjerner til at briste.</description>
    <description lang="de_DE">Starburst-Frequenz.</description>
    <description lang="en_GB">Frequency giving stars burst.</description>
    <description lang="es_ES">Frecuencia de estallido de estrellas.</description>
    <description lang="fi_FI">Äänen tahtiin räjähtelevät tähdet.</description>
    <description lang="fr_FR">Fréquence d&apos;éclatements d&apos;étoiles.</description>
    <description lang="hr_HR">Frekvencija prsnuća zvijezda.</description>
    <description lang="it_IT">Frequenza esplosione stelle.</description>
    <description lang="ko_KR">주파수가 별 터뜨림.</description>
    <description lang="pl_PL">Częstotliwości rozbłyskują gwiazdy.</description>
    <description lang="ru_RU">Частота влияет на силу вспыхивания частей визуализации.</description>
    <description lang="uk_UA">Частота спалаху зірок.</description>
    <description lang="zh_CN">恒星爆发的频率。</description>
  </extension>
</addon>
