<theme>
<formatVersion>7</formatVersion>
<include>./../theme.xml</include>

<view name="basic, detailed, video, grid">
    <text name="nameLabel" extra="true">
    <text>Action Genre</text>
  </text>
</view>    

<view name="system">
  <text name="sys_line2" extra="true">
    <text>Action</text>
    <fontSize>0.18</fontSize>
    <origin>0 0</origin>
    <pos>0.12 0.130</pos>
    <size>0 0</size>
  </text>    
  <text name="shortdescription" extra="true">
   <text>Game Genre</text>
  </text>
  <text name="longdescription" extra="true">
   <text>An action game emphasizes physical challenges, including hand–eye coordination and reaction-time</text>
  </text>
 </view>
</theme>
