<?xml version="1.0" encoding="UTF-8"?>
<addon
  id="audiodecoder.qsf"
  version="20.2.0"
  name="QSF Audio Decoder"
  provider-name="spiff">
  <requires>
<import addon="kodi.binary.global.main" minversion="2.0.0" version="2.0.2"/>
<import addon="kodi.binary.global.general" minversion="1.0.4" version="1.0.5"/>
<import addon="kodi.binary.global.filesystem" minversion="1.1.7" version="1.1.8"/>
<import addon="kodi.binary.instance.audiodecoder" minversion="4.0.0" version="4.0.0"/></requires>
  <extension
    point="kodi.audiodecoder"
    name="qsf"
    extension=".miniqsf"
    tags="true"
    library_linux="audiodecoder.qsf.so.20.2.0">
    <support>
      <extension name=".qsf">
        <description>30100</description>
        <icon>icon.png</icon>
      </extension>
      <extension name=".miniqsf">
        <description>30101</description>
        <icon>icon.png</icon>
      </extension>
    </support>
  </extension>
  <extension point="xbmc.addon.metadata">
    <platform>linux</platform>
    <license>GPL-2.0-or-later</license>
    <source>https://github.com/xbmc/audiodecoder.qsf</source>
    <assets>
      <icon>icon.png</icon>
    </assets>
    <summary lang="ca_ES">Descodificador d&apos;àudio Capcom QSound QSF</summary>
    <summary lang="da_DK">Capcom QSound QSF lydafkoder</summary>
    <summary lang="de_DE">Capcom QSound QSF Audio Decoder</summary>
    <summary lang="en_GB">Capcom QSound QSF Audio Decoder</summary>
    <summary lang="es_ES">Decodificador de Audio Capcom QSound QSF</summary>
    <summary lang="es_MX">Decodificador de audio Capcom QSound QSF</summary>
    <summary lang="eu_ES">Capcom QSound QSF Audio deskodetzailea</summary>
    <summary lang="fr_FR">Décodeur audio Capcom QSound QSF</summary>
    <summary lang="hr_HR">Capcom QSound QSF zvučni dekôder</summary>
    <summary lang="it_IT">Capcom QSound QSF Audio Decoder</summary>
    <summary lang="ko_KR">Capcom QSound QSF 오디오 디코더</summary>
    <summary lang="ru_RU">Аудиодекодер Capcom QSound QSF</summary>
    <summary lang="zh_CN">Capcom QSound QSF 音频解码器</summary>
    <description lang="da_DK">Tilføjer afkodningsunderstøttelse til Capcom QSound Sound Format-filer (.QSF/.MINIQSF).[CR][CR]QSound er det originale navn på en positionel tredimensionel (3D) lydbehandlingsalgoritme fra QSound Labs, der skaber 3D-lydeffekter fra flere monofoniske kilder og summerer udgangene til to kanaler til præsentation over almindelige stereohøjttalere.</description>
    <description lang="de_DE">Fügt Dekodierungsunterstützung für Capcom QSound Sound Format-Dateien (.QSF / .MINIQSF) hinzu.[CR][CR]QSound ist der ursprüngliche Name für einen dreidimensionalen (3D) Tonverarbeitungsalgorithmus von QSound Labs, der 3D-Audioeffekte aus mehreren monophonen Quellen erstellt und die Ausgänge für die Präsentation über normale Stereolautsprecher auf zwei Kanäle summiert.</description>
    <description lang="en_GB">Adds decoding support for Capcom QSound Sound Format files (.QSF/.MINIQSF).[CR][CR]QSound is the original name for a positional three-dimensional (3D) sound processing algorithm from QSound Labs that creates 3D audio effects from multiple monophonic sources and sums the outputs to two channels for presentation over regular stereo speakers.</description>
    <description lang="es_ES">Añade soporte a la decodificacion de los archivos Capcom QSound Sound Format (.QSF/.MINIQSF).[CR][CR]QSound es el nombre original del algoritmo de procesamiento de audio posicional en tres dimensiones (3D) de QSound Labs, que crea efectos de audio 3D desde múltiples fuentes monofónicas y suma la salida a 2 canales para presentarlo sobre altavoces normales estéreo.</description>
    <description lang="es_MX">Agrega soporte de decodificación de archivos Capcom QSound Format (.QSF/.MINIQSD).[CR][CR]QSound es el nombre original para un algoritmo de procesamiento de audio posicional en tres dimensiones (3D) de QSound Labs que crea efectos de audio 3D desde múltiples fuentes monofónicas y suma las salidas a 2 canales para presentarse en altavoces estéreo comunes.</description>
    <description lang="eu_ES">Capcom QSound Sound Format fitxategiak (.QSF/.MINIQSF) deskodetzeko bateragarritasuna dakar.[CR][CR]QSound soinua hiru dimentsiotan (3D) prozesatzeko algoritmo baten jatorrizko izena da, QSound Labs-en eskutik. Honek, hiru dimentsiotako audio-efektuak sortzen ditu hainbat iturri monofonikotatik, eta irteerak batzen ditu bi kanaletara eramanaz, ohiko bozgorailu estereotan erreproduzituko delarik.</description>
    <description lang="fr_FR">Ajoute la prise en charge du décodage des fichiers Capcom QSound Sound Format (.QSF/.MINIQSF).[CR][CR]QSound est le nom original d&apos;un algorithme de traitement du son tridimensionnel (3D) positionnel de QSound Labs qui crée des effets audio 3D à partir de plusieurs sources monophoniques et additionne les sorties sur deux canaux pour une présentation sur des haut-parleurs stéréo ordinaires.</description>
    <description lang="hr_HR">Daje podršku dekôdiranja za Capcom QSound datoteke zvučnog formata (.QSF/.MINIQSF).[CR][CR]QSound je izvorni naziv za pozicijski tro-dimenzionalni (3D) algoritam zvučne obrade od QSound Labsa koji stvara 3D zvučne efekte iz više mono izvora i spaja izlaz u dva kanala za prezentaciju putem uobičajenih stereo zvučnika.</description>
    <description lang="it_IT">Aggiunge il supporto per la decodifica per i file Capcom QSound Sound Format (.QSF/.MINIQSF).[CR][CR]QSound è il nome originale di un algoritmo di elaborazione del suono tridimensionale posizionale (3D) di QSound Labs che crea effetti audio 3D da più sorgenti monofoniche e somma le uscite su due canali per la presentazione su normali altoparlanti stereo.</description>
    <description lang="ko_KR">Capcom QSound 사운드 형식 파일(.QSF/.MINIQSF)에 대한 디코딩 지원을 추가합니다.[CR][CR]QSound는 여러 위치에서 3D 오디오 효과를 생성하는 QSound Labs의 위치 3차원(3D) 사운드 처리 알고리즘의 원래 이름입니다. 모노포닉 소스를 출력하고 일반 스테레오 스피커를 통한 프레젠테이션을 위해 두 개의 채널로 출력을 합산합니다.</description>
    <description lang="ru_RU">Добавляет поддержку декодирования файлов Capcom QSound Sound Format (.QSF/.MINIQSF).[CR][CR]QSound - это оригинальное название алгоритма обработки позиционного трёхмерного (3D) звука от QSound Labs, который создаёт звуковые 3D эффекты из нескольких монофонических источников и суммирует выходы в два канала для представления через обычные стереодинамики.</description>
    <description lang="zh_CN">添加对 Capcom QSound 声音格式文件（.QSF/.MINIQSF）的解码支持。[CR][CR]QSound 是 QSound 实验室提供的定位三维（3D）声音处理算法的原始名称，该算法从多个单声道源创建3D音频效果，并将输出相加到两个通道，以便通过常规立体声扬声器进行呈现。</description>
  </extension>
</addon>
