<?xml version="1.0" encoding="UTF-8"?>
<addon
    id="visualization.pictureit"
    version="20.2.0"
    name="PictureIt"
    provider-name="linuxwhatelse">
    <requires>
<import addon="kodi.binary.global.main" minversion="2.0.0" version="2.0.2"/>
<import addon="kodi.binary.global.gui" minversion="5.15.0" version="5.15.0"/>
<import addon="kodi.binary.global.filesystem" minversion="1.1.7" version="1.1.8"/>
<import addon="kodi.binary.instance.visualization" minversion="4.0.0" version="4.0.0"/></requires>
    <extension
        point="xbmc.player.musicviz"
        library_linux="visualization.pictureit.so.20.2.0"/>
    <extension point="xbmc.addon.metadata">
        <platform>linux</platform>
        <license>GPL-2.0-or-later</license>
        <source>https://github.com/linuxwhatelse/visualization.pictureit</source>
        <forum>https://forum.kodi.tv/showthread.php?tid=236514</forum>
        <assets>
          <icon>resources/icon.png</icon>
          <fanart>resources/fanart.jpg</fanart>
          <screenshot>resources/fanart.jpg</screenshot>
          <screenshot>resources/screenshot-01.jpg</screenshot>
          <screenshot>resources/screenshot-02.jpg</screenshot>
        </assets>
        <summary lang="da_DK">PictureIt - Kodi visualisering</summary>
        <summary lang="de_DE">PictureIt - Kodi-Visualisierung</summary>
        <summary lang="en_GB">PictureIt - Kodi Visualization</summary>
        <summary lang="es_ES">PictureIt - Visualización Kodi</summary>
        <summary lang="fi_FI">PictureIt-visualisointi</summary>
        <summary lang="fr_FR">PictureIt - Visualisation Kodi</summary>
        <summary lang="it_IT">PictureIt - Visualizzazione Kodi</summary>
        <summary lang="zh_CN">PictureIt - Kodi可视化程序</summary>
        <description lang="da_DK">PictureIt skal gøre det mere elegant og mindre prangende at lytte til musik.[CR]Idéen er at tage tilfældige billeder, DU valgte, og vise dem sammen med et simpelt spektrum i bunden.[CR]Simpelt, ikke?[CR][CR]Funktioner:[CR] - Vælg en lokal mappe indeholdende dine billeder (hvis der er undermapper, vil de blive brugt som &quot;Forudindstilling&quot;)[CR]- Opdater billeder efter interval[CR]- Opdater billeder ved nyt spor[CR]- Ændring af overgangstid[CR]- Aktivering/deaktivering af spektrum i bunden[CR]- Aktivering/deaktivering af en diskret spektrumbaggrund[CR]- Ændring af spektrum: bredde, plads i bunden og animationshastighed</description>
        <description lang="de_DE">PictureIt soll das Musikhören eleganter und weniger auffällig machen.[CR]Die Idee ist, zufällige Bilder, die der Anwender ausgewählt hat, und sie neben einem einfachen Spektrum unten anzuzeigen.[CR]Einfach, oder?[CR][CR]Eigenschaften:[CR]- Ein lokales Verzeichnis mit Bildern auswählen (wenn Unterordner vorhanden sind, werden diese als „Voreinstellung“ verwendet).[CR]- Bilder nach Intervallen aktualisieren[CR]- Bilder bei neuem Titel aktualisieren[CR]- Übergangszeit andern[CR]- Aktivieren / Deaktivieren des Spektrums[CR]- Aktivieren / Deaktivieren eines Hintergrunds für das Spektrum[CR]- Ändern der Spektren: Breite, Bodenauffüllung, Animationsgeschwindigkeit</description>
        <description lang="en_GB">PictureIt is supposed to make listening to music more elegant and less flashy.[CR]The idea is to take random images YOU selected and display them alongside a simple spectrum at the bottom.[CR]Simple right?[CR][CR]Features:[CR]- Select a local directory containing your images (If sub-folders are present, those will be used as &quot;Preset&quot;)[CR]- Update images by interval[CR]- Update images on new track[CR]- Change the transition time[CR]- Enable/Disable the spectrum[CR]- Enable/Disable a settle spectrum-background[CR]- Change the spectrums: Width, Bottom-Padding, Animation-Speed</description>
        <description lang="es_ES">Se supone que PictureIt hace que escuchar música sea más elegante y menos ostentoso[CR]La idea es tomar imágenes aleatorias seleccionadas por TI y mostrarlas junto a un simple espectro en la parte inferior[CR]¿Simple verdad? [CR][CR]Características:[CR]- Selecciona un directorio local que contenga tus imágenes (Si hay subcarpetas, se usarán como &quot;Ajustes preestablecidos&quot;)[CR]- Actualiza las imágenes por intervalo[CR]- Actualiza las imágenes en cada nueva pista[CR]- Cambia el tiempo de transición[CR]- Activa/Desactiva el espectro[CR]- Activa/Desactiva un fondo de espectro fijo[CR]- Cambia los espectros: Ancho, Relleno inferior, Velocidad de animación</description>
        <description lang="fi_FI">PictureIt-visualisoinnin tarkoitus tehdä on musiikin kuuntelusta tyylikkäämpää ja vähemmän välkkyvää.[CR]Ideana on ottaa satunnaisia valitsemiasi kuvia ja yksinkertaisen esittää niitä alareunassa spektrianalysaattorin rinnalla.[CR]Yksinkertaista, eikö?</description>
        <description lang="fr_FR">PictureIt est censé rendre l&apos;écoute de la musique plus élégante et moins tape-à-l&apos;œil.[CR]L&apos;idée est de prendre des images aléatoires que VOUS avez sélectionnées et de les afficher à côté d&apos;un simple spectre en bas.[CR]C&apos;est simple, n&apos;est-ce pas ?[CR][CR]Caractéristiques:[CR]- Sélectionnez un répertoire local contenant vos images (Si des sous-dossiers sont présents, ceux-ci seront utilisés comme &quot;Preset&quot;)[CR]- Mettre à jour les images par intervalle[CR]- Mettre à jour les images sur une nouvelle piste[CR]- Changer le temps de transition[CR]- Activer/Désactiver le spectre[CR]- Activer/Désactiver un réglage de fond de spectre[CR]- Changer les spectres : Largeur, Rembourrage inférieur, Vitesse d&apos;animation</description>
        <description lang="it_IT">PictureIt dovrebbe rendere l&apos;ascolto della musica più elegante e meno appariscente.[CR]L&apos;idea è quella di prendere immagini casuali che hai selezionato e mostrarle insieme a un semplice spettro in basso.[CR]Semplice vero?[CR][CR]Caratteristiche :[CR]- Seleziona una directory locale contenente le tue immagini (se sono presenti delle sottocartelle, quelle verranno usate come &quot;Preset&quot;)[CR]- Aggiorna le immagini per intervallo[CR]- Aggiorna le immagini su una nuova traccia[CR]- Cambia il tempo di transizione [CR]- Abilita/Disabilita lo spettro[CR]- Abilita/Disabilita uno sfondo dello spettro di stabilizzazione[CR]- Cambia gli spettri: Larghezza, Padding-Basso, Animazione-Velocità</description>
        <description lang="zh_CN">PictureIt能让听音乐变得更优雅，不那么浮夸。[CR]想法是随机拍摄您选择的图像，并在底部的简单光谱旁边显示它们。[CR]简单对吧？[CR][CR]功能：[CR]-选择包含图像的本地目录（如果有子文件夹，这些将用作“预设”）[CR]-按间隔更新图像[CR]-在新轨道上更新图像[CR]-更改过渡时间[CR]-启用/禁用光谱[CR]-启用/禁用固定光谱-背景[CR]-更改光谱：宽度、底部填充、动画速度</description>
    </extension>
</addon>
