<?xml version="1.0" encoding="UTF-8"?>
<!-- https://en.wikipedia.org/wiki/List_of_Crayola_crayon_colors -->
<colors>
	<color name="Almond">FFEFDECD</color>
	<color name="Antique Brass">FFCD9575</color>
	<color name="Apple Orchard">FFBF3F3F</color>
	<color name="Apricot">FFFDD9B5</color>
	<color name="Aquamarine">FF78DBE2</color>
	<color name="Asparagus">FF87A96B</color>
	<color name="Atomic Tangerine">FFFFA474</color>
	<color name="Banana Mania">FFFAE7B5</color>
	<color name="Beaver">FF9F8170</color>
	<color name="Berry Parfait">FFA43482</color>
	<color name="Bittersweet">FFFD7C6E</color>
	<color name="Black">FF000000</color>
	<color name="Blizzard Blue">FFACE5EE</color>
	<color name="Blue Bell">FFA2A2D0</color>
	<color name="Blue Gray">FF6699CC</color>
	<color name="Blue Green">FF0D98BA</color>
	<color name="Blue Violet">FF7366BD</color>
	<color name="Blue">FF1F75FE</color>
	<color name="Blush">FFDE5D83</color>
	<color name="Brick Red">FFCB4154</color>
	<color name="Bright Gray">ffeeeeee</color>
	<color name="Brown">FFB4674D</color>
	<color name="Bubble Gum">FFDF9ACA</color>
	<color name="Burnt Orange">FFFF7F49</color>
	<color name="Burnt Sienna">FFEA7E5D</color>
	<color name="Butternut Squash">FFE74F00</color>
	<color name="Cadet Blue">FFB0B7C6</color>
	<color name="Canary">FFFFFF99</color>
	<color name="Caribbean Green">FF1CD3A2</color>
	<color name="Caribbean Sea">FF67CD95</color>
	<color name="Carnation Pink">FFFFAACC</color>
	<color name="Cerise">FFDD4492</color>
	<color name="Cerulean">FF1DACD6</color>
	<color name="Chestnut">FFBC5D58</color>
	<color name="Chinese White">ffe0e0e0</color>
	<color name="Cloudy Sky">FF548CD0</color>
	<color name="Copper">FFDD9475</color>
	<color name="Cornflower">FF9ACEEB</color>
	<color name="Cotton Candy">FFFFBCD9</color>
	<color name="Dandelion">FFFDDB6D</color>
	<color name="Denim">FF2B6CC4</color>
	<color name="Desert Sand">FFEFCDB8</color>
	<color name="Eggplant">FF6E5160</color>
	<color name="Electric Lime">FFCEFF1D</color>
	<color name="Fern">FF71BC78</color>
	<color name="Forest Green">FF6DAE81</color>
	<color name="Fuchsia">FFC364C5</color>
	<color name="Fuzzy Wuzzy">FFCC6666</color>
	<color name="Gold">FFE7C697</color>
	<color name="Goldenrod">FFFCD975</color>
	<color name="Granite Gray">ff616161</color>
	<color name="Granny Smith Apple">FFA8E4A0</color>
	<color name="Gray Arsenic">ff424242</color>
	<color name="Gray Cultured">fff5f5f5</color>
	<color name="Gray Lotion">fffafafa</color>
	<color name="Gray XII">ffbdbdbd</color>
	<color name="Green Blue">FF1164B4</color>
	<color name="Green Yellow">FFF0E891</color>
	<color name="Green">FF1CAC78</color>
	<color name="Hot Cocoa">FF8F482F</color>
	<color name="Hot Magenta">FFFF1DCE</color>
	<color name="Inchworm">FFB2EC5D</color>
	<color name="Indigo">FF5D76CB</color>
	<color name="Iridescent Indigo">FF3C32CD</color>
	<color name="Jazzberry Jam">FFCA3767</color>
	<color name="Jungle Green">FF3BB08F</color>
	<color name="Laser Lemon">FFFEFE22</color>
	<color name="Lavender Silk">FF6B4D82</color>
	<color name="Lavender">FFFCB4D5</color>
	<color name="Leafy Canopy">FF94DDCB</color>
	<color name="Lemon Yellow">FFFFF44F</color>
	<color name="Liquid Gold">FFFFD966</color>
	<color name="Macaroni and Cheese">FFFFBD88</color>
	<color name="Magenta">FFF664AF</color>
	<color name="Magic Mint">FFAAF0D1</color>
	<color name="Mahogany">FFCD4A4C</color>
	<color name="Maize">FFEDD19C</color>
	<color name="Manatee">FF979AAA</color>
	<color name="Mango Purée">FFFF6137</color>
	<color name="Mango Tango">FFFF8243</color>
	<color name="Maroon">FFC8385A</color>
	<color name="Mauvelous">FFEF98AA</color>
	<color name="Melon">FFFDBCB4</color>
	<color name="Midnight Blue">FF1A4876</color>
	<color name="Moonlit Pond">FF4F2CD0</color>
	<color name="Mountain Meadow">FF30BA8F</color>
	<color name="Mulberry">FFC54B8C</color>
	<color name="Navy Blue">FF1974D2</color>
	<color name="Neon Carrot">FFFFA343</color>
	<color name="Ocean Foam">FF62C9D3</color>
	<color name="Olive Green">FFBAB86C</color>
	<color name="Orange Peel">FFFF8021</color>
	<color name="Orange Red">FFFF2B2B</color>
	<color name="Orange Yellow">FFF8D568</color>
	<color name="Orange">FFFF7538</color>
	<color name="Orchid">FFE6A8D7</color>
	<color name="Outer Space">FF414A4C</color>
	<color name="Outrageous Orange">FFFF6E4A</color>
	<color name="Pacific Blue">FF1CA9C9</color>
	<color name="Peach">FFFFCFAB</color>
	<color name="Periwinkle">FFC5D0E6</color>
	<color name="Pesto">FF5F7B4A</color>
	<color name="Piggy Pink">FFFDDDE6</color>
	<color name="Pine Green">FF158078</color>
	<color name="Pink Flamingo">FFFC74FD</color>
	<color name="Pink Luster">FFFFB2E7</color>
	<color name="Pink Sherbet">FFF78FA7</color>
	<color name="Plum">FF8E4585</color>
	<color name="Purple Heart">FF7442C8</color>
	<color name="Purple Mountain's Majesty">FF9D81BA</color>
	<color name="Purple Pizzazz">FFFE4EDA</color>
	<color name="Radical Red">FFFF496C</color>
	<color name="Raisin Black">ff212121</color>
	<color name="Raw Sienna">FFD68A59</color>
	<color name="Raw Umber">FF714B23</color>
	<color name="Razzle Dazzle Rose">FFFF48D0</color>
	<color name="Razzmatazz">FFE3256B</color>
	<color name="Red Orange">FFFF5349</color>
	<color name="Red Satin">FF9F3434</color>
	<color name="Red Violet">FFC0448F</color>
	<color name="Red">FFEE204D</color>
	<color name="Robin's Egg Blue">FF1FCECB</color>
	<color name="Royal Purple">FF7851A9</color>
	<color name="Salmon">FFFF9BAA</color>
	<color name="Scarlet">FFFC2847</color>
	<color name="Screamin' Green">FF76FF7A</color>
	<color name="Sea Glass">FFC4EA7F</color>
	<color name="Sea Green">FF9FE2BF</color>
	<color name="Sepia">FFA5694F</color>
	<color name="Shadow">FF8A795D</color>
	<color name="Shamrock">FF45CEA2</color>
	<color name="Shocking Pink">FFFB7EFD</color>
	<color name="Shooting Star">FFFFFF65</color>
	<color name="Sky Blue">FF80DAEB</color>
	<color name="Sonic Silver">ff757575</color>
	<color name="Spanish Gray">ff9e9e9e</color>
	<color name="Spring Green">FFECEABE</color>
	<color name="Sunglow">FFFFCF48</color>
	<color name="Sunset Orange">FFFD5E53</color>
	<color name="Sunset Shimmer">FFF79015</color>
	<color name="Tan">FFFAA76C</color>
	<color name="Teal Blue">FF18A7B5</color>
	<color name="Thistle">FFEBC7DF</color>
	<color name="Tickle Me Pink">FFFC89AC</color>
	<color name="Timberwolf">FFDBD7D2</color>
	<color name="Tropical Rain Forest">FF17806D</color>
	<color name="Tumbleweed">FFDEAA88</color>
	<color name="Turquoise Blue">FF77DDE7</color>
	<color name="Unmellow Yellow">FFFFFF66</color>
	<color name="Violet (Purple)">FF926EAE</color>
	<color name="Violet Blue">FF324AB2</color>
	<color name="Violet Red">FFF75394</color>
	<color name="Vivid Tangerine">FFFFA089</color>
	<color name="Vivid Violet">FF8F509D</color>
	<color name="White">FFFFFFFF</color>
	<color name="Wild Blue Yonder">FFA2ADD0</color>
	<color name="Wild Strawberry">FFFF43A4</color>
	<color name="Wild Watermelon">FFFC6C85</color>
	<color name="Wisteria">FFCDA4DE</color>
	<color name="Yellow Green">FFC5E384</color>
	<color name="Yellow Orange">FFFFAE42</color>
	<color name="Yellow">FFFCE883</color>
</colors>
