<?xml version="1.0" encoding="UTF-8"?>
<!-- This file contains the mapping of LIRC keys to XBMC keys used in Keymap.xml  -->
<!--                                                                              -->
<!-- How to add remotes                                                           -->
<!-- <remote device="name_Lirc_calls_the_remote">                                 -->
<!--                                                                              -->
<!-- For the commands the layout following layout is used                         -->
<!-- <XBMC_COMMAND>LircButtonName</XBMC_COMMAND>                                  -->
<!--                                                                              -->
<!-- For a list of XBMC_COMMAND's check out the <remote> sections of keymap.xml   -->

<lircmap>
	<remote device="mceusb">
		<play>Play</play>
		<pause>Pause</pause>
		<stop>Stop</stop>
		<forward>Forward</forward>
		<reverse>Rewind</reverse>
		<left>Left</left>
		<right>Right</right>
		<up>Up</up>
		<down>Down</down>
		<select>OK</select>
		<pageplus>ChanUp</pageplus>
		<pageminus>ChanDown</pageminus>
		<back>Back</back>
		<menu>DVD</menu>
		<title>Guide</title>
		<info>More</info>
		<skipplus>Skip</skipplus>
		<skipminus>Replay</skipminus>
		<display>Aspect</display>
		<start>Home</start>
		<record>Record</record>
		<volumeplus>VolUp</volumeplus>
		<volumeminus>VolDown</volumeminus>
		<mute>Mute</mute>
		<power>Power</power>
		<myvideo>Videos</myvideo>
		<mymusic>Music</mymusic>
		<mypictures>Pictures</mypictures>
		<mytv>TV</mytv>
		<one>One</one>
		<two>Two</two>
		<three>Three</three>
		<four>Four</four>
		<five>Five</five>
		<six>Six</six>
		<seven>Seven</seven>
		<eight>Eight</eight>
		<nine>Nine</nine>
		<zero>Zero</zero>
		<star>Star</star>
		<hash>Hash</hash>
		<clear>Clear</clear>
		<enter>Enter</enter>
		<red>Red</red>
		<green>Green</green>
		<yellow>Yellow</yellow>
		<blue>Blue</blue>
		<teletext>Teletext</teletext>
		<print>Print</print>

		<!-- new kernel-based lirc button names -->
		<eject>KEY_EJECTCD</eject>
		<left>KEY_LEFT</left>
		<right>KEY_RIGHT</right>
		<up>KEY_UP</up>
		<down>KEY_DOWN</down>
		<select>KEY_OK</select>
		<start>KEY_HOME</start>
		<back>KEY_BACK</back>
		<record>KEY_RECORD</record>
		<play>KEY_PLAY</play>
		<pause>KEY_PAUSE</pause>
		<stop>KEY_STOP</stop>
		<forward>KEY_FORWARD</forward>
		<reverse>KEY_REWIND</reverse>
		<volumeplus>KEY_VOLUMEUP</volumeplus>
		<volumeminus>KEY_VOLUMEDOWN</volumeminus>
		<pageplus>KEY_CHANNELUP</pageplus>
		<pageminus>KEY_CHANNELDOWN</pageminus>
		<skipplus>KEY_NEXT</skipplus>
		<skipminus>KEY_AGAIN</skipminus>
		<mute>KEY_MUTE</mute>
		<power>KEY_POWER</power>
		<myvideo>KEY_VIDEO</myvideo>
		<mymusic>KEY_AUDIO</mymusic>
		<livetv>LiveTV</livetv>
		<livetv>KEY_TV</livetv>
		<guide>KEY_EPG</guide>
		<one>KEY_1</one>
		<two>KEY_2</two>
		<three>KEY_3</three>
		<four>KEY_4</four>
		<five>KEY_5</five>
		<six>KEY_6</six>
		<seven>KEY_7</seven>
		<eight>KEY_8</eight>
		<nine>KEY_9</nine>
		<zero>KEY_0</zero>
		<red>KEY_RED</red>
		<green>KEY_GREEN</green>
		<yellow>KEY_YELLOW</yellow>
		<blue>KEY_BLUE</blue>
		<menu>KEY_DVD</menu>
		<clear>KEY_CLEAR</clear>
		<enter>KEY_ENTER</enter>
		<star>KEY_NUMERIC_STAR</star>
		<hash>KEY_NUMERIC_POUND</hash>
		<info>KEY_INFO</info>
	</remote>

	<remote device="XboxDVDDongle">
		<play>PLAY</play>
		<pause>PAUSE</pause>
		<stop>STOP</stop>
		<forward>FORWARD</forward>
		<reverse>REVERSE</reverse>
		<left>LEFT</left>
		<right>RIGHT</right>
		<up>UP</up>
		<down>DOWN</down>
		<select>SELECT</select>
		<back>BACK</back>
		<menu>MENU</menu>
		<title>TITLE</title>
		<info>INFO</info>
		<skipplus>SKIP+</skipplus>
		<skipminus>SKIP-</skipminus>
		<display>DISPLAY</display>
		<one>1</one>
		<two>2</two>
		<three>3</three>
		<four>4</four>
		<five>5</five>
		<six>6</six>
		<seven>7</seven>
		<eight>8</eight>
		<nine>9</nine>
		<zero>0</zero>
	</remote>

	<remote device="Microsoft_Xbox">
		<play>PLAY</play>
		<pause>PAUSE</pause>
		<stop>STOP</stop>
		<forward>FORWARD</forward>
		<reverse>REVERSE</reverse>
		<left>LEFT</left>
		<right>RIGHT</right>
		<up>UP</up>
		<down>DOWN</down>
		<select>SELECT</select>
		<back>BACK</back>
		<menu>MENU</menu>
		<title>TITLE</title>
		<info>INFO</info>
		<skipplus>SKIP+</skipplus>
		<skipminus>SKIP-</skipminus>
		<display>DISPLAY</display>
		<one>1</one>
		<two>2</two>
		<three>3</three>
		<four>4</four>
		<five>5</five>
		<six>6</six>
		<seven>7</seven>
		<eight>8</eight>
		<nine>9</nine>
		<zero>0</zero>
	</remote>

	<remote device="PinnacleSysPCTVRemote">
		<play>KEY_PLAY</play>
		<pause>KEY_PAUSE</pause>
		<stop>KEY_STOP</stop>
		<forward>KEY_FASTFORWARD</forward>
		<reverse>KEY_REWIND</reverse>
		<left>Vol-Rew</left>
		<right>Vol+FF</right>
		<up>Chan+Play</up>
		<down>Chan-Stop</down>
		<pageplus>KEY_CHANNELUP</pageplus>
		<pageminus>KEY_CHANNELDOWN</pageminus>
		<select>middle</select>
		<back>KEY_UNDO</back>
		<menu>KEY_MENU</menu>
		<title>KEY_L</title>
		<info>KEY_INFO</info>
		<skipplus>KEY_NEXT</skipplus>
		<display>Fullscreen</display>
		<record>KEY_RECORD</record>
		<volumeplus>KEY_VOLUMEUP</volumeplus>
		<volumeminus>KEY_VOLUMEDOWN</volumeminus>
		<mute>KEY_MUTE</mute>
		<power>KEY_POWER</power>
		<one>KEY_1</one>
		<two>KEY_2</two>
		<three>KEY_3</three>
		<four>KEY_4</four>
		<five>KEY_5</five>
		<six>KEY_6</six>
		<seven>KEY_7</seven>
		<eight>KEY_8</eight>
		<nine>KEY_9</nine>
		<zero>KEY_0</zero>
	</remote>

	<remote device="anysee">
		<pause>pause</pause>
		<stop>stop</stop>
		<forward>f1</forward>
		<reverse>f2</reverse>
		<left>left</left>
		<right>right</right>
		<up>chan-up</up>
		<down>chan-down</down>
		<select>ok</select>
		<back>exit</back>
		<menu>menu</menu>
		<title>play</title>
		<info>info</info>
		<skipplus>jump-fwd</skipplus>
		<skipminus>jump-back</skipminus>
		<display>size</display>
		<start>star</start>
		<record>rec</record>
		<volumeplus></volumeplus>
		<volumeminus></volumeminus>
		<mute>mute</mute>
		<power>power</power>
		<one>1</one>
		<two>2</two>
		<three>3</three>
		<four>4</four>
		<five>5</five>
		<six>6</six>
		<seven>7</seven>
		<eight>8</eight>
		<nine>9</nine>
		<zero>0</zero>
		<red>red</red>
		<green>green</green>
		<yellow>yellow</yellow>
		<blue>blue</blue>
		<subtitle>subtitle</subtitle>
		<language>audio</language>
	</remote>
	<remote device="iMON-PAD">
		<power>Power</power>
		<record>Record</record>
		<play>Play</play>
		<reverse>Rewind</reverse>
		<pause>Pause</pause>
		<stop>Stop</stop>
		<forward>FastForward</forward>
		<left>Left</left>
		<right>Right</right>
		<up>Up</up>
		<down>Down</down>
		<select>Enter</select>
		<pageplus>Ch+</pageplus>
		<pageminus>Ch-</pageminus>
		<back>Esc</back>
		<back>Backspace</back>
		<menu>Multimon</menu>
		<title>MouseMenu</title>
		<info>SelectSpace</info>
		<skipplus>NextChapter</skipplus>
		<skipminus>PrevChapter</skipminus>
		<display>FullScreen</display>
		<start>MultiMon</start>
		<volumeplus>Vol+</volumeplus>
		<volumeminus>Vol-</volumeminus>
		<mute>Mute</mute>
		<myvideo>MyMovie</myvideo>
		<mymusic>MyMusic</mymusic>
		<mypictures>MyPhoto</mypictures>
		<mytv>MyTV</mytv>
		<one>1</one>
		<two>2</two>
		<three>3</three>
		<four>4</four>
		<five>5</five>
		<six>6</six>
		<seven>7</seven>
		<eight>8</eight>
		<nine>9</nine>
		<zero>0</zero>
		<subtitle>Language</subtitle>
	</remote>
	<remote device="Antec_Veris_RM200">
		<stop>KEY_STOP</stop>
		<pause>KEY_PAUSE</pause>
		<forward>KEY_FASTFORWARD</forward>
		<reverse>KEY_REWIND</reverse>
		<left>KEY_LEFT</left>
		<right>KEY_RIGHT</right>
		<up>KEY_UP</up>
		<down>KEY_DOWN</down>
		<select>KEY_ENTER</select>
		<pageplus>KEY_CHANNELUP</pageplus>
		<pageminus>KEY_CHANNELDOWN</pageminus>
		<back>KEY_BACKSPACE</back>
		<menu>KEY_MENU</menu>
		<play>KEY_PLAY</play>
		<info>Go</info>
		<skipplus>next</skipplus>
		<skipminus>prev</skipminus>
		<display>FullScreen</display>
		<start>applauncher</start>
		<record>KEY_RECORD</record>
		<volumeplus>KEY_VOLUMEUP</volumeplus>
		<volumeminus>KEY_VOLUMEDOWN</volumeminus>
		<mute>KEY_MUTE</mute>
		<power>KEY_POWER</power>
		<myvideo>KEY_VIDEO</myvideo>
		<mymusic>KEY_AUDIO</mymusic>
		<mypictures>KEY_PHOTO</mypictures>
		<mytv>KEY_TV</mytv>
		<one>KEY_1</one>
		<two>KEY_2</two>
		<three>KEY_3</three>
		<four>KEY_4</four>
		<five>KEY_5</five>
		<six>KEY_6</six>
		<seven>KEY_7</seven>
		<eight>KEY_8</eight>
		<nine>KEY_9</nine>
		<zero>KEY_0</zero>
		<star>Star</star>
		<hash>Hash</hash>
		<playlist>KEY_BOOKMARKS</playlist>
		<teletext>Thumbnail</teletext>
		<title>TaskSwitcher</title>
	</remote>
	<remote	device="MCE_via_iMON">
		<play>KEY_PLAY</play>
		<pause>KEY_PAUSE</pause>
		<stop>KEY_STOP</stop>
		<forward>KEY_FASTFORWARD</forward>
		<reverse>KEY_REWIND</reverse>
		<left>KEY_LEFT</left>
		<right>KEY_RIGHT</right>
		<up>KEY_UP</up>
		<down>KEY_DOWN</down>
		<select>KEY_OK</select>
		<pageplus>KEY_CHANNELUP</pageplus>
		<pageminus>KEY_CHANNELDOWN</pageminus>
		<back>KEY_BACKSPACE</back>
		<menu>PreviousMenu</menu>
		<title>Guide</title>
		<info>KEY_INFO</info>
		<skipplus>KEY_SKIP</skipplus>
		<skipminus>KEY_REPLAY</skipminus>
		<display>Teletext</display>
		<start>WindowsMCE</start>
		<record>KEY_RECORD</record>
		<volumeplus>KEY_VOLUMEUP</volumeplus>
		<volumeminus>KEY_VOLUMEDOWN</volumeminus>
		<mute>KEY_MUTE</mute>
		<power>KEY_POWER</power>
		<myvideo>KEY_VIDEO</myvideo>
		<mymusic>KEY_AUDIO</mymusic>
		<mypictures>KEY_PHOTO</mypictures>
		<mytv>KEY_TV</mytv>
		<one>KEY_ONE</one>
		<two>KEY_TWO</two>
		<three>KEY_THREE</three>
		<four>KEY_FOUR</four>
		<five>KEY_FIVE</five>
		<six>KEY_SIX</six>
		<seven>KEY_SEVEN</seven>
		<eight>KEY_EIGHT</eight>
		<nine>KEY_NINE</nine>
		<zero>KEY_ZERO</zero>
		<star>Star</star>
		<hash>Hash</hash>
		<clear>KEY_DELETE</clear>
		<enter>KEY_ENTER</enter>
		<red>Red</red>
		<green>Green</green>
		<yellow>Yellow</yellow>
		<blue>Blue</blue>
	</remote>
	<remote device="TwinHanRemote">
		<display>fullscreen</display>
		<power>power</power>
		<one>1</one>
		<two>2</two>
		<three>3</three>
		<four>4</four>
		<five>5</five>
		<six>6</six>
		<seven>7</seven>
		<eight>8</eight>
		<nine>9</nine>
		<record>rec</record>
		<zero>0</zero>
		<myvideo>favorite</myvideo>
		<volumeminus>rewind</volumeminus>
		<volumeplus>forward</volumeplus>
		<up>ch+</up>
		<left>vol-</left>
		<select>play</select>
		<right>vol+</right>
		<down>ch-</down>
		<menu>recall</menu>
		<stop>stop</stop>
		<pause>pause</pause>
		<mute>mute</mute>
		<info>epg</info>
		<recordedtv>recordlist</recordedtv>
		<title>teletext</title>
	</remote>

	<remote device="linux-input-layer">
		<altname>cx23885_remote</altname>
		<left>KEY_LEFT</left>
		<right>KEY_RIGHT</right>
		<up>KEY_UP</up>
		<down>KEY_DOWN</down>
		<select>KEY_OK</select>
		<select>KEY_ENTER</select>
		<enter>KEY_ENTER</enter>
		<clear>KEY_DELETE</clear>
		<start>KEY_SELECT</start>
		<start>KEY_PROG1</start>
		<start>KEY_HOME</start>
		<back>KEY_ESC</back>
		<back>KEY_EXIT</back>
		<back>KEY_BACK</back>
		<back>KEY_CLOSE</back>
		<record>KEY_RECORD</record>
		<play>KEY_PLAY</play>
		<play>KEY_PLAYPAUSE</play>
		<pause>KEY_PAUSE</pause>
		<stop>KEY_STOP</stop>
		<stop>KEY_STOPCD</stop>
		<forward>KEY_FASTFORWARD</forward>
		<reverse>KEY_REWIND</reverse>
		<volumeplus>KEY_VOLUMEUP</volumeplus>
		<volumeminus>KEY_VOLUMEDOWN</volumeminus>
		<pageplus>KEY_CHANNELUP</pageplus>
		<pageminus>KEY_CHANNELDOWN</pageminus>
		<skipplus>KEY_NEXTSONG</skipplus>
		<skipplus>KEY_NEXT</skipplus>
		<skipminus>KEY_PREVIOUSSONG</skipminus>
		<skipminus>KEY_PREVIOUS</skipminus>
		<title>KEY_TITLE</title>
		<guide>KEY_EPG</guide>
		<subtitle>KEY_SUBTITLE</subtitle>
		<language>KEY_LANGUAGE</language>
		<mute>KEY_MUTE</mute>
		<power>KEY_POWER</power>
		<myvideo>KEY_VIDEO</myvideo>
		<mymusic>KEY_AUDIO</mymusic>
		<mypictures>KEY_MHP</mypictures>
		<mypictures>KEY_CAMERA</mypictures>
		<mytv>KEY_TV</mytv>
		<liveradio>KEY_RADIO</liveradio>
		<livetv>KEY_TUNER</livetv>
		<one>KEY_1</one>
		<two>KEY_2</two>
		<three>KEY_3</three>
		<four>KEY_4</four>
		<five>KEY_5</five>
		<six>KEY_6</six>
		<seven>KEY_7</seven>
		<eight>KEY_8</eight>
		<nine>KEY_9</nine>
		<zero>KEY_0</zero>
		<one>KEY_NUMERIC_1</one>
		<two>KEY_NUMERIC_2</two>
		<three>KEY_NUMERIC_3</three>
		<four>KEY_NUMERIC_4</four>
		<five>KEY_NUMERIC_5</five>
		<six>KEY_NUMERIC_6</six>
		<seven>KEY_NUMERIC_7</seven>
		<eight>KEY_NUMERIC_8</eight>
		<nine>KEY_NUMERIC_9</nine>
		<zero>KEY_NUMERIC_0</zero>
		<star>KEY_NUMERIC_STAR</star>
		<hash>KEY_NUMERIC_POUND</hash>
		<red>KEY_RED</red>
		<green>KEY_GREEN</green>
		<yellow>KEY_YELLOW</yellow>
		<blue>KEY_BLUE</blue>
		<menu>KEY_DVD</menu>
		<menu>KEY_MENU</menu>
		<info>KEY_INFO</info>
		<info>KEY_PROPS</info>
		<display>KEY_ANGLE</display>
		<display>KEY_ZOOM</display>
		<recordedtv>KEY_PVR</recordedtv>
		<teletext>KEY_TEXT</teletext>
		<clear>KEY_DELETE</clear>
	</remote>
	<remote device="mediacenter">
		<pause>pause</pause>
		<stop>stop</stop>
		<forward>fwd</forward>
		<reverse>rew</reverse>
		<left>left</left>
		<right>right</right>
		<up>up</up>
		<down>down</down>
		<select>ok</select>
		<pageplus>ch+</pageplus>
		<pageminus>ch-</pageminus>
		<back>back</back>
		<menu>clear</menu>
		<title>play</title>
		<info>info</info>
		<skipplus>next</skipplus>
		<skipminus>prev</skipminus>
		<display>teletext</display>
		<start>ehome</start>
		<record>rec</record>
		<volumeplus>vol+</volumeplus>
		<volumeminus>vol-</volumeminus>
		<mute>mute</mute>
		<power>power</power>
		<myvideo>video</myvideo>
		<mymusic>music</mymusic>
		<mypictures>pictures</mypictures>
		<mytv>tv</mytv>
		<one>1</one>
		<two>2</two>
		<three>3</three>
		<four>4</four>
		<five>5</five>
		<six>6</six>
		<seven>7</seven>
		<eight>8</eight>
		<nine>9</nine>
		<zero>0</zero>
		<mytv>red</mytv>
		<mymusic>green</mymusic>
		<mypictures>yellow</mypictures>
		<myvideo>blue</myvideo>
	</remote>

	<remote device="devinput">
		<left>KEY_LEFT</left>
		<right>KEY_RIGHT</right>
		<up>KEY_UP</up>
		<down>KEY_DOWN</down>
		<select>KEY_OK</select>
		<enter>KEY_ENTER</enter>
		<clear>KEY_DELETE</clear>
		<start>KEY_MEDIA</start>
		<back>KEY_EXIT</back>
		<record>KEY_RECORD</record>
		<play>KEY_PLAY</play>
		<pause>KEY_PAUSE</pause>
		<stop>KEY_STOP</stop>
		<forward>KEY_FASTFORWARD</forward>
		<reverse>KEY_REWIND</reverse>
		<volumeplus>KEY_VOLUMEUP</volumeplus>
		<volumeminus>KEY_VOLUMEDOWN</volumeminus>
		<pageplus>KEY_CHANNELUP</pageplus>
		<pageminus>KEY_CHANNELDOWN</pageminus>
		<skipplus>KEY_NEXT</skipplus>
		<skipminus>KEY_PREVIOUS</skipminus>
		<guide>KEY_EPG</guide>
		<title>KEY_TITLE</title>
		<subtitle>KEY_SUBTITLE</subtitle>
		<language>KEY_LANGUAGE</language>
		<info>KEY_INFO</info>
		<display>KEY_ZOOM</display>
		<mute>KEY_MUTE</mute>
		<power>KEY_POWER</power>
		<eject>KEY_EJECTCD</eject>
		<eject>KEY_EJECTCLOSECD</eject>
		<menu>KEY_DVD</menu>
		<menu>KEY_MENU</menu>
		<myvideo>KEY_VIDEO</myvideo>
		<mymusic>KEY_AUDIO</mymusic>
		<mypictures>KEY_CAMERA</mypictures>
		<livetv>KEY_TUNER</livetv>
		<mytv>KEY_TV</mytv>
		<teletext>KEY_TEXT</teletext>
		<one>KEY_NUMERIC_1</one>
		<two>KEY_NUMERIC_2</two>
		<three>KEY_NUMERIC_3</three>
		<four>KEY_NUMERIC_4</four>
		<five>KEY_NUMERIC_5</five>
		<six>KEY_NUMERIC_6</six>
		<seven>KEY_NUMERIC_7</seven>
		<eight>KEY_NUMERIC_8</eight>
		<nine>KEY_NUMERIC_9</nine>
		<zero>KEY_NUMERIC_0</zero>
		<star>KEY_NUMERIC_STAR</star>
		<hash>KEY_NUMERIC_POUND</hash>
		<red>KEY_RED</red>
		<green>KEY_GREEN</green>
		<yellow>KEY_YELLOW</yellow>
		<blue>KEY_BLUE</blue>
		<recordedtv>KEY_PVR</recordedtv>
		<liveradio>KEY_RADIO</liveradio>
	</remote>

	<remote device="devinput-32">
		<left>KEY_LEFT</left>
		<right>KEY_RIGHT</right>
		<up>KEY_UP</up>
		<down>KEY_DOWN</down>
		<select>KEY_OK</select>
		<enter>KEY_ENTER</enter>
		<clear>KEY_DELETE</clear>
		<start>KEY_MEDIA</start>
		<back>KEY_EXIT</back>
		<record>KEY_RECORD</record>
		<play>KEY_PLAY</play>
		<pause>KEY_PAUSE</pause>
		<stop>KEY_STOP</stop>
		<forward>KEY_FASTFORWARD</forward>
		<reverse>KEY_REWIND</reverse>
		<volumeplus>KEY_VOLUMEUP</volumeplus>
		<volumeminus>KEY_VOLUMEDOWN</volumeminus>
		<pageplus>KEY_CHANNELUP</pageplus>
		<pageminus>KEY_CHANNELDOWN</pageminus>
		<skipplus>KEY_NEXT</skipplus>
		<skipminus>KEY_PREVIOUS</skipminus>
		<guide>KEY_EPG</guide>
		<title>KEY_TITLE</title>
		<subtitle>KEY_SUBTITLE</subtitle>
		<language>KEY_LANGUAGE</language>
		<info>KEY_INFO</info>
		<display>KEY_ZOOM</display>
		<mute>KEY_MUTE</mute>
		<power>KEY_POWER</power>
		<eject>KEY_EJECTCD</eject>
		<eject>KEY_EJECTCLOSECD</eject>
		<menu>KEY_DVD</menu>
		<menu>KEY_MENU</menu>
		<myvideo>KEY_VIDEO</myvideo>
		<mymusic>KEY_AUDIO</mymusic>
		<mypictures>KEY_CAMERA</mypictures>
		<livetv>KEY_TUNER</livetv>
		<mytv>KEY_TV</mytv>
		<teletext>KEY_TEXT</teletext>
		<one>KEY_NUMERIC_1</one>
		<two>KEY_NUMERIC_2</two>
		<three>KEY_NUMERIC_3</three>
		<four>KEY_NUMERIC_4</four>
		<five>KEY_NUMERIC_5</five>
		<six>KEY_NUMERIC_6</six>
		<seven>KEY_NUMERIC_7</seven>
		<eight>KEY_NUMERIC_8</eight>
		<nine>KEY_NUMERIC_9</nine>
		<zero>KEY_NUMERIC_0</zero>
		<star>KEY_NUMERIC_STAR</star>
		<hash>KEY_NUMERIC_POUND</hash>
		<red>KEY_RED</red>
		<green>KEY_GREEN</green>
		<yellow>KEY_YELLOW</yellow>
		<blue>KEY_BLUE</blue>
		<recordedtv>KEY_PVR</recordedtv>
		<liveradio>KEY_RADIO</liveradio>
	</remote>

	<remote device="devinput-64">
		<left>KEY_LEFT</left>
		<right>KEY_RIGHT</right>
		<up>KEY_UP</up>
		<down>KEY_DOWN</down>
		<select>KEY_OK</select>
		<enter>KEY_ENTER</enter>
		<clear>KEY_DELETE</clear>
		<start>KEY_MEDIA</start>
		<back>KEY_EXIT</back>
		<record>KEY_RECORD</record>
		<play>KEY_PLAY</play>
		<pause>KEY_PAUSE</pause>
		<stop>KEY_STOP</stop>
		<forward>KEY_FASTFORWARD</forward>
		<reverse>KEY_REWIND</reverse>
		<volumeplus>KEY_VOLUMEUP</volumeplus>
		<volumeminus>KEY_VOLUMEDOWN</volumeminus>
		<pageplus>KEY_CHANNELUP</pageplus>
		<pageminus>KEY_CHANNELDOWN</pageminus>
		<skipplus>KEY_NEXT</skipplus>
		<skipminus>KEY_PREVIOUS</skipminus>
		<guide>KEY_EPG</guide>
		<title>KEY_TITLE</title>
		<subtitle>KEY_SUBTITLE</subtitle>
		<language>KEY_LANGUAGE</language>
		<info>KEY_INFO</info>
		<display>KEY_ZOOM</display>
		<mute>KEY_MUTE</mute>
		<power>KEY_POWER</power>
		<eject>KEY_EJECTCD</eject>
		<eject>KEY_EJECTCLOSECD</eject>
		<menu>KEY_DVD</menu>
		<menu>KEY_MENU</menu>
		<myvideo>KEY_VIDEO</myvideo>
		<mymusic>KEY_AUDIO</mymusic>
		<mypictures>KEY_CAMERA</mypictures>
		<livetv>KEY_TUNER</livetv>
		<mytv>KEY_TV</mytv>
		<teletext>KEY_TEXT</teletext>
		<one>KEY_NUMERIC_1</one>
		<two>KEY_NUMERIC_2</two>
		<three>KEY_NUMERIC_3</three>
		<four>KEY_NUMERIC_4</four>
		<five>KEY_NUMERIC_5</five>
		<six>KEY_NUMERIC_6</six>
		<seven>KEY_NUMERIC_7</seven>
		<eight>KEY_NUMERIC_8</eight>
		<nine>KEY_NUMERIC_9</nine>
		<zero>KEY_NUMERIC_0</zero>
		<star>KEY_NUMERIC_STAR</star>
		<hash>KEY_NUMERIC_POUND</hash>
		<red>KEY_RED</red>
		<green>KEY_GREEN</green>
		<yellow>KEY_YELLOW</yellow>
		<blue>KEY_BLUE</blue>
		<recordedtv>KEY_PVR</recordedtv>
		<liveradio>KEY_RADIO</liveradio>
	</remote>
</lircmap>
