<?xml version="1.0" encoding="UTF-8"?>
<addon
  id="audiodecoder.timidity"
  version="20.2.0"
  name="Timidity Audio Decoder"
  provider-name="spiff">
  <requires>
<import addon="kodi.binary.global.main" minversion="2.0.0" version="2.0.2"/>
<import addon="kodi.binary.global.general" minversion="1.0.4" version="1.0.5"/>
<import addon="kodi.binary.global.filesystem" minversion="1.1.7" version="1.1.8"/>
<import addon="kodi.binary.global.tools" minversion="1.0.0" version="1.0.4"/>
<import addon="kodi.binary.instance.audiodecoder" minversion="4.0.0" version="4.0.0"/></requires>
  <extension
    point="kodi.audiodecoder"
    name="mid"
    tags="true"
    library_linux="audiodecoder.timidity.so.20.2.0">
    <support>
      <extension name=".mid">
        <description>30100</description>
      </extension>
      <extension name=".kar">
        <description>30101</description>
      </extension>
    </support>
  </extension>
  <extension point="xbmc.addon.metadata">
    <platform>linux</platform>
    <license>GPL-2.0-or-later</license>
    <source>https://github.com/xbmc/audiodecoder.timidity</source>
    <assets>
      <icon>icon.png</icon>
    </assets>
    <summary lang="ca_ES">Sintetitzador de programari MIDI</summary>
    <summary lang="da_DK">MIDI Software-synthesizer</summary>
    <summary lang="de_DE">MIDI Software Synthesizer</summary>
    <summary lang="en_GB">MIDI Software synthesizer</summary>
    <summary lang="es_ES">Sintetizador MIDI por software</summary>
    <summary lang="fi_FI">MIDI (Musical Instrument Digital Interface) -ohjelmistosyntetisaattori</summary>
    <summary lang="fr_FR">Synthétiseur logiciel MIDI</summary>
    <summary lang="hr_HR">MIDI Software sintersajezer</summary>
    <summary lang="id_ID">Synthesizer Perangkat Lunak MIDI</summary>
    <summary lang="it_IT">Sintetizzatore software MIDI</summary>
    <summary lang="ko_KR">MIDI 소프트웨어 신디사이저</summary>
    <summary lang="nl_NL">MIDI Software synthesizer</summary>
    <summary lang="pl_PL">Syntezator programowy MIDI</summary>
    <summary lang="ru_RU">Программный синтезатор MIDI</summary>
    <summary lang="zh_CN">MIDI 软件合成器</summary>
    <description lang="ca_ES">TiMidity és un sintetitzador per programari que pot reproduir fitxers MIDI sense un sintetitzador de maquinari.[CR][CR]Per utilitzar TiMidity necessites un fitxer de configuració timidity.cfg o fonts de so. Copieu aquests fitxers al directori que voleu emmagatzemar-los i seleccioneu-los a la configuració del complement.</description>
    <description lang="da_DK">TiMidity er en software-synthesizer, der kan afspille MIDI-filer uden en hardware-synthesizer.[CR][CR]For at bruge TiMidity skal du have en fungerende timidity.cfg-konfigurationsfil eller lydskrifttyper. Kopier disse filer til de mapper, hvor du vil gemme, og vælg dem i add-on-indstillingerne.</description>
    <description lang="de_DE">TiMidity ist ein Software-Synthesizer, der MIDI-Dateien ohne Hardware-Synthesizer abspielen kann.[CR][CR]Um TiMidity verwenden zu können, benötigen Sie eine funktionierende Konfigurationsdatei timidity.cfg oder Sound-Schriftarten. Kopieren Sie diese Dateien in das Verzeichnis, das Sie speichern möchten, und wählen Sie sie in den Addon-Einstellungen aus.</description>
    <description lang="en_GB">TiMidity is a software synthesizer that can play MIDI files without a hardware synthesizer.[CR][CR]To use TiMidity you need a working timidity.cfg config file or sound fonts. Copy this files into the directory you intend to store and select it in the Add-on Settings.</description>
    <description lang="es_ES">TiMidity es un sintetizador por software que puede reproducir archivos MIDI sin un sintetizador hardware.[CR][CR]Para usar TiMidity se ecesita un archivo valido de configuración timidity.cfg o Sound Fonts. Copie esos ficheros en la carpeta donde desee alojarlos e indíquela en los ajustes del addon.</description>
    <description lang="fi_FI">TiMidity on ohjelmistosyntetisaattori, joka pystyy toistamaan MIDI-tiedostoja ilman laitteistosyntetisaattoria.[CR][CR]TiMidityn käyttämiseen tarvitaan toimiva timidity.cfg-määritystiedosto tai SoundFont-teidostoja. Kopioi nämä tiedostot kansioon, jonka aiot säilyttää, ja valitse se lisäosan asetuksista.</description>
    <description lang="fr_FR">TiMidity est un synthétiseur logiciel capable de lire des fichiers MIDI sans synthétiseur matériel.[CR][CR]Pour utiliser TiMidity, vous avez besoin d&apos;un fichier de configuration timidity.cfg fonctionnel ou de polices sonores. Copier ces fichiers dans le répertoire que vous avez l&apos;intention de stocker et le sélectionner dans les paramètres du module complémentaire.</description>
    <description lang="hr_HR">TiMidity je softverski sintersajzer koji može reproducirati MIDI datoteke bez hardverskog sintersajzera.[CR][CR]Za korištenje TiMidity trebate ispranu timidity.cfg datoteku podešavanja ili zvučni font. Kopirajte te datoteke u željeni direktorij i odaberite ga u postavkama dodatka.</description>
    <description lang="id_ID">TiMidity adalah synthesizer perangkat lunak yang dapat memutar file MIDI tanpa synthesizer perangkat keras.[CR][CR]Untuk menggunakan TiMidity, Anda memerlukan file konfigurasi timidity.cfg atau font suara yang berfungsi. Salin file ini ke direktori yang ingin Anda simpan dan pilih di Pengaturan Add-on.</description>
    <description lang="it_IT">TiMidity è un sintetizzatore software in grado di riprodurre file MIDI senza un sintetizzatore hardware.[CR][CR]Per utilizzare TiMidity è necessario un file di configurazione timidity.cfg funzionante o dei soundfont audio. Copia questi file in una cartella e dopo selezionala nelle impostazioni dell&apos;add-on.</description>
    <description lang="ko_KR">TiMidity는 하드웨어 신디사이저 없이 MIDI 파일을 재생할 수 있는 소프트웨어 신디사이저입니다.[CR][CR]TiMidity를 사용하려면 작동하는 timidity.cfg 구성 파일 또는 사운드 글꼴이 필요합니다. 이 파일을 저장하려는 디렉토리에 복사하고 애드온 설정에서 선택하십시오.</description>
    <description lang="nl_NL">TiMidity is een software-synthesizer die MIDI-files kan afspelen zonder een hardware-synthesizer.[CR][CR]Voor TiMidity heb je een werkend timidity.cfg configbestand of geluidsfonts nodig. Kopieer deze bestanden naar de folder die je gaat gebruiken voor opslag, en kies deze in de add-on instellingen.</description>
    <description lang="pl_PL">TiMidity to syntezator programowy, który może odtwarzać pliki MIDI bez syntezatora sprzętowego.[CR][CR]Aby korzystać z TiMidity, potrzebujesz działającego pliku konfiguracyjnego timidity.cfg lub soundfontów. Skopiuj te pliki do katalogu, w który zamierzasz je przechowywać i wybierz w ustawieniach dodatku.</description>
    <description lang="ru_RU">TiMidity - это программный синтезатор, который может воспроизводить MIDI-файлы без аппаратного синтезатора.[CR][CR]Для использования TiMidity вам необходим рабочий файл конфигурации timidity.cfg или soundfonts. Скопируйте эти файлы в рабочий каталог и выберите его в настройках дополнения.</description>
    <description lang="zh_CN">TiMidity 是一个软件合成器，可以在没有硬件合成器的情况下播放 MIDI 文件。[CR][CR]要使用 TiMidity，您需要一个工作的 TiMidity.cfg 配置文件或音色库。将此文件复制到指定目录中，并在插件设置中选择它。</description>
  </extension>
</addon>
