<?xml version="1.0" encoding="UTF-8"?>
<addon id="resource.uisounds.kodi" version="1.0.1" name="Kodi UI Sounds" provider-name="Team Kodi">
  <requires>
    <import addon="kodi.resource" version="1.0.0"/>
  </requires>
  <extension point="kodi.resource.uisounds"/>
  <extension point="kodi.addon.metadata">
    <summary lang="en">Kodi GUI sounds</summary>
    <description lang="en">Kodi GUI sounds</description>
    <platform>all</platform>
    <assets>
      <icon>icon.png</icon>
    </assets>
  </extension>
</addon>
