<?xml version="1.0" encoding="UTF-8"?>
<addon
  id="audiodecoder.ncsf"
  version="20.2.0"
  name="NCSF Audio Decoder"
  provider-name="spiff">
  <requires>
<import addon="kodi.binary.global.main" minversion="2.0.0" version="2.0.2"/>
<import addon="kodi.binary.global.filesystem" minversion="1.1.7" version="1.1.8"/>
<import addon="kodi.binary.instance.audiodecoder" minversion="4.0.0" version="4.0.0"/></requires>
  <extension
    point="kodi.audiodecoder"
    name="ncsf"
    tags="true"
    library_linux="audiodecoder.ncsf.so.20.2.0">
    <support>
      <extension name=".minincsf">
        <description>30100</description>
        <icon>icon.png</icon>
      </extension>
    </support>
  </extension>
  <extension point="xbmc.addon.metadata">
    <platform>linux</platform>
    <license>GPL-2.0-or-later</license>
    <source>https://github.com/xbmc/audiodecoder.ncsf</source>
    <assets>
      <icon>icon.png</icon>
    </assets>
    <summary lang="ca_ES">Descodificador d&apos;àudio NCSF (Nitro Composer Sound Format)</summary>
    <summary lang="da_DK">NCSF (Nitro Composer Sound Format) lydafkoder</summary>
    <summary lang="de_DE">NCSF (Nitro Composer Sound Format) Audio Decoder</summary>
    <summary lang="en_GB">NCSF (Nitro Composer Sound Format) Audio Decoder</summary>
    <summary lang="es_ES">Decodificador de Audio NCSF (Nitro Composer Sound Format)</summary>
    <summary lang="es_MX">Decodificador de audio NCSF (Nitro Composer Sound Format)</summary>
    <summary lang="fi_FI">NCSF (Nitro Composer Sound Format) -äänidekooderi</summary>
    <summary lang="fr_FR">Décodeur audio NCSF (Nitro Composer Sound Format)</summary>
    <summary lang="hr_HR">NCSF (Nitro Composer Sound Format) zvučni dekôder</summary>
    <summary lang="it_IT">NCSF (Nitro Composer Sound Format) Audio Decoder</summary>
    <summary lang="ko_KR">NCSF (Nitro Composer Sound Format) 오디오 디코더</summary>
    <summary lang="ru_RU">Аудиодекодер NCSF (Nitro Composer Sound Format)</summary>
    <summary lang="uk_UA">Декодер аудіо NCSF (Nitro Composer Sound Format)</summary>
    <summary lang="zh_CN">NCSF（Nitro Composer 声音格式）音频解码器</summary>
    <description lang="ca_ES">Afegeix suport de descodificació per a fitxers d&apos;àudio Nitro Composer Sound Format (.NCSF/.MININCSF).[CR][CR]Nitro Composer Sound Format (NCSF) és una música similar a PSF per a la de Nintendo DS, concretament la música que es va crear mitjançant Nitro Composer, un compositor de pistes que forma part del SDK Nitro de Nintendo per a la Nintendo DS.</description>
    <description lang="da_DK">Tilføjer afkodningsunderstøttelse af Nitro Composer Sound Format-filer (.NCSF / .MININCSF).[CR][CR]Nitro Composer Sound Format (NCSF) er en PSF-stil til Nintendo DS-musik. Det er især musik, der blev skabt via Nitro Composer; en tracker-lignende composer, der er en del af Nintendos Nitro SDK til Nintendo DS.</description>
    <description lang="de_DE">Fügt Dekodierungsunterstützung für Nitro Composer Sound Format-Dateien (.NCSF / .MININCSF) hinzu.[CR][CR]Das Nitro Composer Sound Format (NCSF) ist ein PSF-Stil für Nintendo DS-Musik, insbesondere Musik, die über Nitro Composer erstellt wurde, einen Tracker-ähnlichen Komponisten, der Teil des Nitro SDK von Nintendo für den Nintendo DS ist.</description>
    <description lang="en_GB">Adds decoding support for Nitro Composer Sound Format files (.NCSF/.MININCSF).[CR][CR]Nitro Composer Sound Format (NCSF) is a PSF-style for Nintendo DS music, specifically music that was created via Nitro Composer, a tracker-like composer that is part of Nintendo&apos;s Nitro SDK for the Nintendo DS.</description>
    <description lang="es_ES">Añade soporte para los archivos Nitro Composer Sound Format (.NCSF/.MININCSF).[CR][CR]Nitro Composer Sound Format (NCSF) es un tipo-PSF para la música de Nintendo DS, específicamente para la música creada con Nitro Composer, un compositor de música tipo tracker que forma parte del SDK Nitro de Nintendo para Nintendo DS.</description>
    <description lang="es_MX">Agrega soporte de decodificación para los archivos Nitro Composer Sound Format (.NCFS/.MININCFS).[CR][CR]Nitro Composer Sound Format (NCSF) es un tipo-PSF para música de Nintendo DS, específicamente música creada mediante Nitro Composer, un compositor tipo tracker que forma parte del SDK Nitro de Nintendo para la Nintendo DS.</description>
    <description lang="fi_FI">Lisää dekoodaustuen Nitro Composer Sound Format -tiedostoille (.NCSF/.MININCSF).[CR][CR]Nitro Composer Sound Format (NCSF) on PSF-tyyli Nintendo DS -musiikille, erityisesti tracker-tyylisellä Nitro Composer -sävellyssovelluksella luodulle musiikille. Se on osa Nintendo DS:n Nitro SDK:ta.</description>
    <description lang="fr_FR">Ajoute la prise en charge du décodage des fichiers Nitro Composer Sound Format (.NCSF/.MININCSF).[CR][CR]Nitro Composer Sound Format (NCSF) est un style PSF pour la musique Nintendo DS, en particulier la musique créée via Nitro Composer, un compositeur de type tracker qui fait partie du Nitro SDK de Nintendo pour la Nintendo DS.</description>
    <description lang="hr_HR">Dodaje podršku dekôdiranja za Nitro Composer Sound Format datoteke (.NCSF/.MININCSF).[CR][CR]Nitro Composer Sound Format (NCSF) je PSF-stil za Nintendo DS glazbu, specifična glazba koja je stvorena putem Nitro kompozitora, linijskog kompozitora koji je dio Nintendoovog Nitro SDK za Nintendo DS.</description>
    <description lang="it_IT">Aggiunge il supporto per la decodifica per i file Nitro Composer Sound Format (.NCSF/.MININCSF).[CR][CR]Nitro Composer Sound Format (NCSF) è uno stile PSF per la musica per Nintendo DS, in particolare la musica che è stata creata tramite Nitro Composer, un compositore simile a un tracker che fa parte del Nitro SDK di Nintendo per Nintendo DS.</description>
    <description lang="ko_KR">Nitro Composer Sound Format 파일(.NCSF/.MININCSF)에 대한 디코딩 지원을 추가합니다.[CR][CR]Nitro Composer Sound Format (NCSF)은 Nintendo DS 음악, 특히 Nintendo DS용 Nintendo Nitro SDK를 일부 추종하 Nitro Composer를 통해 생성된 음악을 위한 PSF 스타일입니다.</description>
    <description lang="ru_RU">Добавляет поддержку декодирования файлов Nitro Composer Sound Format (.NCSF/.MININCSF).[CR][CR]Nitro Composer Sound Format (NCSF) - это PSF-стиль для музыки Nintendo DS, в частности музыки, созданной с помощью Nitro Composer, который является частью Nitro SDK Nintendo для Nintendo DS.</description>
    <description lang="uk_UA">Додає підтримку декодування файлів Nitro Composer Sound Format (.NCSF/.MININCSF). [CR][CR]Nitro Composer Sound Format (NCSF) - це PSF-стиль для музики Nintendo DS, зокрема музики, що створена за допомогою Nitro Composer, який є частиною Nitro SDK Nintendo для Nintendo DS.</description>
    <description lang="zh_CN">增加了对 Nitro Composer 声音格式文件（.NCSF/.MININCSF）的解码支持。[CR][CR]Nitro Composer 声音格式（NCSF）是任天堂 DS 音乐的 PSF 风格，特别是通过 Nitro Composer 创建的音乐，Nitro Composer 是任天堂 DS Nitro SDK 的一部分，是一种类似于跟踪器的作曲家。</description>
  </extension>
</addon>
