<theme>
<formatVersion>7</formatVersion>
<include>./../theme.xml</include>

<view name="basic, detailed, video, grid">
  <text name="nameLabel" extra="true">
    <text>Atari Lynx</text>
  </text>
</view>    

<view name="system">

  <text name="sys_line2" extra="true">
    <text>Atari Lynx</text>
</text>
  <text name="shortdescription" extra="true">
   <text>1989  ·  16-bit Handheld Console</text>
  </text>
  <text name="longdescription" extra="true">
   <text>The Lynx was the world's first handheld electronic game with a color LCD and was also notable for its advanced graphics and ambidextrous layout</text>
  </text>
 </view>
</theme>
