<theme>
<formatVersion>7</formatVersion>
<include>./../theme.xml</include>

<view name="basic, detailed, video, grid">
  <text name="nameLabel" extra="true">
    <text>Nintendo GameBoy</text>
  </text>
</view>    

<view name="system">
  <text name="sys_line1" extra="true">
    <text>Nintendo</text>

  </text>
  <text name="sys_line2" extra="true">
    <text>GameBoy</text>

</text>
  <text name="shortdescription" extra="true">
   <text>1989  ·  8-bit Handheld Console</text>
  </text>
  <text name="longdescription" extra="true">
   <text>Nintendo's second handheld system following the Game & Watch series. It mainly competed with Game Gear and Lynx</text>
  </text>
 </view>
</theme>
