{
	"Version": 12,
	"Characters": [{
		"Class": "WarBaby",
		"Skin": "f4944c",
		"Arms": "004464",
		"Body": "003c58",
		"Legs": "34345c",
		"Hair": "ff0000",
		"speed": 256,
		"Gun": "Grenades",
		"maxHealth": 40,
		"flags": 2098176,
		"probabilityToMove": 0,
		"probabilityToTrack": 0,
		"probabilityToShoot": 0,
		"actionDelay": 15
	},
	{
		"Class": "Professor",
		"Skin": "dc8040",
		"Arms": "e8e8e8",
		"Body": "5c5c5c",
		"Legs": "004870",
		"Hair": "000000",
		"speed": 256,
		"Gun": "Grenades",
		"maxHealth": 40,
		"flags": 2098176,
		"probabilityToMove": 5,
		"probabilityToTrack": 0,
		"probabilityToShoot": 0,
		"actionDelay": 15
	},
	{
		"Class": "Wolf",
		"Skin": "f4944c",
		"Arms": "e8e8e8",
		"Body": "c47038",
		"Legs": "004870",
		"Hair": "5c5c5c",
		"speed": 256,
		"Gun": "Grenades",
		"maxHealth": 40,
		"flags": 2098176,
		"probabilityToMove": 5,
		"probabilityToTrack": 0,
		"probabilityToShoot": 0,
		"actionDelay": 15
	},
	{
		"Class": "Smith",
		"Skin": "f4944c",
		"Arms": "e8e8e8",
		"Body": "fcfcfc",
		"Legs": "004870",
		"Hair": "fce000",
		"speed": 256,
		"Gun": "Grenades",
		"maxHealth": 40,
		"flags": 2098176,
		"probabilityToMove": 5,
		"probabilityToTrack": 0,
		"probabilityToShoot": 0,
		"actionDelay": 15
	},
	{
		"Class": "Bob",
		"Skin": "c47038",
		"Arms": "fce000",
		"Body": "fce000",
		"Legs": "a00000",
		"Hair": "603000",
		"speed": 256,
		"Gun": "Grenades",
		"maxHealth": 40,
		"flags": 2098176,
		"probabilityToMove": 5,
		"probabilityToTrack": 0,
		"probabilityToShoot": 0,
		"actionDelay": 15
	},
	{
		"Class": "Lady",
		"Skin": "f4944c",
		"Arms": "c0fcfc",
		"Body": "c0fcfc",
		"Legs": "fc6800",
		"Hair": "fc6800",
		"speed": 256,
		"Gun": "Grenades",
		"maxHealth": 40,
		"flags": 2098176,
		"probabilityToMove": 0,
		"probabilityToTrack": 0,
		"probabilityToShoot": 0,
		"actionDelay": 15
	},
	{
		"Class": "Lady",
		"Skin": "ac5400",
		"Arms": "c0fcfc",
		"Body": "c0fcfc",
		"Legs": "489848",
		"Hair": "987098",
		"speed": 256,
		"Gun": "Grenades",
		"maxHealth": 40,
		"flags": 2098176,
		"probabilityToMove": 5,
		"probabilityToTrack": 0,
		"probabilityToShoot": 0,
		"actionDelay": 15
	},
	{
		"Class": "Jones",
		"Skin": "ac5400",
		"Arms": "c0fcfc",
		"Body": "004870",
		"Legs": "3c3c3c",
		"Hair": "fc6800",
		"speed": 256,
		"Gun": "Grenades",
		"maxHealth": 40,
		"flags": 2098176,
		"probabilityToMove": 15,
		"probabilityToTrack": 0,
		"probabilityToShoot": 0,
		"actionDelay": 15
	},
	{
		"Class": "Ogre Boss",
		"Skin": "00fcfc",
		"Arms": "c0fcfc",
		"Body": "fcfcfc",
		"Legs": "348434",
		"Hair": "00fc00",
		"speed": 256,
		"Gun": "Grenades",
		"maxHealth": 50,
		"flags": 2098176,
		"probabilityToMove": 15,
		"probabilityToTrack": 0,
		"probabilityToShoot": 0,
		"actionDelay": 15
	},
	{
		"Class": "Ogre",
		"Skin": "c0fcfc",
		"Arms": "489848",
		"Body": "489848",
		"Legs": "003038",
		"Hair": "c00000",
		"speed": 256,
		"Gun": "Grenades",
		"maxHealth": 50,
		"flags": 2098176,
		"probabilityToMove": 0,
		"probabilityToTrack": 0,
		"probabilityToShoot": 0,
		"actionDelay": 15
	},
	{
		"Class": "Ice",
		"Skin": "dc8040",
		"Arms": "707070",
		"Body": "880000",
		"Legs": "848484",
		"Hair": "000000",
		"speed": 256,
		"Gun": "Pistol",
		"maxHealth": 50,
		"flags": 25165824,
		"probabilityToMove": 15,
		"probabilityToTrack": 15,
		"probabilityToShoot": 15,
		"actionDelay": 15
	},
	{
		"Class": "Smith",
		"Skin": "f4944c",
		"Arms": "c0c0c0",
		"Body": "fc0000",
		"Legs": "989898",
		"Hair": "8c4400",
		"speed": 256,
		"Gun": "Machine Pistol",
		"maxHealth": 50,
		"flags": 25165824,
		"probabilityToMove": 0,
		"probabilityToTrack": 10,
		"probabilityToShoot": 25,
		"actionDelay": 15
	},
	{
		"Class": "Dragon",
		"Skin": "ac5400",
		"Arms": "707070",
		"Body": "e00000",
		"Legs": "848484",
		"Hair": "848484",
		"speed": 256,
		"Gun": "Pistol",
		"maxHealth": 50,
		"flags": 25165824,
		"probabilityToMove": 10,
		"probabilityToTrack": 20,
		"probabilityToShoot": 15,
		"actionDelay": 15
	},
	{
		"Class": "Ogre Boss",
		"Skin": "8484ac",
		"Arms": "707070",
		"Body": "a00000",
		"Legs": "707070",
		"Hair": "ac0000",
		"speed": 384,
		"Gun": "Shotgun",
		"maxHealth": 50,
		"flags": 25165824,
		"probabilityToMove": 25,
		"probabilityToTrack": 25,
		"probabilityToShoot": 10,
		"actionDelay": 15
	},
	{
		"Class": "Grunt",
		"Skin": "b85838",
		"Arms": "707070",
		"Body": "a00000",
		"Legs": "848484",
		"Hair": "544404",
		"speed": 384,
		"Gun": "Knife",
		"maxHealth": 50,
		"flags": 25165824,
		"probabilityToMove": 40,
		"probabilityToTrack": 50,
		"probabilityToShoot": 0,
		"actionDelay": 15
	},
	{
		"Class": "Lady",
		"Skin": "f4944c",
		"Arms": "707070",
		"Body": "a00000",
		"Legs": "acacac",
		"Hair": "fce000",
		"speed": 256,
		"Gun": "Sniper rifle",
		"maxHealth": 30,
		"flags": 41943040,
		"probabilityToMove": 15,
		"probabilityToTrack": 15,
		"probabilityToShoot": 15,
		"actionDelay": 15
	},
	{
		"Class": "Dragon",
		"Skin": "f4944c",
		"Arms": "707070",
		"Body": "a00000",
		"Legs": "acacac",
		"Hair": "fc0000",
		"speed": 256,
		"Gun": "Chemo bombs",
		"maxHealth": 30,
		"flags": 25166848,
		"probabilityToMove": 15,
		"probabilityToTrack": 15,
		"probabilityToShoot": 15,
		"actionDelay": 15
	},
	{
		"Class": "Mad bug-eye",
		"Skin": "845c84",
		"Arms": "fcfcfc",
		"Body": "a00000",
		"Legs": "acacac",
		"Hair": "fc0000",
		"speed": 256,
		"Gun": "Browny gun",
		"maxHealth": 30,
		"flags": 41944064,
		"probabilityToMove": 15,
		"probabilityToTrack": 15,
		"probabilityToShoot": 15,
		"actionDelay": 15
	},
	{
		"Class": "Mad bug-eye",
		"Skin": "00a400",
		"Arms": "fcfcfc",
		"Body": "a00000",
		"Legs": "484848",
		"Hair": "fc0000",
		"speed": 256,
		"Gun": "Chemo gun",
		"maxHealth": 50,
		"flags": 41944064,
		"probabilityToMove": 15,
		"probabilityToTrack": 15,
		"probabilityToShoot": 15,
		"actionDelay": 15
	},
	{
		"Class": "Lady",
		"Skin": "f4944c",
		"Arms": "707070",
		"Body": "a00000",
		"Legs": "acacac",
		"Hair": "502800",
		"speed": 448,
		"Gun": "Dynamite",
		"maxHealth": 30,
		"flags": 58721280,
		"probabilityToMove": 45,
		"probabilityToTrack": 5,
		"probabilityToShoot": 15,
		"actionDelay": 15
	},
	{
		"Class": "Lady",
		"Skin": "603000",
		"Arms": "707070",
		"Body": "e00000",
		"Legs": "3c3c3c",
		"Hair": "3c3c3c",
		"speed": 256,
		"Gun": "Machine gun",
		"maxHealth": 30,
		"flags": 41943040,
		"probabilityToMove": 15,
		"probabilityToTrack": 15,
		"probabilityToShoot": 15,
		"actionDelay": 15
	},
	{
		"Class": "Ogre",
		"Skin": "00c0c0",
		"Arms": "707070",
		"Body": "e00000",
		"Legs": "3c3c3c",
		"Hair": "c00000",
		"speed": 128,
		"Gun": "Molotovs",
		"maxHealth": 30,
		"flags": 58721792,
		"probabilityToMove": 15,
		"probabilityToTrack": 20,
		"probabilityToShoot": 20,
		"actionDelay": 15
	},
	{
		"Class": "Ogre",
		"Skin": "707098",
		"Arms": "fcfcfc",
		"Body": "d4d4d4",
		"Legs": "004870",
		"Hair": "c00000",
		"speed": 512,
		"Gun": "Molotovs",
		"maxHealth": 20,
		"flags": 40042496,
		"probabilityToMove": 30,
		"probabilityToTrack": 0,
		"probabilityToShoot": 0,
		"actionDelay": 15
	},
	{
		"Class": "Professor",
		"Skin": "f4944c",
		"Arms": "00fcfc",
		"Body": "00fcfc",
		"Legs": "f4944c",
		"Hair": "603000",
		"speed": 512,
		"Gun": "Molotovs",
		"maxHealth": 20,
		"flags": 40042496,
		"probabilityToMove": 30,
		"probabilityToTrack": 0,
		"probabilityToShoot": 0,
		"actionDelay": 15
	},
	{
		"Class": "Smith",
		"Skin": "9c4c00",
		"Arms": "282828",
		"Body": "202020",
		"Legs": "004870",
		"Hair": "140c00",
		"speed": 512,
		"Gun": "Molotovs",
		"maxHealth": 20,
		"flags": 40042496,
		"probabilityToMove": 30,
		"probabilityToTrack": 0,
		"probabilityToShoot": 0,
		"actionDelay": 15
	},
	{
		"Class": "Lady",
		"Skin": "402000",
		"Arms": "fc6800",
		"Body": "fc6800",
		"Legs": "282828",
		"Hair": "140c00",
		"speed": 512,
		"Gun": "Molotovs",
		"maxHealth": 20,
		"flags": 40042496,
		"probabilityToMove": 30,
		"probabilityToTrack": 0,
		"probabilityToShoot": 0,
		"actionDelay": 15
	},
	{
		"Class": "Wolf",
		"Skin": "c47038",
		"Arms": "fcfcfc",
		"Body": "d4d4d4",
		"Legs": "3c3c3c",
		"Hair": "ac0000",
		"speed": 512,
		"Gun": "Molotovs",
		"maxHealth": 20,
		"flags": 40042496,
		"probabilityToMove": 30,
		"probabilityToTrack": 0,
		"probabilityToShoot": 0,
		"actionDelay": 15
	},
	{
		"Class": "Lady",
		"Skin": "806c24",
		"Arms": "804000",
		"Body": "fcb800",
		"Legs": "348434",
		"Hair": "341c00",
		"speed": 512,
		"Gun": "Molotovs",
		"maxHealth": 20,
		"flags": 40042496,
		"probabilityToMove": 30,
		"probabilityToTrack": 0,
		"probabilityToShoot": 0,
		"actionDelay": 15
	},
	{
		"Class": "Lady",
		"Skin": "e08060",
		"Arms": "fcfcfc",
		"Body": "d4d4d4",
		"Legs": "004870",
		"Hair": "ac9834",
		"speed": 512,
		"Gun": "Molotovs",
		"maxHealth": 20,
		"flags": 40042496,
		"probabilityToMove": 30,
		"probabilityToTrack": 0,
		"probabilityToShoot": 0,
		"actionDelay": 15
	},
	{
		"Class": "Jones",
		"Skin": "a44424",
		"Arms": "489848",
		"Body": "d4d4d4",
		"Legs": "f4944c",
		"Hair": "00fc00",
		"speed": 512,
		"Gun": "Molotovs",
		"maxHealth": 20,
		"flags": 40042496,
		"probabilityToMove": 30,
		"probabilityToTrack": 0,
		"probabilityToShoot": 0,
		"actionDelay": 15
	},
	{
		"Class": "Ogre Boss",
		"Skin": "004870",
		"Arms": "489848",
		"Body": "00fc00",
		"Legs": "94802c",
		"Hair": "fce000",
		"speed": 320,
		"Gun": "Machine Pistol",
		"maxHealth": 100,
		"flags": 35782656,
		"probabilityToMove": 35,
		"probabilityToTrack": 0,
		"probabilityToShoot": 20,
		"actionDelay": 15
	},
	{
		"Class": "Ice",
		"Skin": "f4944c",
		"Arms": "489848",
		"Body": "00fc00",
		"Legs": "94802c",
		"Hair": "000000",
		"speed": 320,
		"Gun": "Machine gun",
		"maxHealth": 100,
		"flags": 35782656,
		"probabilityToMove": 35,
		"probabilityToTrack": 0,
		"probabilityToShoot": 20,
		"actionDelay": 15
	},
	{
		"Class": "WarBaby",
		"Skin": "a44424",
		"Arms": "489848",
		"Body": "00fc00",
		"Legs": "94802c",
		"Hair": "ff0000",
		"speed": 320,
		"Gun": "Shotgun",
		"maxHealth": 100,
		"flags": 35782656,
		"probabilityToMove": 35,
		"probabilityToTrack": 0,
		"probabilityToShoot": 20,
		"actionDelay": 15
	},
	{
		"Class": "Wolf",
		"Skin": "ac9834",
		"Arms": "489848",
		"Body": "00fc00",
		"Legs": "94802c",
		"Hair": "000000",
		"speed": 320,
		"Gun": "Powergun",
		"maxHealth": 100,
		"flags": 35782656,
		"probabilityToMove": 35,
		"probabilityToTrack": 0,
		"probabilityToShoot": 20,
		"actionDelay": 15
	},
	{
		"Class": "Lady",
		"Skin": "e08060",
		"Arms": "489848",
		"Body": "00fc00",
		"Legs": "94802c",
		"Hair": "fc4000",
		"speed": 320,
		"Gun": "Sniper rifle",
		"maxHealth": 100,
		"flags": 35782656,
		"probabilityToMove": 35,
		"probabilityToTrack": 0,
		"probabilityToShoot": 20,
		"actionDelay": 15
	},
	{
		"Class": "Lady",
		"Skin": "e08060",
		"Arms": "489848",
		"Body": "00fc00",
		"Legs": "707070",
		"Hair": "fc4000",
		"speed": 256,
		"Gun": "Machine gun",
		"maxHealth": 100,
		"flags": 36831232,
		"probabilityToMove": 35,
		"probabilityToTrack": 0,
		"probabilityToShoot": 20,
		"actionDelay": 15
	},
	{
		"Class": "Ice",
		"Skin": "e08060",
		"Arms": "489848",
		"Body": "00fc00",
		"Legs": "5c5c5c",
		"Hair": "000000",
		"speed": 256,
		"Gun": "Shotgun",
		"maxHealth": 100,
		"flags": 36831232,
		"probabilityToMove": 35,
		"probabilityToTrack": 0,
		"probabilityToShoot": 20,
		"actionDelay": 15
	},
	{
		"Class": "Cyborg",
		"Skin": "989898",
		"Arms": "c0c0c0",
		"Body": "707070",
		"Legs": "5c5c5c",
		"Hair": "ff0000",
		"speed": 64,
		"Gun": "Grenade Machine Gun",
		"maxHealth": 500,
		"flags": 25165824,
		"probabilityToMove": 45,
		"probabilityToTrack": 35,
		"probabilityToShoot": 30,
		"actionDelay": 15
	},
	{
		"Class": "Professor",
		"Skin": "cc6c4c",
		"Arms": "fcfcfc",
		"Body": "fcfcfc",
		"Legs": "989898",
		"Hair": "ac9834",
		"speed": 256,
		"Gun": "Grenades",
		"maxHealth": 180,
		"flags": 37488128,
		"probabilityToMove": 100,
		"probabilityToTrack": 0,
		"probabilityToShoot": 0,
		"actionDelay": 15
	},
	{
		"Class": "Cyborg",
		"Skin": "989898",
		"Arms": "c0c0c0",
		"Body": "707070",
		"Legs": "5c5c5c",
		"Hair": "ff0000",
		"speed": 64,
		"Gun": "Grenade Machine Gun",
		"maxHealth": 250,
		"flags": 25165824,
		"probabilityToMove": 45,
		"probabilityToTrack": 35,
		"probabilityToShoot": 30,
		"actionDelay": 15
	}]
}