<?xml version="1.0" encoding="UTF-8"?>
<addon
  id="audiodecoder.hvl"
  version="20.2.1"
  name="HivelyTracker Audio Decoder"
  provider-name="spiff">
  <requires>
<import addon="kodi.binary.global.main" minversion="2.0.0" version="2.0.2"/>
<import addon="kodi.binary.global.general" minversion="1.0.4" version="1.0.5"/>
<import addon="kodi.binary.global.filesystem" minversion="1.1.7" version="1.1.8"/>
<import addon="kodi.binary.instance.audiodecoder" minversion="4.0.0" version="4.0.0"/></requires>
  <extension
    point="kodi.audiodecoder"
    name="hvl"
    tracks="true"
    tags="true"
    library_linux="audiodecoder.hvl.so.20.2.1">
    <support>
      <extension name=".hvl">
        <description>30100</description>
      </extension>
      <extension name=".ahx">
        <description>30101</description>
      </extension>
    </support>
  </extension>
  <extension point="xbmc.addon.metadata">
    <platform>linux</platform>
    <license>GPL-2.0-or-later</license>
    <source>https://github.com/xbmc/audiodecoder.hvl</source>
    <assets>
      <icon>icon.png</icon>
    </assets>
    <summary lang="ca_ES">Descodificador d&apos;àudio HivelyTracker</summary>
    <summary lang="da_DK">HivelyTracker lydafkoder</summary>
    <summary lang="de_DE">HivelyTracker Audio-Decoder</summary>
    <summary lang="en_GB">HivelyTracker Audio Decoder</summary>
    <summary lang="es_ES">Decodificador de Audio HivelyTracker</summary>
    <summary lang="eu_ES">HivelyTracker Audio deskodetzailea</summary>
    <summary lang="fi_FI">HivelyTracker-äänidekooderi</summary>
    <summary lang="fr_FR">Décodeur audio HivelyTracker</summary>
    <summary lang="hr_HR">HivelyTracker zvučni dekôder</summary>
    <summary lang="it_IT">HivelyTracker Audio Decoder</summary>
    <summary lang="ko_KR">HivelyTracker 오디오 디코더</summary>
    <summary lang="ru_RU">Аудиодекодер HivelyTracker</summary>
    <summary lang="zh_CN">Hively Tracker 音频解码器</summary>
    <description lang="da_DK">Hively Tracker er et tracker-program baseret på AHX-formatet skabt i midten af 90&apos;erne af Dexter og Pink of Abyss. Formatet var relativt populært, og mange sange blev skabt og brugt i sceneproduktioner og spil. AHX blev designet til at skabe en meget SID-lignende lyd på Amiga.</description>
    <description lang="de_DE">HivelyTracker ist ein auf dem AHX-Format basierendes Tracker-Programm, welches in der Mitte der 90er Jahre von Dexter und Pink of Abyss kreiert wurde. Das Format war vergleichsweise populär. Viele Musikstücke wurden hergestellt und in Szeneproduktionen und Spielen verwendet. AHX war dafür gemacht, sehr SID-ähnlichen Sound auf dem Amiga zu erzeugen.</description>
    <description lang="en_GB">Hively Tracker is a tracker program based upon the AHX format created in the mid &apos;90s by Dexter and Pink of Abyss. The format was relatively popular, and many songs were created and used in scene productions and games. AHX was designed to create a very SID-like sound on the Amiga.</description>
    <description lang="es_ES">Hively Tracker es un programa de tracker basado en el formato AHX creado a mediados de los 90 por Dexter y Pink de Abyss. El formato fué relativamente popular, y se crearon muchas canciones y fué usado en producciones y juegos. AHX fué diseñado para crear un sonido muy similar al SID de Amiga.</description>
    <description lang="eu_ES">Hively Tracker bilatzaile-programa bat da, Dexter eta Pink of Abyssek 90. hamarkadan sortutako AHX formatuan oinarritua dagoena. Formatua nahiko ospetsua zen, eta abesti ugari sortu eta erabili ziren bai produkzio eta jokuetan ere. AHX, Amigan SID moduko soinu bat lortzeko diseinatu zen.</description>
    <description lang="fi_FI">Hively Tracker on AHX-muotoon perustuva tracker-ohjelma, jonka kehitti 90-luvun puolivälilssä demoryhmä &apos;Dexter and Pink of Abyss&apos;. Muoto oli suhteellisen suosittu ja monia kappaleita luotiin ja käytettiin kohtaustuotannoissa ja peleissä. AHX suunniteltiin luomaan hyvin SID-tyylinen ääni Amigalla.</description>
    <description lang="fr_FR">Hively Tracker est un programme de suivi basé sur le format AHX créé au milieu des années 90 par Dexter et Pink of Abyss. Le format était relativement populaire et de nombreuses chansons ont été créées et utilisées dans des productions de scènes et des jeux. AHX a été conçu pour créer un son très proche du SID sur l&apos;Amiga.</description>
    <description lang="hr_HR">Hively Tracker is program za praćenje temeljen na AHX formatu stvorenom sredinom 90-ih od strane Dexter i Pink of Abyss. Format je bio relativno popularan, i mnoge pjesme su stvorene s njime i korištene u produkcijskoj sceni i igrama. AHX je dizajniran da stvara zvuk poput SID-a na Amigi.</description>
    <description lang="it_IT">Hively Tracker è un programma tracker basato sul formato AHX creato a metà degli anni &apos;90 da Dexter e Pink of Abyss. Il formato era relativamente popolare e molte canzoni sono state create e utilizzate in produzioni di scene e giochi. AHX è stato progettato per creare un suono molto simile a SID sull&apos;Amiga.</description>
    <description lang="ko_KR">Hively Tracker는 Abyss의 Dexter와 Pink가 90년대 중반에 만든 AHX 형식을 기반으로 하는 트래커 프로그램입니다. 형식은 상대적으로 인기가 있었고 많은 노래가 만들어지고 장면 제작 및 게임에 사용되었습니다. AHX는 Amiga에서 매우 SID와 유사한 사운드를 생성하도록 설계되었습니다.</description>
    <description lang="ru_RU">Hively Tracker - это программа-трекер, основанная на формате AHX, созданном в середине 90-х годов Декстером и Пинком из Abyss. Формат был относительно популярен, и было создано множество композиций, которые использовались в сценических постановках и играх. AHX был разработан для создания очень похожего на SID звука на Amiga.</description>
    <description lang="zh_CN">Hively Tracker 是一个基于 AHX 格式的跟踪器程序，由 Dexter 和 Pink of Abysis 于90年代中期创建。这种格式比较流行，许多歌曲被创作并用于场景制作和游戏中。AHX 的设计目的是在 Amiga 上产生一种非常类似 SID 的声音。</description>
  </extension>
</addon>
