<?xml version="1.0" ?>
<!DOCTYPE msxconfig SYSTEM 'msxconfig2.dtd'>
<msxconfig>

  <info>
    <manufacturer>National</manufacturer>
    <code>CF-2700</code>
    <release_year>1984</release_year>
    <description/>
    <type>MSX</type>
  </info>

  <CassettePort/>

  <devices>

    <PPI id="ppi">
      <sound>
        <volume>16000</volume>
      </sound>
      <io base="0xA8" num="4"/>
      <keyboard_type>jp_ansi</keyboard_type>
      <has_keypad>false</has_keypad>
      <key_ghosting_sgc_protected>false</key_ghosting_sgc_protected>
      <code_kana_locks>true</code_kana_locks>
      <graph_locks>false</graph_locks>
    </PPI>

    <VDP id="VDP">
      <version>TMS99X8A</version>
      <io base="0x98" num="2"/>
    </VDP>

    <PSG id="PSG">
      <keyboardlayout>50on</keyboardlayout>
      <sound>
        <volume>21000</volume>
      </sound>
      <io base="0xA0" num="2" type="O"/>
      <io base="0xA2" num="1" type="I"/>
      <ignorePortDirections>false</ignorePortDirections> <!-- not sure, but guess based on discrete PSG chip -->
    </PSG>

    <PrinterPort id="Printer Port">
      <io base="0x90" num="2"/>
    </PrinterPort>

    <primary slot="0">
      <RAM id="Main RAM">
        <mem base="0x8000" size="0x8000"/>
      </RAM>
      <ROM id="MSX BIOS with BASIC ROM">
        <rom>
          <filename>cf-2700_basic-bios1.rom</filename>
          <sha1>c7a2c5baee6a9f0e1c6ee7d76944c0ab1886796c</sha1>
        </rom>
        <mem base="0x0000" size="0x8000"/>
      </ROM>
    </primary>

    <primary external="true" slot="1"/>

    <primary external="true" slot="2"/>

    <primary slot="3"/>

  </devices>

</msxconfig>
