<?xml version="1.0" ?>
<!DOCTYPE msxconfig SYSTEM 'msxconfig2.dtd'>
<msxconfig>

  <info>
    <manufacturer>Panasonic</manufacturer>
    <code>FS-A1</code>
    <release_year>1986</release_year>
    <description/>
    <type>MSX2</type>
  </info>

  <CassettePort/>

  <devices>

    <S1985 id="S1985"> <!-- includes 5 bits mapper-read-back, as confirmed by Peter Hanraets -->
      <sramname>fs-a1_s1985.sram</sramname>
    </S1985>

    <PPI id="ppi">
      <sound>
        <volume>16000</volume>
      </sound>
      <io base="0xA8" num="4"/>
      <keyboard_type>jp_ansi</keyboard_type>
      <has_keypad>false</has_keypad>
      <key_ghosting_sgc_protected>false</key_ghosting_sgc_protected>
      <code_kana_locks>true</code_kana_locks>
      <graph_locks>false</graph_locks>
    </PPI>

    <VDP id="VDP">
      <version>V9938</version>
      <vram>128</vram>
      <io base="0x98" num="4" type="O"/>
      <io base="0x98" num="2" type="I"/>
    </VDP>

    <PSG id="PSG">
      <keyboardlayout>50on</keyboardlayout>
      <sound>
        <volume>21000</volume>
      </sound>
      <io base="0xA0" num="2" type="O"/>
      <io base="0xA2" num="1" type="I"/>
      <ignorePortDirections>true</ignorePortDirections> <!-- not sure, but guess based on use of Engine IC -->
    </PSG>

    <RTC id="Real time clock">
      <sramname>fs-a1.cmos</sramname>
      <io base="0xB4" num="2" type="O"/>
      <io base="0xB5" num="1" type="I"/>
    </RTC>

    <PrinterPort id="Printer Port">
      <io base="0x90" num="2"/>
    </PrinterPort>

    <primary slot="0">
      <ROM id="MSX BIOS with BASIC ROM">
        <rom> <!-- maskROM dump by FRS -->
          <filename>Panasonic_FS-A1_firmware.rom</filename>
          <sha1>7bbe3f355d3129592268ae87f40ea7e3ced88f98</sha1>
          <window base="0x0000" size="0x8000"/>
        </rom>
        <rom>
          <filename>fs-a1_basic-bios2.rom</filename>
          <sha1>0081ea0d25bc5cd8d70b60ad8cfdc7307812c0fd</sha1>
        </rom>
        <mem base="0x0000" size="0x8000"/>
      </ROM>
    </primary>

    <primary external="true" slot="1"/>

    <primary external="true" slot="2"/>

    <primary slot="3">

      <secondary slot="0">
        <RAM id="Main RAM">
          <mem base="0x0000" size="0x10000"/>
        </RAM>
      </secondary>

      <secondary slot="1">
        <ROM id="MSX Sub ROM">
          <rom> <!-- maskROM dump by FRS -->
            <filename>Panasonic_FS-A1_firmware.rom</filename>
            <sha1>7bbe3f355d3129592268ae87f40ea7e3ced88f98</sha1>
            <window base="0x8000" size="0x4000"/> <!-- NOTE: actually, it should be size = 0x8000, but that 2nd block is all 0xFF and that is mapped in there by default already. So, to be backwards compatible with the separate subROM dump, I only use 0x4000 here as size -->
          </rom>
          <rom>
            <filename>fs-a1_msx2sub.rom</filename>
            <sha1>0fbd45ef3dd7bb82d4c31f1947884f411f1ca344</sha1>
          </rom>
          <mem base="0x0000" size="0x4000"/>
        </ROM>
      </secondary>

      <secondary slot="2">
        <ROM id="Desk Pac 1">
          <rom> <!-- maskROM dump by FRS -->
            <filename>Panasonic_FS-A1_firmware.rom</filename>
            <sha1>7bbe3f355d3129592268ae87f40ea7e3ced88f98</sha1>
            <window base="0x10000" size="0x8000"/>
          </rom>
          <rom>
            <filename>fs-a1_deskpac1.rom</filename>
            <sha1>63098f27beac9eca6b39d837d2a552395df33fe1</sha1>
          </rom>
          <mem base="0x4000" size="0x8000"/>
        </ROM>
      </secondary>

      <secondary slot="3">
        <ROM id="Desk Pac 2">
          <rom> <!-- maskROM dump by FRS -->
            <filename>Panasonic_FS-A1_firmware.rom</filename>
            <sha1>7bbe3f355d3129592268ae87f40ea7e3ced88f98</sha1>
            <window base="0x18000" size="0x8000"/>
          </rom>
          <rom>
            <filename>fs-a1_deskpac2.rom</filename>
            <sha1>7f5b76605e3d898cc4b5aacf1d7682b82fe84353</sha1>
          </rom>
          <mem base="0x4000" size="0x8000"/>
        </ROM>
      </secondary>

    </primary>

  </devices>

</msxconfig>
