<?xml version="1.0" ?>
<!DOCTYPE msxconfig SYSTEM 'msxconfig2.dtd'>
<msxconfig>

  <info>
    <manufacturer>Sony</manufacturer>
    <code>HB-F9P Russian</code>
    <release_year>1985</release_year>
    <description>An extremely rare Russian version of the F9P</description>
    <type>MSX2</type>
  </info>

  <CassettePort/>

  <devices>

    <S1985 id="S1985"> <!-- includes 5 bits mapper-read-back -->
      <sramname>hb-f9p_russian_s1985.sram</sramname>
    </S1985>

    <PPI id="ppi">
      <sound>
        <volume>16000</volume>
      </sound>
      <io base="0xA8" num="4"/>
      <keyboard_type>ru</keyboard_type>
      <has_keypad>true</has_keypad>
      <key_ghosting_sgc_protected>true</key_ghosting_sgc_protected>
      <code_kana_locks>true</code_kana_locks>
      <graph_locks>false</graph_locks>
    </PPI>

    <VDP id="VDP">
      <version>V9938</version>
      <vram>128</vram>
      <io base="0x98" num="8" type="O"/> <!-- S-1985 mirrors -->
      <io base="0x98" num="8" type="I"/> <!-- S-1985 mirrors -->
    </VDP>

    <PSG id="PSG">
      <type>YM2149</type> <!-- in S-1985 MSX-ENGINE -->
      <sound>
        <volume>21000</volume>
      </sound>
      <io base="0xA0" num="2" type="O"/>
      <io base="0xA2" num="1" type="I"/>
      <ignorePortDirections>true</ignorePortDirections> <!-- not sure, but guess based on use of Engine IC -->
    </PSG>

    <RTC id="Real time clock">
      <sramname>hb-f9p_russian.cmos</sramname>
      <io base="0xB4" num="2" type="O"/>
      <io base="0xB5" num="1" type="I"/>
    </RTC>

    <PrinterPort id="Printer Port">
      <io base="0x90" num="2"/>
    </PrinterPort>

    <primary slot="0">
      <ROM id="MSX BIOS with BASIC ROM">
        <rom>
          <filename>hb-f9p_russian_basic-bios2.rom</filename>
          <sha1>7f440ec7295d889b097e1b66bf9bc5ce086f59aa</sha1>
        </rom>
        <mem base="0x0000" size="0x8000"/>
      </ROM>
    </primary>

    <primary external="true" slot="1"/>

    <primary external="true" slot="2"/>

    <primary slot="3">

      <secondary slot="0">
        <ROM id="MSX Sub ROM">
          <rom>
            <filename>hb-f9p_russian_msx2sub.rom</filename>
            <sha1>a6d7b1fd4ee896ca7513d02c033fc9a8aa065235</sha1>
          </rom>
	  <mem base="0x0000" size="0x8000"/> <!-- Mirrored to page 1, maybe
	    because the European version of this machine has one part of the
	    Memovision ROM there? -->
	</ROM>
      </secondary>

      <secondary slot="1"/>

      <secondary slot="2">
        <MemoryMapper id="Main RAM">
          <size>128</size>
          <mem base="0x0000" size="0x10000"/>
        </MemoryMapper>
      </secondary>

      <secondary slot="3"/>

    </primary>

  </devices>

</msxconfig>
