<?xml version="1.0" ?>
<!DOCTYPE msxconfig SYSTEM 'msxconfig2.dtd'>
<msxconfig>

  <info>
    <manufacturer>Toshiba</manufacturer>
    <code>HX-10</code>
    <release_year>1984?</release_year>
    <description/>
    <type>MSX</type>
  </info>

<!--
Info from serial 244634, see http://bilgisayarlarim.com/Toshiba/HX-10/
CPU: Sharp LH0080A Z80A-CPU-D
PSG: GI AY-3-8910A
Toshiba TCX-1007
-->

  <CassettePort/>

  <devices>

    <PPI id="ppi">
      <sound>
        <volume>16000</volume>
      </sound>
      <io base="0xA8" num="4"/>
      <keyboard_type>gb</keyboard_type> <!-- It's not fully GB... There's something weird with typing a `, that goes with row/col 2 1 (like int), but in normal GB that works with CODE 1 4. -->
      <has_keypad>false</has_keypad>
      <key_ghosting_sgc_protected>true</key_ghosting_sgc_protected>
      <code_kana_locks>false</code_kana_locks>
      <graph_locks>false</graph_locks>
    </PPI>

    <VDP id="VDP">
      <version>TMS9929A</version>
      <io base="0x98" num="2"/>
    </VDP>

    <PSG id="PSG">
      <type>AY8910</type>
      <sound>
        <volume>21000</volume>
      </sound>
      <io base="0xA0" num="2" type="O"/>
      <io base="0xA2" num="1" type="I"/>
      <keyboardlayout>JIS</keyboardlayout> <!-- verified on Manuel's real HX-10! -->
      <ignorePortDirections>false</ignorePortDirections> <!-- not sure, but guess based on discrete PSG chip -->
    </PSG>

    <PrinterPort id="Printer Port">
      <io base="0x90" num="2"/>
    </PrinterPort>

    <primary slot="0">
      <ROM id="MSX BIOS with BASIC ROM">
        <rom>
          <filename>hx-10_basic-bios1.rom</filename>
          <sha1>4dad9de7c28b452351cc12910849b51bd9a37ab3</sha1>
        </rom>
        <mem base="0x0000" size="0x8000"/>
      </ROM>
    </primary>

    <primary external="true" slot="1"/>

    <primary slot="2">
      <RAM id="Main RAM">
        <mem base="0x0000" size="0x10000"/>
      </RAM>
    </primary>

    <!-- Note: this connector is actually a non-standard expansion connector on the back -->
    <primary external="true" slot="3"/>

  </devices>

</msxconfig>
