<?xml version="1.0" encoding="UTF-8"?>
<addon
  id="audioencoder.lame"
  version="20.3.0"
  name="Lame MP3 Audio Encoder"
  provider-name="spiff">
  <requires>
<import addon="kodi.binary.global.main" minversion="2.0.0" version="2.0.2"/>
<import addon="kodi.binary.instance.audioencoder" minversion="3.0.0" version="3.0.0"/></requires>
  <extension
    point="kodi.audioencoder"
    extension=".mp3"
    library_linux="audioencoder.lame.so.20.3.0"/>
  <extension point="xbmc.addon.metadata">
    <platform>linux</platform>
    <license>GPL-2.0-or-later</license>
    <source>https://github.com/xbmc/audioencoder.lame</source>
    <assets>
      <icon>icon.png</icon>
      <fanart>fanart.jpg</fanart>
    </assets>
    <summary lang="ca_ES">LAME és una capa MPEG Audio Layer III (MP3) d&apos;alta qualitat</summary>
    <summary lang="da_DK">LAME er en højkvalitets MPEG Audio Layer III (MP3)</summary>
    <summary lang="de_DE">LAME ist ein hochwertiger MPEG Audio Layer III (MP3)</summary>
    <summary lang="en_GB">LAME is a high quality MPEG Audio Layer III (MP3)</summary>
    <summary lang="es_ES">LAME es MPEG Audio Layer III (MP3) de alta calidad</summary>
    <summary lang="fi_FI">LAME on korkealaatuinen MPEG Audio Layer III (MP3) -enkooderi</summary>
    <summary lang="fr_FR">LAME est un MPEG Audio Layer III (MP3) de haute qualité</summary>
    <summary lang="hr_HR">LAME je visoko kvalitetni MPEG Audio Layer III (MP3)</summary>
    <summary lang="it_IT">LAME è un MPEG Audio Layer III (MP3) di alta qualità</summary>
    <summary lang="ko_KR">LAME은 고품질 MPEG Audio Layer III (MP3)입니다</summary>
    <summary lang="pl_PL">LAME to wysokiej jakości MPEG Audio Layer III (MP3)</summary>
    <summary lang="ru_RU">LAME - это высококачественный MPEG Audio Layer III (MP3)</summary>
    <summary lang="zh_CN">LAME 是一种高质量的 MPEG 音频第三层（MP3）</summary>
    <description lang="ca_ES">Utilitza LAME, el codificador MPEG Audio Layer III (MP3) d&apos;alta qualitat amb llicència LGPL.</description>
    <description lang="da_DK">LAME anvendes: højkvalitets MPEG Audio Layer III (MP3)-indkoderen, der er licenseret under LGPL.</description>
    <description lang="de_DE">Es verwendet LAME, den hochwertigen MPEG Audio Layer III (MP3) Encoder, der unter der LGPL lizenziert ist.</description>
    <description lang="en_GB">It use LAME, the high quality MPEG Audio Layer III (MP3) encoder licensed under the LGPL.</description>
    <description lang="es_ES">Usa LAME, el codificador de alta calidad MPEG Audio Layer III (MP3) licenciado bajo LGPL.</description>
    <description lang="fi_FI">LAME on LGPL-lisenssiä noudattava, korkealaatuinen MPEG Audio Layer III (MP3) -enkooderi.</description>
    <description lang="fr_FR">Il utilise LAME, l&apos;encodeur MPEG Audio Layer III (MP3) de haute qualité sous licence LGPL.</description>
    <description lang="hr_HR">Koristi LAME, visoko kvalitetni MPEG Audio Layer III (MP3) enkôder licenciran pod uvjetima LGPL.</description>
    <description lang="it_IT">Utilizza LAME, il codificatore MPEG Audio Layer III (MP3) di alta qualità con licenza LGPL.</description>
    <description lang="ko_KR">LGPL 라이센스에 따른 LAME, 고품질 MPEG Audio Layer III (MP3) 인코더를 사용합니다.</description>
    <description lang="pl_PL">Używa LAME, wysokiej jakości kodera MPEG Audio Layer III (MP3) na licencji LGPL.</description>
    <description lang="ru_RU">LAME – высококачественный кодировщик MPEG Audio Layer III (MP3), лицензированный под LGPL.</description>
    <description lang="zh_CN">它使用 LAME，即遵从 LGPL 许可的高质量 MPEG 音频第三层（MP3）编码器。</description>
  </extension>
</addon>
