<?xml version="1.0" encoding="UTF-8"?>
<addon
  id="audiodecoder.gsf"
  version="21.0.0"
  name="GSF Audio Decoder"
  provider-name="spiff">
  <requires>
<import addon="kodi.binary.global.main" minversion="2.0.0" version="2.0.2"/>
<import addon="kodi.binary.global.filesystem" minversion="1.1.7" version="1.1.8"/>
<import addon="kodi.binary.instance.audiodecoder" minversion="4.0.0" version="4.0.0"/></requires>
  <extension
    point="kodi.audiodecoder"
    name="gsf"
    tags="true"
    library_linux="audiodecoder.gsf.so.21.0.0">
    <support>
      <extension name=".minigsf">
        <description>30100</description>
      </extension>
    </support>
  </extension>
  <extension point="xbmc.addon.metadata">
    <platform>linux</platform>
    <license>GPL-2.0-or-later</license>
    <source>https://github.com/xbmc/audiodecoder.gsf</source>
    <assets>
      <icon>icon.png</icon>
    </assets>
    <summary lang="ca_ES">Descodificador d&apos;àudio VIOGSF</summary>
    <summary lang="da_DK">VIOGSF lydafkoder</summary>
    <summary lang="de_DE">VIOGSF Audio Decoder</summary>
    <summary lang="en_GB">VIOGSF Audio Decoder</summary>
    <summary lang="es_ES">Decodificador de Audio VIOGSF</summary>
    <summary lang="eu_ES">VIOGSF Audio deskodetzailea</summary>
    <summary lang="fi_FI">VIOGSF-äänidekooderi</summary>
    <summary lang="fr_FR">Décodeur audio VIOGSF</summary>
    <summary lang="hr_HR">VIOGSF zvučni dekôder</summary>
    <summary lang="it_IT">VIOGSF Audio Decoder</summary>
    <summary lang="ko_KR">VIOGSF Audio Decoder</summary>
    <summary lang="ru_RU">Аудиодекодер VIOGSF</summary>
    <summary lang="zh_CN">VIOGSF 音频解码器</summary>
    <description lang="da_DK">GSF er en addon til Kodi, der tilføjer muligheden for at afspille Game Boy Advance-musikfiler, GSF-formatet (MINIGSF- og GSFLIB-filer). Denne afspiller er baseret på Visual Boy Advanced-emulatoren, selvom lydkvaliteten ser ud til at være identisk med Highly Advanced.</description>
    <description lang="de_DE">GSF ist ein Addon für Kodi, mit dem Game Boy Advance-Musikdateien im GSF-Format (MINIGSF- und GSFLIB-Dateien) abgespielt werden können. Dieser Player basiert auf dem Visual Boy Advanced-Emulator, obwohl die Klangqualität mit Highly Advanced identisch zu sein scheint.</description>
    <description lang="en_GB">GSF is a addon for Kodi which adds the ability to play Game Boy Advance music files, the GSF format (MINIGSF and GSFLIB files). This player is based on the Visual Boy Advanced emulator, although the sound quality appears to be identical to Highly Advanced.</description>
    <description lang="es_ES">GSF es un addon para Kodi que añade la habilidad de reproducir archivos de musica de Game Boy Advance, el formato GSF (archivos MINIGSF y GSFLIB). Este reproductor esta basado en el emulador Visual Boy Advanced, asi que la calidad del sonido debe ser identica a Highly Advanced.</description>
    <description lang="eu_ES">GSF Kodirako gehigarri bat da, Game Boy Advance-eko musika-fitxategiak (MINIGSF eta GSFLIB fitxategiak) erreproduzitzeko gai dena. Visual Boy Advanced emulatzailean oinarrituta dago erreproduzitzaile hau, nahiz eta soinuaren kalitatea Highly Advanced-en berdina izan.</description>
    <description lang="fi_FI">GSF-on Kodi-lisäosa, joka mahdollistaa Game Boy Advancen GSF-muotoisten musiikkitiedostojen toiston (MINIGSF- ja GSFLIB-tiedostot). Tämä soitin perustuu Visual Boy Advanced -emulaattoriin, joskin äänenlaatu näyttää olevan Higly Advanced -tasoista.</description>
    <description lang="fr_FR">GSF est un addon pour Kodi qui ajoute la possibilité de lire des fichiers musicaux Game Boy Advance, au format GSF (fichiers MINIGSF et GSFLIB). Ce lecteur est basé sur l&apos;émulateur Visual Boy Advanced, bien que la qualité sonore semble être identique à Highly Advanced.</description>
    <description lang="hr_HR">GSF je dodatak za Kodi koji daje mogućnost reprodukcije Game Boy Advance glazbenih datoteka, GSF format (MINIGSF i GSFLIB datoteke). Ovaj reproduktor je temeljen na Visual Boy Advanced emulatoru, iako je zvučna kvaliteta jednaka Highly Advancedu.</description>
    <description lang="it_IT">GSF è un add-on per Kodi che aggiunge la possibilità di riprodurre file musicali per Game Boy Advance, il formato GSF (file MINIGSF e GSFLIB). Questo lettore è basato sull&apos;emulatore Visual Boy Advanced, anche se la qualità del suono sembra essere identica a Highly Advanced.</description>
    <description lang="ko_KR">GSF는 GSF 형식(MINIGSF 및 GSFLIB 파일)인 Game Boy Advance 음악 파일을 재생하는 기능을 추가하는 Kodi용 애드온입니다. 이 플레이어는 Visual Boy Advanced 에뮬레이터를 기반으로 하지만, 음질은 Highly Advanced와 동일하게 느껴집니다.</description>
    <description lang="ru_RU">GSF - это дополнение для Kodi, которое добавляет возможность воспроизведения музыкальных файлов Game Boy Advance, формат GSF (файлы MINIGSF и GSFLIB). Этот плеер основан на эмуляторе Visual Boy Advanced, хотя качество звука, похоже, идентично Highly Advanced.</description>
    <description lang="zh_CN">GSF 是 Kodi 的一个插件，它增加了播放 Game Boy Advance 音乐文件的能力，即 GSF 格式（MINIGSF 和 GSFLIB 文件）。该播放器基于 Visual Boy 高级仿真器，但音质似乎与 Hight Advanced 相同。</description>
  </extension>
</addon>
