<?xml version="1.0" encoding="UTF-8"?>
<addon
  id="visualization.matrix"
  version="20.2.0"
  name="Matrix"
  provider-name="Sarbes">
  <requires>
<import addon="kodi.binary.global.main" minversion="2.0.0" version="2.0.2"/>
<import addon="kodi.binary.global.general" minversion="1.0.4" version="1.0.5"/>
<import addon="kodi.binary.global.gui" minversion="5.15.0" version="5.15.0"/>
<import addon="kodi.binary.global.filesystem" minversion="1.1.7" version="1.1.8"/>
<import addon="kodi.binary.instance.visualization" minversion="4.0.0" version="4.0.0"/></requires>
  <extension
    point="xbmc.player.musicviz"
    library_linux="visualization.matrix.so.20.2.0"/>
  <extension point="xbmc.addon.metadata">
    <platform>linux</platform>
    <license>GPL-2.0-or-later</license>
    <source>https://github.com/xbmc/visualization.matrix</source>
    <assets>
      <icon>resources/icon.jpg</icon>
      <fanart>resources/fanart.jpg</fanart>
    </assets>
    <summary lang="da_DK">Matrix-inspireret visualisering til Kodi.</summary>
    <summary lang="de_DE">Von &quot;Matrix&quot; inspirierte Musikvisualierung für Kodi.</summary>
    <summary lang="en_GB">Matrix inspired visualization for Kodi.</summary>
    <summary lang="es_ES">Visualización inspirada en Matrix para Kodi.</summary>
    <summary lang="es_MX">Visualización inspirada en Matrix para Kodi.</summary>
    <summary lang="fi_FI">Matrix-elokuvan inspiroima Kodi-visualisointi.</summary>
    <summary lang="fr_FR">Visualisation inspirée de Matrix pour Kodi.</summary>
    <summary lang="it_IT">Visualizzazione ispirata a Matrix per Kodi.</summary>
    <summary lang="ru_RU">Визуализация для Kodi, вдохновлённая Матрицей.</summary>
    <summary lang="zh_CN">受矩阵启发的KODI可视化。</summary>
    <description lang="da_DK">Denne musikvisualisering er inspireret af filmen &quot;Matrix&quot;. Den har otte forudindstillinger.</description>
    <description lang="de_DE">Diese Musikvisualisierung wurde durch den Film &quot;Matrix&quot; inspiriert. Sie bietet acht verschiedene Presets.</description>
    <description lang="en_GB">This music visualization is inspired by the movie &quot;Matrix&quot;. It features eight presets.</description>
    <description lang="es_ES">Esta visualización de música está inspirada en la película &quot;Matrix&quot;. Tiene ocho ajustes preestablecidos.</description>
    <description lang="es_MX">Esta visualización musical está inspirada en la película &quot;Matrix&quot;. Contiene 8 preajustes.</description>
    <description lang="fi_FI">Äänivisualisointi, joka on &quot;The Matrix&quot; -elokuvan inspiroima. Se sisältää kahdeksan esiasetusta.</description>
    <description lang="fr_FR">Cette visualisation musicale est inspirée du film &quot;Matrix&quot;. Il comporte huit préréglages.</description>
    <description lang="it_IT">Questa visualizzazione musicale è ispirata al film &quot;Matrix&quot;. È dotata di otto preset.</description>
    <description lang="ru_RU">Эта визуализация для аудиоплеера вдохновлена фильмом &quot;Матрица&quot;. Она включает восемь предустановок.</description>
    <description lang="zh_CN">这次音乐可视化的灵感来自电影《黑客帝国》。它有八个预置。</description>
  </extension>
</addon>
