<theme>
<formatVersion>7</formatVersion>
<include>./../theme.xml</include>

<view name="basic, detailed, video, grid">
  <text name="nameLabel" extra="true">
    <text>CAPCOM SYSTEM III</text>
  </text>
</view>    

<view name="system">
  <text name="sys_line1" extra="true">
    <text>CAPCOM</text>

  </text>
  <text name="sys_line2" extra="true">
    <text>SYSTEM III</text>

</text>
  <text name="shortdescription" extra="true">
   <text>1996  ·  Arcade Board</text>
  </text>
  <text name="longdescription" extra="true">
   <text>The last proprietary system board Capcom would produce before moving on to the Dreamcast-based Naomi platform.</text>
  </text>
 </view>
</theme>
