<?xml version="1.0" encoding="UTF-8"?>
<addon
  id="audiodecoder.nosefart"
  version="20.2.0"
  name="Nosefart Audio Decoder"
  provider-name="spiff">
  <requires>
<import addon="kodi.binary.global.main" minversion="2.0.0" version="2.0.2"/>
<import addon="kodi.binary.global.filesystem" minversion="1.1.7" version="1.1.8"/>
<import addon="kodi.binary.global.tools" minversion="1.0.0" version="1.0.4"/>
<import addon="kodi.binary.instance.audiodecoder" minversion="4.0.0" version="4.0.0"/></requires>
  <extension
    point="kodi.audiodecoder"
    name="nsf"
    tags="true"
    tracks="true"
    library_linux="audiodecoder.nosefart.so.20.2.0">
    <support>
      <extension name=".nsf">
        <description>30100</description>
        <icon>icon.png</icon>
      </extension>
    </support>
  </extension>
  <extension point="xbmc.addon.metadata">
    <platform>linux</platform>
    <license>GPL-2.0-or-later</license>
    <source>https://github.com/xbmc/audiodecoder.nosefart</source>
    <assets>
      <icon>icon.png</icon>
    </assets>
    <summary lang="ca_ES">Descodificador d&apos;àudio Nosefart (NSF)</summary>
    <summary lang="da_DK">Nosefart (NSF) lydafkoder</summary>
    <summary lang="de_DE">Nosefart (NSF) Audio Decoder</summary>
    <summary lang="en_GB">Nosefart (NSF) Audio Decoder</summary>
    <summary lang="en_US">Nosefart (NSF) Audio Decoder</summary>
    <summary lang="eo">Nosefart (NSF) sonmalĉifrilo</summary>
    <summary lang="es_ES">Decodificador de Audio Nosefart (NSF)</summary>
    <summary lang="es_MX">Decodificador de audio Nosefart (NSF)</summary>
    <summary lang="eu_ES">Nosefart (NSF) Audio deskodetzailea</summary>
    <summary lang="fi_FI">Nosefart (NSF) -äänidekooderi</summary>
    <summary lang="fr_FR">Décodeur audio Nosefart (NSF)</summary>
    <summary lang="hr_HR">Nosefart (NSF) zvučni dekôder</summary>
    <summary lang="id_ID">Nosefart (NSF) Audio Dekoder</summary>
    <summary lang="it_IT">Nosefart (NSF) Audio Decoder</summary>
    <summary lang="ko_KR">Nosefart(NSF) 오디오 디코더</summary>
    <summary lang="ru_RU">Аудиодекодер Nosefart (NSF)</summary>
    <summary lang="zh_CN">Nosefart（NSF）音频解码器</summary>
    <description lang="ca_ES">El Nintendo Sound Format (NSF) és un format contenidor que conté codi d&apos;àudio extret de les ROM dels jocs per al Nintendo Entertainment System. El NES tenia un motor de so força bo per a la seva època que suportava 2 ones polsades, 1 ona triangular, un canal de soroll i un canal DPCM, que és un comptador de 7 bits directe de reproducció de mostres.</description>
    <description lang="da_DK">Nintendo Sound Format (NSF) er et containerformat, der indeholder lydkode rippet fra ROM&apos;er fra spil til Nintendo Entertainment System. NES havde en temmelig god lydengine for sin tid, der understøttede 2 pulsbølger, 1 trekantbølge, en støjkanal og DPCM-kanal, som er en rå 7-bit counter raw sample-afspilning.</description>
    <description lang="de_DE">Das Nintendo Sound Format (NSF) ist ein Containerformat, das Audiocode enthält, der aus den ROMs von Spielen für das Nintendo Entertainment System gerippt wurde. Das NES hatte für seine Zeit eine ziemlich gute Sound-Engine, die 2 Pulswellen, 1 Dreieckwelle, einen Rauschkanal und einen DPCM-Kanal unterstützte, bei dem es sich um eine rohe 7-Bit-Zähler-Raw-Sample-Wiedergabe handelt.</description>
    <description lang="en_GB">The Nintendo Sound Format (NSF) is a container format, that holds audio code ripped from the ROMs of games for the Nintendo Entertainment System. The NES had a pretty good sound engine for its time supporting 2 pulse-waves, 1 triangle wave, a noise channel, and DPCM channel which is a raw 7-bit counter raw sample playback.</description>
    <description lang="en_US">The Nintendo Sound Format (NSF) is a container format, that holds audio code ripped from the ROMs of games for the Nintendo Entertainment System. The NES had a pretty good sound engine for its time supporting 2 pulse-waves, 1 triangle wave, a noise channel, and DPCM channel which is a raw 7-bit counter raw sample playback.</description>
    <description lang="eo">La Nintendo sonformato (NSF) estas kontenerformato, ke enhavas sonkodon</description>
    <description lang="es_ES">Nintendo Sound Format (NSF) es un formato contenedor, que contiene el audio extraido de las ROMs de los juegos de Nintendo Entertainment System. La NES tiene un motor de sonido muy bueno para su época, soportando 2 ondas-pulso, 1 onda triangular, un canal de ruido y un canal DPCM que es un contador de 7-bits directo de la muestra reproducida.</description>
    <description lang="es_MX">El formato de audio de Nintendo (NSF) (Nintendo Sound Format, N. del T.) es un formato contenedor que contiene código de audio extraído de ROMs de juegos para la Nintendo Entertainment System. La NES tuvo un motor de sonido bastante bueno para su época, soportando 2 ondas-pulso, 1 onda triangular, un canal de ruido, y un canal DPCM que es un contador de 7-bit directo de reproducción de muestras.</description>
    <description lang="eu_ES">Nintendoren soinu formatua(Nintendo Sound Format, NSF), Nintendo Entertainment Systemeko jokuen ROMetatik ateratako audio-kodea gordetzen du. NES kontsolak soinu-motor oso ona zuen bere garairako, 2 pultsu-uhin, triangelu-uhin 1, zaratarentzat kanal 1 eta DPCM kanal 1 (laginetatik zuzenean erreproduzitutako 7-biteko kontagailua) zituen.</description>
    <description lang="fi_FI">The Nintendo Sound Format (NSF) on säiliömuoto, joka sisältää Nintende Entertainment System -laitteiston pelimedioilta kopioitua äänikoodia. NES-järjestelmässä oli aikaansa nähden varsin hyvä äänimoottori, joka tuki 2 pulssiaaltoa, 1 kolmioaaltoa, melukanvaa sekä DPCM-kanavaa, joka on puhtaan 7-bittisen laskurin näytteentoisto.</description>
    <description lang="fr_FR">Le Nintendo Sound Format (NSF) est un format de conteneur qui contient du code audio extrait des ROM de jeux pour le système de divertissement Nintendo. La NES avait un assez bon moteur sonore pour l&apos;époque prenant en charge 2 ondes pulsées, 1 onde triangulaire, un canal de bruit et un canal DPCM qui est une lecture d&apos;échantillon brut de 7 bits.</description>
    <description lang="hr_HR">Nintendo Sound Format (NSF) je kontenjerski format, koji drži zvučni kôd izdvojen iz ROM-a igre za Nintendo Entertainment System. NES je imao prilično dobar zvučni pogon za svoje vrijeme, podržavao je 2 pulsne-waves, 1 trokutasti wave, šum u kanalu, i DPCM kanal koji je raw 7-bitni brojač raw primjeraka reprodukcije.</description>
    <description lang="id_ID">Nintendo Sound Format (NSF) adalah format wadah, yang menyimpan kode audio yang diambil dari ROM game untuk Nintendo Entertainment System. NES memiliki mesin suara yang cukup bagus untuk mendukung 2 gelombang pulsa, 1 gelombang segitiga, saluran kebisingan, dan saluran DPCM yang merupakan pemutaran sampel mentah penghitung 7-bit mentah.</description>
    <description lang="it_IT">Il Nintendo Sound Format (NSF) è un formato contenitore, che contiene il codice audio estratto dalle ROM dei giochi per il Nintendo Entertainment System. Il NES aveva un motore sonoro abbastanza buono per l&apos;epoca che supportava 2 onde di impulso, 1 onda triangolare, un canale di rumore e un canale DPCM che è una riproduzione di campioni grezzi a 7 bit.</description>
    <description lang="ko_KR">NSF(Nintendo Sound Format)는 Nintendo Entertainment System용 게임의 ROM에서 추출한 오디오 코드를 저장하는 컨테이너 형식입니다. NES는 2개의 펄스파, 1개의 삼각파, 노이즈 채널 및 원시 7비트 카운터 원시 샘플 재생인 DPCM 채널을 지원하는 동안 꽤 우수한 사운드 엔진을 가지고 있었습니다.</description>
    <description lang="ru_RU">Nintendo Sound Format (NSF) - это формат контейнера, в котором хранится аудиокод, извлеченный из ПЗУ игр для Nintendo Entertainment System. NES имела довольно хороший звуковой движок для своего времени, поддерживающий 2 импульсные волны, 1 треугольную волну, канал шума и канал DPCM, который представляет собой воспроизведение необработанного 7-битного счётчика необработанных сэмплов.</description>
    <description lang="zh_CN">任天堂声音格式（NSF）是一种容器格式，用于保存任天堂娱乐系统游戏 ROM 中的音频代码。NES 当时有一个相当不错的声音引擎，支持2个脉冲波、1个三角波、一个噪声通道和 DPCM 通道，这是一个7比特原始样本播放。</description>
  </extension>
</addon>
