{
  "Version": 2,
  "Order": [
    ["gun_r", "gun_l", "legs", "body", "head", "hair"],
    ["gun_r", "gun_l", "legs", "body", "head", "hair"],
    ["gun_l", "legs", "body", "head", "hair", "gun_r"],
    ["legs", "body", "head", "hair", "gun_r", "gun_l"],
    ["legs", "body", "head", "hair", "gun_r", "gun_l"],
    ["legs", "body", "head", "hair", "gun_r", "gun_l"],
    ["legs", "gun_r", "body", "head", "hair", "gun_l"],
    ["gun_r", "gun_l", "legs", "body", "head", "hair"]
  ],
  "Offsets": {
    "Frame": {
      "Hair": {
        "stand": [[0, 10]],
        "idle": [[0, 10]],
        "run": [
          [0, 11], [0, 10], [0, 9], [0, 10], [0, 11], [0, 10], [0, 9], [0, 10]
        ]
      },
      "Head": {
        "stand": [[0, 10]],
        "idle": [[0, 10]],
        "run": [
          [0, 11], [0, 10], [0, 9], [0, 10], [0, 11], [0, 10], [0, 9], [0, 10]
        ]
      },
      "Body": {
        "stand": [[0, 6]],
        "idle": [[0, 6]]
      },
      "Legs": {
        "stand": [[0, 6]],
        "idle": [[0, 6]]
      },
      "Gun": {
        "stand": [[0, 6]],
        "idle": [[0, 6]],
        "run": [[0, 7], [0, 6], [0, 5], [0, 6], [0, 7], [0, 6], [0, 5], [0, 6]]
      }
    },
    "Dir": {
      "Hair": [
        [0, -2], [2, -1], [4, 0], [2, 1], [0, 2], [-2, 1], [-4, 0], [-2, -1]
      ],
      "Head": [
        [0, -2], [2, -1], [4, 0], [2, 1], [0, 2], [-2, 1], [-4, 0], [-2, -1]
      ],
      "Gun": [
        [7, -2], [6, 0], [4, 2], [-1, 4], [-6, 2], [-6, -1], [-3, -3], [0, -3]
      ]
    }
  }
}
