<?xml version="1.0" encoding="utf-8"?>
<Catalogue>
	<Game name="Keen 1 Special" 
              link="KEEN1-Special.zip" 
              description="Get your ship parts back!" 
              picture="keen1special.png"/>
	<Game name="Keen 1" 
              link="keen1.zip" 
              description="Get your ship parts back!" 
              picture="keen1special.png"/>
	<Game name="Keen 1 Coop" 
              link="keen1coop.zip" 
              description="Keen, Yorp and Kylie Coop"  
              picture="keen1special.png"/>
	<Game name="Keen Dreams" 
              link="KeenDreams.zip" 
              description="Fight against evil veggies" 
              picture="kdreams.png"/>
	<Game name="Keen Dreams Plus" 
              link="KeenDreamsPlus.zip" 
              description="More evil veggies, more levels!" 
              picture="kdreamsplus.png"/>
	<Game name="Keen 4" 
              link="keen4.zip" 
              description="Rescue the members of the High Council of Gnosticus IV!" 
              picture="keen4special.png"/>
	<Game name="Keen 4 Plus" 
              link="Keen4Plus.zip" 
              description="Keen 4 with better graphics" 
              picture="keen4special.png"/>
	<Game name="Keen 4 Ultimate" 
              link="keen4u.zip" 
              description="The ultimate edition of Keen 4" 
              picture="keen4special.png"/>
	<Game name="Buried in Oblivion" 
              link="Oblivion.zip" 
              description="Keen 4 with harder levels" 
              picture="keen4special.png"/>
	<Game name="Keen 6 Demo" 
              link="K6DEMO.zip" 
              description="DEMO: Alien ate my Babysitter" 
              picture="K6DEMO.png"/>
	<Game name="Keen 7" 
              link="Keen7.zip" 
              description="Universe is toast Part I" 
              picture="keen7.png"/>
	<Game name="Keen 7 Coop" 
              link="Keen7Coop.zip" 
              description="Universe is toast Part I" 
              picture="keen7.png"/>
	<Game name="The Eight Accumulators" 
              link="Eight-Accumulators.zip" 
              description="The story continues on from the Battle of the Brains ending." 
              picture="eightacc.png"/>
	<Game name="Perilous Persuit" 
              link="Perilous.zip" 
              description="Goodbye Galaxy meets Vorticon Keen Engine" 
              picture="perilous.png"/>
	<Game name="Silcar 1" 
              link="silcar1.zip" 
              description="Nightmare Before Teatime" 
              picture="silcar1.png"/>
</Catalogue>

<Games>
	<Game name="NeonMod 4" 
          link="NeonMod.zip" 
          versioncode="223000"
          
          description="Keen 4 in Neon Style" 
          picture=""/>

	<Game name="Keen 4 Coop" 
          link="Keen4Coop.zip" 
          versioncode="223000"
          
          description="More playable Characters more stuff!" 
          picture="keen4special.png"/>

	<Game name="Keen 4 Short Ciruit" 
          link="ShortCircuit14.zip" 
          versioncode="230000"          
          description="Modern Take on Keen 4" 
          picture="ShortCircuitBeefy.png"/>
</Games>

