{
	"Version": 13,
	"Characters": [{
		"Class": "Bones",
		"Skin": "eff377ff",
		"Arms": "bd5151ff",
		"Body": "645c5cff",
		"Legs": "3c5f56ff",
		"Hair": "ff0202ff",
		"Feet": "3c5f56ff",
		"speed": 240,
		"Gun": "Knife",
		"maxHealth": 20,
		"flags": 1024,
		"probabilityToMove": 90,
		"probabilityToTrack": 35,
		"probabilityToShoot": 2,
		"actionDelay": 30
	},
	{
		"Class": "Jones",
		"HairType": "beard",
		"Skin": "b8725cff",
		"Arms": "ec1212ff",
		"Body": "4665a8ff",
		"Legs": "514938ff",
		"Hair": "c94311ff",
		"Feet": "514938ff",
		"speed": 320,
		"Gun": "Grenades",
		"maxHealth": 40,
		"flags": 1967104,
		"probabilityToMove": 90,
		"probabilityToTrack": 30,
		"probabilityToShoot": 0,
		"actionDelay": 20
	},
	{
		"Class": "Bones",
		"Skin": "ff7e00ff",
		"Arms": "f78313ff",
		"Body": "464040ff",
		"Legs": "430303ff",
		"Hair": "ff0202ff",
		"Feet": "430303ff",
		"speed": 208,
		"Gun": "Flamer",
		"maxHealth": 45,
		"flags": 8389632,
		"probabilityToMove": 60,
		"probabilityToTrack": 25,
		"probabilityToShoot": 2,
		"actionDelay": 40
	},
	{
		"Class": "Jones",
		"HairType": "riot_helmet",
		"Skin": "5b2d1bff",
		"Arms": "c2d0baff",
		"Body": "202520ff",
		"Legs": "404040ff",
		"Hair": "2f458eff",
		"Feet": "404040ff",
		"speed": 192,
		"Gun": "Machine gun",
		"maxHealth": 30,
		"flags": 132096,
		"probabilityToMove": 30,
		"probabilityToTrack": 25,
		"probabilityToShoot": 2,
		"actionDelay": 25
	},
	{
		"Class": "Bones",
		"Skin": "86dfffff",
		"Arms": "3f3c7eff",
		"Body": "5f2893ff",
		"Legs": "508036ff",
		"Hair": "ff0000ff",
		"Feet": "508036ff",
		"speed": 258,
		"Gun": "Shotgun",
		"maxHealth": 10,
		"flags": 1024,
		"probabilityToMove": 74,
		"probabilityToTrack": 40,
		"probabilityToShoot": 5,
		"actionDelay": 20
	},
	{
		"Class": "Bones",
		"Skin": "f0f0f0ff",
		"Arms": "fffcfcff",
		"Body": "fffcfcff",
		"Legs": "fffafaff",
		"Hair": "ff0000ff",
		"Feet": "fffafaff",
		"speed": 510,
		"Gun": "Grenades",
		"maxHealth": 20,
		"flags": 66688,
		"probabilityToMove": 100,
		"probabilityToTrack": 25,
		"probabilityToShoot": 0,
		"actionDelay": 15
	},
	{
		"Class": "Big Bones",
		"Skin": "a06bf5ff",
		"Arms": "a475d4ff",
		"Body": "312b2bff",
		"Legs": "40433fff",
		"Hair": "000000ff",
		"Feet": "40433fff",
		"speed": 225,
		"Gun": "Launcher",
		"maxHealth": 500,
		"flags": 33555456,
		"probabilityToMove": 52,
		"probabilityToTrack": 60,
		"probabilityToShoot": 80,
		"actionDelay": 10
	},
	{
		"Class": "Big Bones",
		"Skin": "be9bf3ff",
		"Arms": "bc97e0ff",
		"Body": "ca8dd7ff",
		"Legs": "705faaff",
		"Hair": "000000ff",
		"Feet": "705faaff",
		"speed": 360,
		"Gun": "Launcher",
		"maxHealth": 200,
		"flags": 33555456,
		"probabilityToMove": 95,
		"probabilityToTrack": 60,
		"probabilityToShoot": 58,
		"actionDelay": 20
	}]
}