{
	"Version": 13,
	"Characters": [{
		"Class": "Jones",
		"HairType": "hogan",
		"Skin": "d78e20ff",
		"Arms": "ec2525ff",
		"Body": "6d5555ff",
		"Legs": "73874dff",
		"Hair": "e20000ff",
		"Feet": "73874dff",
		"speed": 100,
		"Gun": "Laser Pistol",
		"maxHealth": 60,
		"flags": 8388608,
		"probabilityToMove": 68,
		"probabilityToTrack": 29,
		"probabilityToShoot": 9,
		"actionDelay": 15
	},
	{
		"Class": "Ogre",
		"Skin": "51a36fff",
		"Arms": "7e4e4eff",
		"Body": "698e2dff",
		"Legs": "716293ff",
		"Hair": "fcf5f3ff",
		"Feet": "716293ff",
		"speed": 142,
		"Gun": "Pulse rifle",
		"maxHealth": 60,
		"flags": 8388736,
		"probabilityToMove": 50,
		"probabilityToTrack": 25,
		"probabilityToShoot": 22,
		"actionDelay": 15
	},
	{
		"Class": "Jones",
		"HairType": "dutch",
		"Skin": "af7948ff",
		"Arms": "4a984aff",
		"Body": "61527eff",
		"Legs": "86b14cff",
		"Hair": "646363ff",
		"Feet": "86b14cff",
		"speed": 274,
		"Gun": "Knife",
		"maxHealth": 60,
		"flags": 128,
		"probabilityToMove": 77,
		"probabilityToTrack": 50,
		"probabilityToShoot": 0,
		"actionDelay": 6
	},
	{
		"Class": "Lady",
		"HairType": "ponytail",
		"Skin": "77dae2ff",
		"Arms": "38545dff",
		"Body": "909a6dff",
		"Legs": "565353ff",
		"Hair": "27f700ff",
		"Feet": "565353ff",
		"speed": 157,
		"Gun": "Laser Pistol",
		"maxHealth": 60,
		"flags": 8388736,
		"probabilityToMove": 65,
		"probabilityToTrack": 33,
		"probabilityToShoot": 19,
		"actionDelay": 15
	},
	{
		"Class": "Cyborg",
		"HairType": "cyber_shades",
		"Skin": "7e4c1cff",
		"Arms": "b2b3b4ff",
		"Body": "9a9a99ff",
		"Legs": "565353ff",
		"Hair": "000000ff",
		"Feet": "565353ff",
		"speed": 135,
		"Gun": "Laser Pistol",
		"maxHealth": 60,
		"flags": 128,
		"probabilityToMove": 65,
		"probabilityToTrack": 33,
		"probabilityToShoot": 7,
		"actionDelay": 15
	},
	{
		"Class": "Bug-eye",
		"Skin": "bf2d26ff",
		"Arms": "87dffcff",
		"Body": "653bfaff",
		"Legs": "8fb845ff",
		"Hair": "317226ff",
		"Feet": "8fb845ff",
		"speed": 219,
		"Gun": "Pistol",
		"maxHealth": 60,
		"flags": 128,
		"probabilityToMove": 91,
		"probabilityToTrack": 22,
		"probabilityToShoot": 12,
		"actionDelay": 6
	},
	{
		"Class": "Lady",
		"HairType": "ponytail",
		"Skin": "2aaa00ff",
		"Arms": "9ae6ffff",
		"Body": "368a56ff",
		"Legs": "855b5bff",
		"Hair": "003fcbff",
		"Feet": "855b5bff",
		"speed": 157,
		"Gun": "Pistol",
		"maxHealth": 60,
		"flags": 8388736,
		"probabilityToMove": 65,
		"probabilityToTrack": 33,
		"probabilityToShoot": 19,
		"actionDelay": 15
	},
	{
		"Class": "Jones",
		"HairType": "professor",
		"Skin": "eecf6cff",
		"Arms": "ecececff",
		"Body": "ffffffff",
		"Legs": "565353ff",
		"Hair": "fc9c0bff",
		"Feet": "565353ff",
		"speed": 157,
		"Gun": "Pistol",
		"maxHealth": 60,
		"flags": 8388608,
		"probabilityToMove": 47,
		"probabilityToTrack": 33,
		"probabilityToShoot": 36,
		"actionDelay": 15
	},
	{
		"Class": "Lady",
		"HairType": "ponytail",
		"Skin": "fce242ff",
		"Arms": "1afa77ff",
		"Body": "489f00ff",
		"Legs": "917373ff",
		"Hair": "3c3423ff",
		"Feet": "917373ff",
		"speed": 157,
		"Gun": "Shotgun",
		"maxHealth": 60,
		"flags": 0,
		"probabilityToMove": 47,
		"probabilityToTrack": 33,
		"probabilityToShoot": 9,
		"actionDelay": 15
	},
	{
		"Class": "Ogre",
		"HairType": "mohawk",
		"Skin": "62af9bff",
		"Arms": "806e6eff",
		"Body": "77add4ff",
		"Legs": "565353ff",
		"Hair": "fc320bff",
		"Feet": "565353ff",
		"speed": 157,
		"Gun": "Pistol",
		"maxHealth": 60,
		"flags": 8388736,
		"probabilityToMove": 74,
		"probabilityToTrack": 45,
		"probabilityToShoot": 23,
		"actionDelay": 15
	},
	{
		"Class": "Lady",
		"HairType": "ponytail",
		"Skin": "e5903eff",
		"Arms": "4d6fd4ff",
		"Body": "69c2b0ff",
		"Legs": "d2cdcdff",
		"Hair": "f7d50dff",
		"Feet": "d2cdcdff",
		"speed": 256,
		"Gun": "Prox. mine",
		"maxHealth": 40,
		"flags": 4260992,
		"probabilityToMove": 100,
		"probabilityToTrack": 0,
		"probabilityToShoot": 0,
		"actionDelay": 17
	},
	{
		"Class": "Jones",
		"Skin": "b86825ff",
		"Arms": "9d5fd9ff",
		"Body": "647271ff",
		"Legs": "4a4a4aff",
		"Hair": "ad9933ff",
		"Feet": "4a4a4aff",
		"speed": 256,
		"Gun": "Prox. mine",
		"maxHealth": 40,
		"flags": 4260864,
		"probabilityToMove": 100,
		"probabilityToTrack": 0,
		"probabilityToShoot": 0,
		"actionDelay": 18
	},
	{
		"Class": "Jones",
		"HairType": "beard",
		"Skin": "eca15dff",
		"Arms": "465821ff",
		"Body": "7ec269ff",
		"Legs": "d2cdcdff",
		"Hair": "e70c0cff",
		"Feet": "d2cdcdff",
		"speed": 256,
		"Gun": "Prox. mine",
		"maxHealth": 40,
		"flags": 4260992,
		"probabilityToMove": 100,
		"probabilityToTrack": 0,
		"probabilityToShoot": 0,
		"actionDelay": 18
	},
	{
		"Class": "Ogre",
		"Skin": "876666ff",
		"Arms": "74d44dff",
		"Body": "69c2b0ff",
		"Legs": "d2cdcdff",
		"Hair": "aaa09aff",
		"Feet": "d2cdcdff",
		"speed": 256,
		"Gun": "Prox. mine",
		"maxHealth": 40,
		"flags": 4260864,
		"probabilityToMove": 100,
		"probabilityToTrack": 0,
		"probabilityToShoot": 0,
		"actionDelay": 18
	},
	{
		"Class": "Robot",
		"Skin": "b2c6a9ff",
		"Arms": "99b699ff",
		"Body": "cbe2bdff",
		"Legs": "e3f7ceff",
		"Hair": "62a33cff",
		"Feet": "e3f7ceff",
		"speed": 464,
		"Gun": "Monster Bite",
		"maxHealth": 10,
		"flags": 33554560,
		"probabilityToMove": 49,
		"probabilityToTrack": 45,
		"probabilityToShoot": 0,
		"actionDelay": 39
	},
	{
		"Class": "Robot",
		"Skin": "759869ff",
		"Arms": "7ea67eff",
		"Body": "9eb88eff",
		"Legs": "e3f7ceff",
		"Hair": "ff881aff",
		"Feet": "e3f7ceff",
		"speed": 517,
		"Gun": "Monster Bite",
		"maxHealth": 20,
		"flags": 33554560,
		"probabilityToMove": 100,
		"probabilityToTrack": 0,
		"probabilityToShoot": 0,
		"actionDelay": 16
	},
	{
		"Class": "Robot",
		"Skin": "759869ff",
		"Arms": "7ea67eff",
		"Body": "9eb88eff",
		"Legs": "e3f7ceff",
		"Hair": "fc16b0ff",
		"Feet": "e3f7ceff",
		"speed": 517,
		"Gun": "Monster Bite",
		"maxHealth": 10,
		"flags": 33556608,
		"probabilityToMove": 53,
		"probabilityToTrack": 55,
		"probabilityToShoot": 0,
		"actionDelay": 16
	},
	{
		"Class": "Robot",
		"Skin": "445f3aff",
		"Arms": "639f63ff",
		"Body": "8ebd72ff",
		"Legs": "52584bff",
		"Hair": "e71818ff",
		"Feet": "52584bff",
		"speed": 464,
		"Gun": "Monster gas",
		"maxHealth": 30,
		"flags": 33555584,
		"probabilityToMove": 100,
		"probabilityToTrack": 0,
		"probabilityToShoot": 34,
		"actionDelay": 16
	},
	{
		"Class": "Jones",
		"HairType": "flattop",
		"Skin": "de864dff",
		"Arms": "5b5555ff",
		"Body": "fafff8ff",
		"Legs": "ddffd2ff",
		"Hair": "7e6415ff",
		"Feet": "ddffd2ff",
		"speed": 305,
		"Gun": "Flamer",
		"maxHealth": 400,
		"flags": 39192064,
		"probabilityToMove": 87,
		"probabilityToTrack": 11,
		"probabilityToShoot": 9,
		"actionDelay": 25
	},
	{
		"Class": "Ogre",
		"Skin": "69cb00ff",
		"Arms": "404040ff",
		"Body": "404040ff",
		"Legs": "404040ff",
		"Hair": "ff0000ff",
		"Feet": "404040ff",
		"speed": 357,
		"Gun": "Pulse rifle",
		"maxHealth": 40,
		"flags": 12583936,
		"probabilityToMove": 50,
		"probabilityToTrack": 25,
		"probabilityToShoot": 9,
		"actionDelay": 15
	},
	{
		"Class": "Jones",
		"HairType": "beret",
		"Skin": "d77753ff",
		"Arms": "404040ff",
		"Body": "404040ff",
		"Legs": "404040ff",
		"Hair": "4db42dff",
		"Feet": "404040ff",
		"speed": 357,
		"Gun": "Shotgun",
		"maxHealth": 40,
		"flags": 4195328,
		"probabilityToMove": 50,
		"probabilityToTrack": 25,
		"probabilityToShoot": 13,
		"actionDelay": 15
	},
	{
		"Class": "Lady",
		"HairType": "ponytail",
		"Skin": "1cc3fcff",
		"Arms": "404040ff",
		"Body": "404040ff",
		"Legs": "404040ff",
		"Hair": "23ff23ff",
		"Feet": "404040ff",
		"speed": 256,
		"Gun": "Launcher",
		"maxHealth": 40,
		"flags": 12583936,
		"probabilityToMove": 50,
		"probabilityToTrack": 25,
		"probabilityToShoot": 10,
		"actionDelay": 15
	},
	{
		"Class": "Jones",
		"HairType": "dutch",
		"Skin": "804e12ff",
		"Arms": "404040ff",
		"Body": "404040ff",
		"Legs": "404040ff",
		"Hair": "b2b4b2ff",
		"Feet": "404040ff",
		"speed": 256,
		"Gun": "Shotgun",
		"maxHealth": 40,
		"flags": 12583936,
		"probabilityToMove": 50,
		"probabilityToTrack": 25,
		"probabilityToShoot": 18,
		"actionDelay": 15
	},
	{
		"Class": "Jones",
		"HairType": "goggles",
		"Skin": "cd9754ff",
		"Arms": "404040ff",
		"Body": "404040ff",
		"Legs": "404040ff",
		"Hair": "97ec08ff",
		"Feet": "404040ff",
		"speed": 256,
		"Gun": "Launcher",
		"maxHealth": 40,
		"flags": 4195328,
		"probabilityToMove": 50,
		"probabilityToTrack": 25,
		"probabilityToShoot": 18,
		"actionDelay": 15
	},
	{
		"Class": "Jones",
		"Skin": "c98838ff",
		"Arms": "404040ff",
		"Body": "404040ff",
		"Legs": "404040ff",
		"Hair": "97ec08ff",
		"Feet": "404040ff",
		"speed": 256,
		"Gun": "Powergun",
		"maxHealth": 40,
		"flags": 12583936,
		"probabilityToMove": 50,
		"probabilityToTrack": 25,
		"probabilityToShoot": 24,
		"actionDelay": 15
	},
	{
		"Class": "Mad bug-eye",
		"Skin": "fc6100ff",
		"Arms": "404040ff",
		"Body": "404040ff",
		"Legs": "404040ff",
		"Hair": "97ec08ff",
		"Feet": "404040ff",
		"speed": 256,
		"Gun": "Pulse rifle",
		"maxHealth": 40,
		"flags": 4195328,
		"probabilityToMove": 50,
		"probabilityToTrack": 25,
		"probabilityToShoot": 12,
		"actionDelay": 15
	},
	{
		"Class": "Jones",
		"HairType": "flattop",
		"Skin": "af9934ff",
		"Arms": "404040ff",
		"Body": "404040ff",
		"Legs": "404040ff",
		"Hair": "020202ff",
		"Feet": "404040ff",
		"speed": 256,
		"Gun": "Machine pistol",
		"maxHealth": 40,
		"flags": 4195328,
		"probabilityToMove": 50,
		"probabilityToTrack": 25,
		"probabilityToShoot": 20,
		"actionDelay": 15
	},
	{
		"Class": "Jones",
		"HairType": "riot_helmet",
		"Skin": "ad7d4bff",
		"Arms": "404040ff",
		"Body": "404040ff",
		"Legs": "404040ff",
		"Hair": "2e5f08ff",
		"Feet": "404040ff",
		"speed": 256,
		"Gun": "AArms Needler",
		"maxHealth": 40,
		"flags": 4195328,
		"probabilityToMove": 50,
		"probabilityToTrack": 25,
		"probabilityToShoot": 10,
		"actionDelay": 15
	},
	{
		"Class": "Lady",
		"HairType": "ponytail",
		"Skin": "e9c095ff",
		"Arms": "404040ff",
		"Body": "404040ff",
		"Legs": "404040ff",
		"Hair": "ff5e08ff",
		"Feet": "404040ff",
		"speed": 256,
		"Gun": "Machine pistol",
		"maxHealth": 40,
		"flags": 12583936,
		"probabilityToMove": 50,
		"probabilityToTrack": 25,
		"probabilityToShoot": 10,
		"actionDelay": 15
	},
	{
		"Class": "Jones",
		"Skin": "aa88fcff",
		"Arms": "404040ff",
		"Body": "404040ff",
		"Legs": "404040ff",
		"Hair": "97ec08ff",
		"Feet": "404040ff",
		"speed": 256,
		"Gun": "Sniper rifle",
		"maxHealth": 40,
		"flags": 12583936,
		"probabilityToMove": 0,
		"probabilityToTrack": 25,
		"probabilityToShoot": 24,
		"actionDelay": 15
	},
	{
		"Class": "Jones",
		"HairType": "goggles",
		"Skin": "916634ff",
		"Arms": "404040ff",
		"Body": "404040ff",
		"Legs": "404040ff",
		"Hair": "0bfc30ff",
		"Feet": "404040ff",
		"speed": 256,
		"Gun": "Sniper rifle",
		"maxHealth": 40,
		"flags": 12583936,
		"probabilityToMove": 0,
		"probabilityToTrack": 25,
		"probabilityToShoot": 18,
		"actionDelay": 15
	},
	{
		"Class": "Ogre",
		"Skin": "62b1e5ff",
		"Arms": "404040ff",
		"Body": "404040ff",
		"Legs": "404040ff",
		"Hair": "669f09ff",
		"Feet": "404040ff",
		"speed": 256,
		"Gun": "Sniper rifle",
		"maxHealth": 40,
		"flags": 12583936,
		"probabilityToMove": 0,
		"probabilityToTrack": 25,
		"probabilityToShoot": 24,
		"actionDelay": 15
	},
	{
		"Class": "Jones",
		"HairType": "shades",
		"Skin": "dbb190ff",
		"Arms": "404040ff",
		"Body": "404040ff",
		"Legs": "404040ff",
		"Hair": "151515ff",
		"Feet": "404040ff",
		"speed": 256,
		"Gun": "Sniper rifle",
		"maxHealth": 40,
		"flags": 12583936,
		"probabilityToMove": 0,
		"probabilityToTrack": 25,
		"probabilityToShoot": 24,
		"actionDelay": 15
	},
	{
		"Class": "Jones",
		"HairType": "beret",
		"Skin": "db8847ff",
		"Arms": "404040ff",
		"Body": "404040ff",
		"Legs": "404040ff",
		"Hair": "72955bff",
		"Feet": "404040ff",
		"speed": 256,
		"Gun": "Sniper rifle",
		"maxHealth": 40,
		"flags": 12583936,
		"probabilityToMove": 0,
		"probabilityToTrack": 25,
		"probabilityToShoot": 24,
		"actionDelay": 15
	},
	{
		"Class": "Bug-eye",
		"Skin": "fcc200ff",
		"Arms": "404040ff",
		"Body": "404040ff",
		"Legs": "404040ff",
		"Hair": "72955bff",
		"Feet": "404040ff",
		"speed": 256,
		"Gun": "Sniper rifle",
		"maxHealth": 40,
		"flags": 12583936,
		"probabilityToMove": 0,
		"probabilityToTrack": 25,
		"probabilityToShoot": 24,
		"actionDelay": 15
	},
	{
		"Class": "Robot",
		"Skin": "445f3aff",
		"Arms": "eeeeecff",
		"Body": "8ebd72ff",
		"Legs": "cbd0c5ff",
		"Hair": "56ff00ff",
		"Feet": "cbd0c5ff",
		"speed": 264,
		"Gun": "Monster psybeam",
		"maxHealth": 302,
		"flags": 33555584,
		"probabilityToMove": 18,
		"probabilityToTrack": 16,
		"probabilityToShoot": 31,
		"actionDelay": 16
	}]
}