{
	"Version": 13,
	"Characters": [{
		"Class": "Jones",
		"HairType": "hogan",
		"Skin": "ff8136ff",
		"Arms": "882800ff",
		"Body": "ff8136ff",
		"Legs": "58589cff",
		"Hair": "9c0000ff",
		"Feet": "58589cff",
		"speed": 256,
		"Gun": "Shotgun",
		"maxHealth": 40,
		"flags": 1049600,
		"probabilityToMove": 50,
		"probabilityToTrack": 25,
		"probabilityToShoot": 47,
		"actionDelay": 15
	},
	{
		"Class": "Ogre",
		"HairType": "mohawk",
		"Skin": "9c0000ff",
		"Arms": "ff8136ff",
		"Body": "9c5858ff",
		"Legs": "b79536ff",
		"Hair": "c00000ff",
		"Feet": "b79536ff",
		"speed": 128,
		"Gun": "Grenades",
		"maxHealth": 40,
		"flags": 8389632,
		"probabilityToMove": 50,
		"probabilityToTrack": 40,
		"probabilityToShoot": 27,
		"actionDelay": 15
	},
	{
		"Class": "Jones",
		"Skin": "ff8136ff",
		"Arms": "b79536ff",
		"Body": "ff8136ff",
		"Legs": "58589cff",
		"Hair": "000000ff",
		"Feet": "58589cff",
		"speed": 256,
		"Gun": "Machine gun",
		"maxHealth": 40,
		"flags": 1024,
		"probabilityToMove": 50,
		"probabilityToTrack": 25,
		"probabilityToShoot": 67,
		"actionDelay": 15
	},
	{
		"Class": "Jones",
		"Skin": "882800ff",
		"Arms": "9c5858ff",
		"Body": "882800ff",
		"Legs": "149c14ff",
		"Hair": "58589cff",
		"Feet": "149c14ff",
		"speed": 320,
		"Gun": "Machine gun",
		"maxHealth": 40,
		"flags": 9438208,
		"probabilityToMove": 50,
		"probabilityToTrack": 75,
		"probabilityToShoot": 17,
		"actionDelay": 15
	},
	{
		"Class": "Ogre",
		"Skin": "149c14ff",
		"Arms": "363636ff",
		"Body": "363636ff",
		"Legs": "363636ff",
		"Hair": "c00000ff",
		"Feet": "363636ff",
		"speed": 384,
		"Gun": "Machine gun",
		"maxHealth": 50,
		"flags": 1536,
		"probabilityToMove": 50,
		"probabilityToTrack": 25,
		"probabilityToShoot": 30,
		"actionDelay": 15
	},
	{
		"Class": "Jones",
		"HairType": "beret",
		"Skin": "ff8136ff",
		"Arms": "363636ff",
		"Body": "363636ff",
		"Legs": "363636ff",
		"Hair": "000000ff",
		"Feet": "363636ff",
		"speed": 384,
		"Gun": "Powergun",
		"maxHealth": 50,
		"flags": 1536,
		"probabilityToMove": 50,
		"probabilityToTrack": 25,
		"probabilityToShoot": 30,
		"actionDelay": 15
	},
	{
		"Class": "Jones",
		"HairType": "flattop",
		"Skin": "b79536ff",
		"Arms": "363636ff",
		"Body": "363636ff",
		"Legs": "363636ff",
		"Hair": "000000ff",
		"Feet": "363636ff",
		"speed": 384,
		"Gun": "Sniper rifle",
		"maxHealth": 50,
		"flags": 1536,
		"probabilityToMove": 50,
		"probabilityToTrack": 85,
		"probabilityToShoot": 30,
		"actionDelay": 15
	},
	{
		"Class": "Lady",
		"HairType": "ponytail",
		"Skin": "58589cff",
		"Arms": "363636ff",
		"Body": "363636ff",
		"Legs": "363636ff",
		"Hair": "58589cff",
		"Feet": "363636ff",
		"speed": 256,
		"Gun": "Flamer",
		"maxHealth": 50,
		"flags": 1536,
		"probabilityToMove": 50,
		"probabilityToTrack": 25,
		"probabilityToShoot": 30,
		"actionDelay": 15
	},
	{
		"Class": "Jones",
		"HairType": "professor",
		"Skin": "000000ff",
		"Arms": "363636ff",
		"Body": "363636ff",
		"Legs": "363636ff",
		"Hair": "000000ff",
		"Feet": "363636ff",
		"speed": 512,
		"Gun": "Sniper rifle",
		"maxHealth": 40,
		"flags": 8390144,
		"probabilityToMove": 55,
		"probabilityToTrack": 55,
		"probabilityToShoot": 85,
		"actionDelay": 15
	},
	{
		"Class": "Jones",
		"HairType": "professor",
		"Skin": "ff8136ff",
		"Arms": "ffffffff",
		"Body": "363636ff",
		"Legs": "58589cff",
		"Hair": "363636ff",
		"Feet": "58589cff",
		"speed": 192,
		"Gun": "Chemo bombs",
		"maxHealth": 40,
		"flags": 23200768,
		"probabilityToMove": 65,
		"probabilityToTrack": 25,
		"probabilityToShoot": 0,
		"actionDelay": 20
	},
	{
		"Class": "Robot",
		"Skin": "58589cff",
		"Arms": "58589cff",
		"Body": "58589cff",
		"Legs": "9c9c9cff",
		"Hair": "149c14ff",
		"Feet": "9c9c9cff",
		"speed": 192,
		"Gun": "Chemo bombs",
		"maxHealth": 40,
		"flags": 6423552,
		"probabilityToMove": 65,
		"probabilityToTrack": 25,
		"probabilityToShoot": 0,
		"actionDelay": 10
	},
	{
		"Class": "Lady",
		"HairType": "ponytail",
		"Skin": "882800ff",
		"Arms": "149c14ff",
		"Body": "149c14ff",
		"Legs": "363636ff",
		"Hair": "ff8136ff",
		"Feet": "363636ff",
		"speed": 192,
		"Gun": "Chemo bombs",
		"maxHealth": 40,
		"flags": 6423552,
		"probabilityToMove": 65,
		"probabilityToTrack": 25,
		"probabilityToShoot": 0,
		"actionDelay": 15
	},
	{
		"Class": "Ogre",
		"Skin": "363636ff",
		"Arms": "ffffffff",
		"Body": "d25106ff",
		"Legs": "ff8136ff",
		"Hair": "c00000ff",
		"Feet": "ff8136ff",
		"speed": 192,
		"Gun": "Chemo bombs",
		"maxHealth": 40,
		"flags": 6423552,
		"probabilityToMove": 65,
		"probabilityToTrack": 25,
		"probabilityToShoot": 0,
		"actionDelay": 18
	},
	{
		"Class": "Jones",
		"HairType": "dutch",
		"Skin": "d25106ff",
		"Arms": "ffffffff",
		"Body": "58589cff",
		"Legs": "9c9c9cff",
		"Hair": "363636ff",
		"Feet": "9c9c9cff",
		"speed": 192,
		"Gun": "Chemo bombs",
		"maxHealth": 40,
		"flags": 6423552,
		"probabilityToMove": 65,
		"probabilityToTrack": 25,
		"probabilityToShoot": 0,
		"actionDelay": 42
	},
	{
		"Class": "Jones",
		"HairType": "beard",
		"Skin": "ff8136ff",
		"Arms": "ffffffff",
		"Body": "9c5858ff",
		"Legs": "ff8136ff",
		"Hair": "882800ff",
		"Feet": "ff8136ff",
		"speed": 192,
		"Gun": "Chemo bombs",
		"maxHealth": 40,
		"flags": 6423552,
		"probabilityToMove": 65,
		"probabilityToTrack": 25,
		"probabilityToShoot": 0,
		"actionDelay": 27
	},
	{
		"Class": "Jones",
		"HairType": "professor",
		"Skin": "000000ff",
		"Arms": "363636ff",
		"Body": "363636ff",
		"Legs": "363636ff",
		"Hair": "000000ff",
		"Feet": "363636ff",
		"speed": 256,
		"Gun": "Flamer",
		"maxHealth": 60,
		"flags": 8457728,
		"probabilityToMove": 50,
		"probabilityToTrack": 55,
		"probabilityToShoot": 100,
		"actionDelay": 15
	},
	{
		"Class": "Lady",
		"HairType": "ponytail",
		"Skin": "b79536ff",
		"Arms": "ffffffff",
		"Body": "9c9c9cff",
		"Legs": "58589cff",
		"Hair": "000000ff",
		"Feet": "58589cff",
		"speed": 256,
		"Gun": "Confusion bombs",
		"maxHealth": 40,
		"flags": 4064768,
		"probabilityToMove": 50,
		"probabilityToTrack": 25,
		"probabilityToShoot": 0,
		"actionDelay": 15
	},
	{
		"Class": "Lady",
		"HairType": "ponytail",
		"Skin": "b79536ff",
		"Arms": "149c14ff",
		"Body": "b79536ff",
		"Legs": "149c14ff",
		"Hair": "000000ff",
		"Feet": "149c14ff",
		"speed": 256,
		"Gun": "Molotovs",
		"maxHealth": 40,
		"flags": 37619200,
		"probabilityToMove": 50,
		"probabilityToTrack": 25,
		"probabilityToShoot": 0,
		"actionDelay": 15
	},
	{
		"Class": "Mad bug-eye",
		"Skin": "000000ff",
		"Arms": "363636ff",
		"Body": "149c14ff",
		"Legs": "363636ff",
		"Hair": "000000ff",
		"Feet": "363636ff",
		"speed": 384,
		"Gun": "Machine gun",
		"maxHealth": 40,
		"flags": 16778752,
		"probabilityToMove": 75,
		"probabilityToTrack": 50,
		"probabilityToShoot": 50,
		"actionDelay": 15
	},
	{
		"Class": "Ogre",
		"Skin": "ff8136ff",
		"Arms": "363636ff",
		"Body": "b79536ff",
		"Legs": "363636ff",
		"Hair": "c00000ff",
		"Feet": "363636ff",
		"speed": 384,
		"Gun": "Launcher",
		"maxHealth": 200,
		"flags": 58721792,
		"probabilityToMove": 45,
		"probabilityToTrack": 35,
		"probabilityToShoot": 25,
		"actionDelay": 25
	}]
}