{
	"Missions": [{
		"Title": "The hideout I",
		"Description": "You enter the cave, as the smugglers open fire. Joke is on them, since you are armed to the teeth.",
		"Type": "Static",
		"Width": 48,
		"Height": 48,
		"ExitStyle": "plate2",
		"KeyStyle": "office",
		"Objectives": [{
			"Description": "Interrupt their communication",
			"Type": "Destroy",
			"MapObject": "terminal",
			"Count": 5,
			"Required": 0,
			"Flags": 1
		},
		{
			"Description": "Check out these crates",
			"Type": "Destroy",
			"MapObject": "box",
			"Count": 37,
			"Required": 26,
			"Flags": 0
		},
		{
			"Description": "Defend yourself",
			"Type": "Kill",
			"Index": 2,
			"Count": 7,
			"Required": 7,
			"Flags": 0
		}],
		"Enemies": [],
		"SpecialChars": [0,
		1,
		2,
		3],
		"MapObjectDensities": [],
		"EnemyDensity": 0,
		"Weapons": ["Knife",
		"Powergun",
		"Pistol",
		"Machine gun",
		"Shotgun",
		"Sniper rifle"],
		"Song": "",
		"TileClasses": {
			"2": {
				"Name": "door",
				"Type": "Door",
				"Style": "office",
				"Mask": "ffffffff",
				"MaskAlt": "ffffffff",
				"CanWalk": false,
				"IsOpaque": true,
				"Shootable": true,
				"IsRoom": true
			},
			"1": {
				"Name": "wall",
				"Type": "Wall",
				"Style": "rock",
				"Mask": "848484ff",
				"MaskAlt": "840000ff",
				"CanWalk": false,
				"IsOpaque": true,
				"Shootable": true,
				"IsRoom": false
			},
			"4": {
				"Name": "",
				"Type": "",
				"Style": "",
				"Mask": "ffffffff",
				"MaskAlt": "ffffffff",
				"CanWalk": false,
				"IsOpaque": false,
				"Shootable": false,
				"IsRoom": false
			},
			"3": {
				"Name": "tile",
				"Type": "Floor",
				"Style": "tile",
				"Mask": "008400ff",
				"MaskAlt": "840000ff",
				"CanWalk": true,
				"IsOpaque": false,
				"Shootable": false,
				"IsRoom": true
			},
			"5": {
				"Name": "tile",
				"Type": "Floor",
				"Style": "stone",
				"Mask": "484848ff",
				"MaskAlt": "840000ff",
				"CanWalk": true,
				"IsOpaque": false,
				"Shootable": false,
				"IsRoom": false
			},
			"0": {
				"Name": "tile",
				"Type": "Floor",
				"Style": "stone",
				"Mask": "484848ff",
				"MaskAlt": "840000ff",
				"CanWalk": true,
				"IsOpaque": false,
				"Shootable": false,
				"IsRoom": false
			}
		},
		"Tiles": ["4,4,4,4,1,1,1,1,1,1,1,1,1,1,1,1,1,4,4,4,4,4,4,4,4,4,4,4,4,4,4,4,4,4,4,4,4,4,4,4,4,4,4,4,4,4,4,4",
		"4,4,4,1,1,1,0,0,1,1,1,1,0,0,1,1,1,4,4,4,4,4,4,4,4,4,4,4,4,4,4,4,4,1,1,1,1,1,1,1,4,4,4,4,4,4,4,4",
		"4,1,1,1,1,1,0,0,1,1,0,0,0,1,0,1,1,1,4,4,4,4,4,4,4,4,4,1,1,1,4,4,4,1,1,1,1,1,1,1,4,4,4,4,4,4,4,4",
		"1,1,1,0,0,0,0,0,0,0,0,0,0,0,0,1,0,1,1,4,4,4,4,1,1,1,1,1,0,1,4,4,4,1,3,3,3,3,3,1,4,4,1,4,4,4,4,4",
		"1,1,1,0,0,0,0,0,0,0,0,0,0,0,0,0,0,0,1,1,4,4,1,1,0,0,1,1,0,1,1,1,4,1,3,3,3,3,3,1,1,1,1,4,4,4,4,4",
		"1,1,0,0,0,0,0,0,0,0,0,0,0,0,0,0,0,0,0,1,4,1,1,1,0,0,0,0,0,1,1,1,1,1,3,3,3,3,3,1,1,1,1,4,4,4,4,4",
		"1,1,0,0,0,0,0,0,0,0,0,0,0,0,0,0,0,0,0,0,1,1,1,0,0,0,0,0,0,0,0,1,1,1,3,3,3,3,3,1,1,0,1,1,1,4,4,4",
		"1,1,0,0,0,0,0,0,0,0,0,0,0,0,0,0,0,0,0,0,0,1,5,5,5,5,5,5,5,5,5,5,5,1,3,3,3,3,3,1,0,0,1,1,1,4,4,4",
		"1,1,1,0,0,0,0,0,0,0,0,0,1,0,0,0,0,0,0,0,0,0,5,5,5,5,5,1,1,5,5,5,5,1,1,2,2,2,1,1,0,0,0,1,1,4,4,4",
		"1,1,1,0,0,0,0,0,0,0,0,1,1,0,0,0,0,0,0,0,0,0,5,5,5,5,5,1,1,5,5,5,5,5,5,0,0,0,0,0,0,0,0,0,1,1,4,4",
		"1,1,1,0,0,0,0,0,0,0,1,1,0,0,0,0,0,0,0,0,0,0,5,5,5,5,1,1,1,5,5,5,5,5,5,5,5,0,0,0,0,0,0,0,1,1,4,4",
		"1,1,0,0,0,0,0,0,0,0,0,0,0,0,0,0,0,0,0,0,0,0,5,5,5,1,1,1,5,5,5,5,5,5,5,5,5,0,0,0,0,0,0,1,1,1,4,4",
		"1,1,1,1,0,0,0,0,0,0,0,0,0,0,0,0,0,0,0,0,0,0,5,5,5,5,1,1,5,5,5,5,5,5,5,5,5,0,0,0,0,0,0,0,1,1,1,4",
		"1,1,1,0,0,0,0,0,0,0,0,0,0,0,0,0,0,0,0,0,0,0,5,5,5,5,5,1,5,5,5,5,5,5,5,5,5,0,0,0,0,0,0,0,0,1,1,4",
		"4,4,1,1,0,0,0,0,0,0,0,0,0,0,0,0,0,0,0,0,0,0,5,5,5,5,5,5,5,5,5,5,5,5,5,5,5,0,0,0,0,0,0,0,0,0,1,4",
		"4,4,1,1,1,0,0,0,0,0,0,0,0,0,0,0,0,0,0,0,0,0,0,0,0,0,0,0,0,0,0,0,0,0,0,0,0,0,0,0,0,0,0,0,0,1,1,4",
		"4,4,1,1,0,0,0,0,0,0,0,0,0,0,0,0,0,0,0,0,0,0,0,0,0,0,0,0,0,0,0,0,0,0,0,0,0,0,0,0,0,0,0,1,1,1,1,4",
		"4,4,1,1,0,0,0,0,0,0,0,0,0,0,0,0,0,0,0,0,0,0,0,0,0,0,0,0,0,0,0,0,0,0,0,0,0,0,0,0,0,0,0,0,0,0,1,4",
		"4,4,1,1,1,1,0,0,0,1,1,2,2,1,1,0,0,0,0,0,0,0,0,0,0,0,0,0,0,0,0,0,0,0,0,0,0,0,0,0,0,0,0,0,0,1,1,4",
		"4,4,4,4,4,1,1,1,1,1,3,3,3,3,1,1,0,0,0,1,0,0,0,0,0,0,0,0,0,0,0,0,0,0,0,0,0,0,0,0,0,0,0,0,1,1,4,4",
		"4,4,4,4,4,1,1,1,1,1,3,3,3,3,1,1,0,0,1,1,0,0,0,0,0,0,1,0,0,0,0,0,0,0,0,0,0,0,0,0,0,0,0,1,1,1,4,4",
		"4,4,4,4,4,1,1,1,1,1,3,3,3,3,1,1,1,0,1,0,1,1,0,0,0,1,0,0,0,0,0,0,0,0,0,0,0,0,0,0,0,0,0,0,1,1,1,1",
		"4,4,4,4,4,1,3,3,3,3,3,3,3,3,1,1,1,1,1,1,1,1,1,0,1,1,0,0,0,0,0,0,0,0,0,0,0,0,0,0,0,0,0,1,1,1,1,1",
		"4,4,4,4,4,1,3,3,3,3,3,3,3,3,1,1,1,1,1,1,1,1,1,1,1,1,1,0,1,0,0,0,0,0,0,0,0,0,0,0,0,0,0,0,1,1,1,1",
		"4,4,4,4,4,1,3,3,3,3,3,3,3,3,1,1,1,0,0,1,1,1,4,4,4,4,1,0,1,0,0,0,0,0,0,0,0,0,0,0,0,0,0,0,0,0,1,1",
		"4,4,4,4,4,1,3,3,3,3,3,3,3,3,1,1,1,0,0,0,0,1,1,4,4,4,4,1,1,1,0,0,0,1,0,0,0,0,0,0,0,0,0,0,0,0,0,1",
		"4,4,4,4,4,1,1,1,1,1,3,3,3,3,1,1,0,0,0,0,0,0,1,4,4,4,4,1,1,1,1,0,0,1,0,0,0,0,0,0,0,0,0,0,0,0,0,1",
		"4,4,4,4,1,0,1,1,1,1,3,3,3,3,1,1,0,0,0,0,0,1,1,4,1,4,4,1,1,1,1,1,1,1,0,0,0,0,0,0,0,0,0,0,0,0,0,1",
		"4,4,1,1,1,0,1,1,1,1,3,3,3,3,1,1,0,0,0,0,0,0,1,1,1,1,1,1,1,0,1,1,1,1,0,0,0,0,0,0,0,0,0,0,0,0,1,1",
		"1,1,1,0,0,0,0,0,1,1,1,2,2,1,1,0,0,0,0,0,0,0,0,1,0,0,1,1,0,0,1,0,0,1,1,0,0,0,0,0,0,0,0,0,0,1,1,1",
		"1,1,1,0,0,0,0,0,0,0,0,0,0,0,0,0,0,0,0,0,0,0,0,0,0,0,0,1,1,0,0,0,0,1,1,1,0,0,0,0,0,0,0,1,1,1,1,1",
		"1,0,0,0,0,0,0,0,0,0,0,0,0,0,0,0,0,0,0,0,0,0,0,0,0,0,0,1,0,0,0,0,0,1,1,1,1,0,0,0,0,0,0,0,1,1,1,0",
		"1,0,0,0,0,0,0,0,0,0,0,0,0,0,0,0,0,0,0,0,0,0,0,0,0,0,0,1,0,0,0,0,0,0,1,1,0,0,0,0,0,0,0,0,0,0,0,0",
		"1,0,0,0,0,0,0,0,0,0,0,0,0,0,0,0,0,0,0,0,0,0,0,0,0,0,0,0,0,0,1,0,0,0,1,1,0,0,0,0,0,0,0,0,0,0,0,0",
		"1,1,0,0,0,0,0,0,0,0,0,0,0,0,0,0,0,0,0,0,0,0,0,0,0,0,0,0,0,0,0,0,0,0,0,0,0,0,0,0,0,0,0,0,0,0,0,0",
		"1,1,1,1,0,0,0,0,0,0,0,0,0,0,0,0,0,0,0,0,0,0,0,0,0,0,0,0,0,0,0,0,0,0,0,0,0,0,0,0,0,0,0,0,0,0,0,0",
		"4,1,1,0,0,0,0,0,0,0,0,0,0,0,0,0,0,0,0,0,0,0,0,0,0,0,0,0,0,0,0,0,0,0,0,0,0,0,0,0,0,0,0,0,0,0,0,0",
		"4,1,1,0,0,0,0,0,0,0,0,0,0,0,0,0,0,0,1,1,0,0,0,0,0,0,0,0,0,0,0,0,0,0,0,0,0,0,0,0,0,0,0,0,0,0,0,0",
		"4,1,0,0,0,0,0,0,0,0,0,0,0,0,0,0,0,0,1,1,0,0,0,0,0,0,0,0,0,0,0,0,0,0,0,0,0,0,0,0,0,0,0,0,0,0,0,0",
		"4,1,0,0,0,0,0,0,0,0,0,0,0,0,0,0,1,0,1,1,0,0,0,0,0,0,0,0,0,0,0,0,0,0,0,0,0,0,0,0,0,0,0,0,0,0,0,0",
		"4,1,1,0,1,0,0,0,0,0,0,0,0,0,0,0,0,1,1,1,1,0,0,0,0,0,0,0,0,0,0,0,0,0,0,0,0,0,0,0,0,1,1,0,1,1,0,0",
		"4,1,1,0,0,0,0,0,0,0,0,0,0,0,0,0,1,1,1,1,1,0,0,0,0,0,0,0,0,0,0,0,0,0,0,0,0,0,0,0,0,1,1,1,1,0,1,0",
		"4,4,1,0,0,0,1,0,0,0,0,0,0,0,0,0,1,1,1,0,0,0,0,0,0,0,1,1,0,0,0,0,0,1,1,0,0,0,0,0,0,0,1,1,1,1,1,1",
		"4,4,1,0,0,0,0,0,0,0,0,0,0,0,0,0,1,1,1,0,0,0,0,0,0,0,0,1,1,0,0,0,1,1,1,1,1,0,0,1,1,1,1,4,4,4,4,4",
		"4,4,1,1,0,0,0,0,0,0,0,0,0,0,1,1,1,1,1,0,0,0,0,0,0,0,0,1,1,1,0,1,1,4,4,1,1,0,0,1,1,1,1,4,4,4,4,4",
		"4,4,1,0,0,0,0,1,1,0,0,0,1,0,1,1,1,4,1,1,0,0,1,0,0,0,0,0,0,1,0,1,1,4,4,4,1,1,1,1,1,4,4,4,4,4,4,4",
		"4,4,1,1,0,0,1,1,1,1,1,1,1,1,1,1,4,4,1,1,1,1,1,1,0,0,1,1,1,1,1,1,4,4,4,4,1,1,1,4,4,4,4,4,4,4,4,4",
		"4,4,1,1,1,1,1,4,4,4,4,1,1,1,1,1,4,4,4,1,1,1,1,1,1,1,1,1,1,1,1,1,4,4,4,4,4,4,4,4,4,4,4,4,4,4,4,4"],
		"Access": ["0,0,0,0,0,0,0,0,0,0,0,0,0,0,0,0,0,0,0,0,0,0,0,0,0,0,0,0,0,0,0,0,0,0,0,0,0,0,0,0,0,0,0,0,0,0,0,0",
		"0,0,0,0,0,0,0,0,0,0,0,0,0,0,0,0,0,0,0,0,0,0,0,0,0,0,0,0,0,0,0,0,0,0,0,0,0,0,0,0,0,0,0,0,0,0,0,0",
		"0,0,0,0,0,0,0,0,0,0,0,0,0,0,0,0,0,0,0,0,0,0,0,0,0,0,0,0,0,0,0,0,0,0,0,0,0,0,0,0,0,0,0,0,0,0,0,0",
		"0,0,0,0,0,0,0,0,0,0,0,0,0,0,0,0,0,0,0,0,0,0,0,0,0,0,0,0,0,0,0,0,0,0,0,0,0,0,0,0,0,0,0,0,0,0,0,0",
		"0,0,0,0,0,0,0,0,0,0,0,0,0,0,0,0,0,0,0,0,0,0,0,0,0,0,0,0,0,0,0,0,0,0,0,0,0,0,0,0,0,0,0,0,0,0,0,0",
		"0,0,0,0,0,0,0,0,0,0,0,0,0,0,0,0,0,0,0,0,0,0,0,0,0,0,0,0,0,0,0,0,0,0,0,0,0,0,0,0,0,0,0,0,0,0,0,0",
		"0,0,0,0,0,0,0,0,0,0,0,0,0,0,0,0,0,0,0,0,0,0,0,0,0,0,0,0,0,0,0,0,0,0,0,0,0,0,0,0,0,0,0,0,0,0,0,0",
		"0,0,0,0,0,0,0,0,0,0,0,0,0,0,0,0,0,0,0,0,0,0,0,0,0,0,0,0,0,0,0,0,0,0,0,0,0,0,0,0,0,0,0,0,0,0,0,0",
		"0,0,0,0,0,0,0,0,0,0,0,0,0,0,0,0,0,0,0,0,0,0,0,0,0,0,0,0,0,0,0,0,0,0,0,0,0,0,0,0,0,0,0,0,0,0,0,0",
		"0,0,0,0,0,0,0,0,0,0,0,0,0,0,0,0,0,0,0,0,0,0,0,0,0,0,0,0,0,0,0,0,0,0,0,0,0,0,0,0,0,0,0,0,0,0,0,0",
		"0,0,0,0,0,0,0,0,0,0,0,0,0,0,0,0,0,0,0,0,0,0,0,0,0,0,0,0,0,0,0,0,0,0,0,0,0,0,0,0,0,0,0,0,0,0,0,0",
		"0,0,0,0,0,0,0,0,0,0,0,0,0,0,0,0,0,0,0,0,0,0,0,0,0,0,0,0,0,0,0,0,0,0,0,0,0,0,0,0,0,0,0,0,0,0,0,0",
		"0,0,0,0,0,0,0,0,0,0,0,0,0,0,0,0,0,0,0,0,0,0,0,0,0,0,0,0,0,0,0,0,0,0,0,0,0,0,0,0,0,0,0,0,0,0,0,0",
		"0,0,0,0,0,0,0,0,0,0,0,0,0,0,0,0,0,0,0,0,0,0,0,0,0,0,0,0,0,0,0,0,0,0,0,0,0,0,0,0,0,0,0,0,0,0,0,0",
		"0,0,0,0,0,0,0,0,0,0,0,0,0,0,0,0,0,0,0,0,0,0,0,0,0,0,0,0,0,0,0,0,0,0,0,0,0,0,0,0,0,0,0,0,0,0,0,0",
		"0,0,0,0,0,0,0,0,0,0,0,0,0,0,0,0,0,0,0,0,0,0,0,0,0,0,0,0,0,0,0,0,0,0,0,0,0,0,0,0,0,0,0,0,0,0,0,0",
		"0,0,0,0,0,0,0,0,0,0,0,0,0,0,0,0,0,0,0,0,0,0,0,0,0,0,0,0,0,0,0,0,0,0,0,0,0,0,0,0,0,0,0,0,0,0,0,0",
		"0,0,0,0,0,0,0,0,0,0,0,0,0,0,0,0,0,0,0,0,0,0,0,0,0,0,0,0,0,0,0,0,0,0,0,0,0,0,0,0,0,0,0,0,0,0,0,0",
		"0,0,0,0,0,0,0,0,0,0,0,0,0,0,0,0,0,0,0,0,0,0,0,0,0,0,0,0,0,0,0,0,0,0,0,0,0,0,0,0,0,0,0,0,0,0,0,0",
		"0,0,0,0,0,0,0,0,0,0,0,0,0,0,0,0,0,0,0,0,0,0,0,0,0,0,0,0,0,0,0,0,0,0,0,0,0,0,0,0,0,0,0,0,0,0,0,0",
		"0,0,0,0,0,0,0,0,0,0,0,0,0,0,0,0,0,0,0,0,0,0,0,0,0,0,0,0,0,0,0,0,0,0,0,0,0,0,0,0,0,0,0,0,0,0,0,0",
		"0,0,0,0,0,0,0,0,0,0,0,0,0,0,0,0,0,0,0,0,0,0,0,0,0,0,0,0,0,0,0,0,0,0,0,0,0,0,0,0,0,0,0,0,0,0,0,0",
		"0,0,0,0,0,0,0,0,0,0,0,0,0,0,0,0,0,0,0,0,0,0,0,0,0,0,0,0,0,0,0,0,0,0,0,0,0,0,0,0,0,0,0,0,0,0,0,0",
		"0,0,0,0,0,0,0,0,0,0,0,0,0,0,0,0,0,0,0,0,0,0,0,0,0,0,0,0,0,0,0,0,0,0,0,0,0,0,0,0,0,0,0,0,0,0,0,0",
		"0,0,0,0,0,0,0,0,0,0,0,0,0,0,0,0,0,0,0,0,0,0,0,0,0,0,0,0,0,0,0,0,0,0,0,0,0,0,0,0,0,0,0,0,0,0,0,0",
		"0,0,0,0,0,0,0,0,0,0,0,0,0,0,0,0,0,0,0,0,0,0,0,0,0,0,0,0,0,0,0,0,0,0,0,0,0,0,0,0,0,0,0,0,0,0,0,0",
		"0,0,0,0,0,0,0,0,0,0,0,0,0,0,0,0,0,0,0,0,0,0,0,0,0,0,0,0,0,0,0,0,0,0,0,0,0,0,0,0,0,0,0,0,0,0,0,0",
		"0,0,0,0,0,0,0,0,0,0,0,0,0,0,0,0,0,0,0,0,0,0,0,0,0,0,0,0,0,0,0,0,0,0,0,0,0,0,0,0,0,0,0,0,0,0,0,0",
		"0,0,0,0,0,0,0,0,0,0,0,0,0,0,0,0,0,0,0,0,0,0,0,0,0,0,0,0,0,0,0,0,0,0,0,0,0,0,0,0,0,0,0,0,0,0,0,0",
		"0,0,0,0,0,0,0,0,0,0,0,0,0,0,0,0,0,0,0,0,0,0,0,0,0,0,0,0,0,0,0,0,0,0,0,0,0,0,0,0,0,0,0,0,0,0,0,0",
		"0,0,0,0,0,0,0,0,0,0,0,0,0,0,0,0,0,0,0,0,0,0,0,0,0,0,0,0,0,0,0,0,0,0,0,0,0,0,0,0,0,0,0,0,0,0,0,0",
		"0,0,0,0,0,0,0,0,0,0,0,0,0,0,0,0,0,0,0,0,0,0,0,0,0,0,0,0,0,0,0,0,0,0,0,0,0,0,0,0,0,0,0,0,0,0,0,0",
		"0,0,0,0,0,0,0,0,0,0,0,0,0,0,0,0,0,0,0,0,0,0,0,0,0,0,0,0,0,0,0,0,0,0,0,0,0,0,0,0,0,0,0,0,0,0,0,0",
		"0,0,0,0,0,0,0,0,0,0,0,0,0,0,0,0,0,0,0,0,0,0,0,0,0,0,0,0,0,0,0,0,0,0,0,0,0,0,0,0,0,0,0,0,0,0,0,0",
		"0,0,0,0,0,0,0,0,0,0,0,0,0,0,0,0,0,0,0,0,0,0,0,0,0,0,0,0,0,0,0,0,0,0,0,0,0,0,0,0,0,0,0,0,0,0,0,0",
		"0,0,0,0,0,0,0,0,0,0,0,0,0,0,0,0,0,0,0,0,0,0,0,0,0,0,0,0,0,0,0,0,0,0,0,0,0,0,0,0,0,0,0,0,0,0,0,0",
		"0,0,0,0,0,0,0,0,0,0,0,0,0,0,0,0,0,0,0,0,0,0,0,0,0,0,0,0,0,0,0,0,0,0,0,0,0,0,0,0,0,0,0,0,0,0,0,0",
		"0,0,0,0,0,0,0,0,0,0,0,0,0,0,0,0,0,0,0,0,0,0,0,0,0,0,0,0,0,0,0,0,0,0,0,0,0,0,0,0,0,0,0,0,0,0,0,0",
		"0,0,0,0,0,0,0,0,0,0,0,0,0,0,0,0,0,0,0,0,0,0,0,0,0,0,0,0,0,0,0,0,0,0,0,0,0,0,0,0,0,0,0,0,0,0,0,0",
		"0,0,0,0,0,0,0,0,0,0,0,0,0,0,0,0,0,0,0,0,0,0,0,0,0,0,0,0,0,0,0,0,0,0,0,0,0,0,0,0,0,0,0,0,0,0,0,0",
		"0,0,0,0,0,0,0,0,0,0,0,0,0,0,0,0,0,0,0,0,0,0,0,0,0,0,0,0,0,0,0,0,0,0,0,0,0,0,0,0,0,0,0,0,0,0,0,0",
		"0,0,0,0,0,0,0,0,0,0,0,0,0,0,0,0,0,0,0,0,0,0,0,0,0,0,0,0,0,0,0,0,0,0,0,0,0,0,0,0,0,0,0,0,0,0,0,0",
		"0,0,0,0,0,0,0,0,0,0,0,0,0,0,0,0,0,0,0,0,0,0,0,0,0,0,0,0,0,0,0,0,0,0,0,0,0,0,0,0,0,0,0,0,0,0,0,0",
		"0,0,0,0,0,0,0,0,0,0,0,0,0,0,0,0,0,0,0,0,0,0,0,0,0,0,0,0,0,0,0,0,0,0,0,0,0,0,0,0,0,0,0,0,0,0,0,0",
		"0,0,0,0,0,0,0,0,0,0,0,0,0,0,0,0,0,0,0,0,0,0,0,0,0,0,0,0,0,0,0,0,0,0,0,0,0,0,0,0,0,0,0,0,0,0,0,0",
		"0,0,0,0,0,0,0,0,0,0,0,0,0,0,0,0,0,0,0,0,0,0,0,0,0,0,0,0,0,0,0,0,0,0,0,0,0,0,0,0,0,0,0,0,0,0,0,0",
		"0,0,0,0,0,0,0,0,0,0,0,0,0,0,0,0,0,0,0,0,0,0,0,0,0,0,0,0,0,0,0,0,0,0,0,0,0,0,0,0,0,0,0,0,0,0,0,0",
		"0,0,0,0,0,0,0,0,0,0,0,0,0,0,0,0,0,0,0,0,0,0,0,0,0,0,0,0,0,0,0,0,0,0,0,0,0,0,0,0,0,0,0,0,0,0,0,0"],
		"StaticItems": [{
			"MapObject": "barrel_blue",
			"Positions": [[3, 36],
			[17, 24],
			[18, 24],
			[21, 26],
			[14, 2],
			[28, 3],
			[28, 4]]
		},
		{
			"MapObject": "table_steel",
			"Positions": [[36, 3],
			[9, 22],
			[6, 22]]
		},
		{
			"MapObject": "chair",
			"Positions": [[7, 24],
			[38, 5],
			[34, 5]]
		},
		{
			"MapObject": "box3",
			"Positions": [[28, 12],
			[10, 2],
			[11, 2],
			[34, 25],
			[7, 29],
			[15, 41]]
		},
		{
			"MapObject": "crate",
			"Positions": [[18, 5],
			[18, 6],
			[19, 6],
			[45, 24],
			[44, 24],
			[25, 29],
			[24, 29]]
		},
		{
			"MapObject": "wall_stuff",
			"Positions": [[30, 30],
			[8, 3]]
		},
		{
			"MapObject": "barrel_flame",
			"Positions": [[32, 29],
			[31, 29],
			[32, 30],
			[32, 31],
			[33, 32],
			[17, 25],
			[20, 26]]
		},
		{
			"MapObject": "rocket",
			"Positions": [[2, 5],
			[3, 5],
			[3, 6],
			[2, 6]]
		},
		{
			"MapObject": "box3_green",
			"Positions": [[24, 5],
			[24, 4],
			[25, 4],
			[21, 40]]
		},
		{
			"MapObject": "barrel_skull",
			"Positions": [[25, 43],
			[24, 44],
			[24, 43],
			[29, 34]]
		},
		{
			"MapObject": "wall_goo",
			"Positions": [[41, 6]]
		},
		{
			"MapObject": "box3_red",
			"Positions": [[36, 17],
			[37, 17],
			[38, 17],
			[38, 16],
			[39, 16],
			[39, 17],
			[38, 18]]
		},
		{
			"MapObject": "crate2",
			"Positions": [[34, 26],
			[34, 27],
			[35, 27],
			[35, 28],
			[34, 28],
			[17, 4],
			[16, 4],
			[16, 3],
			[18, 13],
			[18, 11],
			[19, 11],
			[19, 12],
			[18, 12],
			[3, 29],
			[1, 31],
			[2, 31],
			[3, 30]]
		}],
		"StaticCharacters": [],
		"StaticObjectives": [{
			"Index": 0,
			"Positions": [[8, 22],
			[7, 22],
			[35, 3],
			[37, 3]],
			"Indices": [0,
			0,
			0,
			0]
		},
		{
			"Index": 1,
			"Positions": [[8, 42],
			[8, 41],
			[8, 40],
			[9, 40],
			[9, 41],
			[9, 42],
			[11, 40],
			[11, 41],
			[11, 42],
			[12, 42],
			[12, 41],
			[12, 40],
			[19, 25],
			[20, 25],
			[18, 25],
			[19, 26],
			[3, 3],
			[4, 3],
			[5, 3],
			[3, 4],
			[4, 4],
			[5, 4],
			[3, 10],
			[3, 9],
			[3, 8],
			[4, 8],
			[4, 9],
			[4, 10],
			[5, 9],
			[31, 7],
			[32, 7],
			[41, 16],
			[41, 17],
			[40, 17],
			[34, 17],
			[35, 17],
			[35, 16]],
			"Indices": [0,
			0,
			0,
			0,
			0,
			0,
			0,
			0,
			0,
			0,
			0,
			0,
			0,
			0,
			0,
			0,
			0,
			0,
			0,
			0,
			0,
			0,
			0,
			0,
			0,
			0,
			0,
			0,
			0,
			0,
			0,
			0,
			0,
			0,
			0,
			0,
			0]
		},
		{
			"Index": 2,
			"Positions": [[43, 26],
			[31, 24],
			[32, 33],
			[9, 24],
			[24, 7],
			[22, 43],
			[25, 31],
			[5, 43]],
			"Indices": [0,
			1,
			2,
			2,
			3,
			3,
			0,
			1]
		}],
		"StaticKeys": [],
		"StaticPickups": [],
		"Start": [45, 35],
		"Exits": [{
			"Rect": [6,
			19,
			7,
			9],
			"Mission": 1,
			"Hidden": false
		}]
	},
	{
		"Title": "The hideout II",
		"Description": "You start collecting clues as some paramilitary units enter the cave and start attacking.",
		"Type": "Static",
		"Width": 48,
		"Height": 48,
		"ExitStyle": "plate2",
		"KeyStyle": "office",
		"Objectives": [{
			"Description": "Defend yourself",
			"Type": "Kill",
			"Index": 0,
			"Count": 12,
			"Required": 10,
			"Flags": 0
		},
		{
			"Description": "Collect data",
			"Type": "Collect",
			"Pickup": "chip1",
			"Count": 2,
			"Required": 2,
			"Flags": 0
		}],
		"Enemies": [],
		"SpecialChars": [4,
		5,
		6,
		7],
		"MapObjectDensities": [],
		"EnemyDensity": 0,
		"Weapons": ["Knife",
		"Powergun",
		"Pistol",
		"Machine gun",
		"Shotgun",
		"Sniper rifle"],
		"Song": "",
		"TileClasses": {
			"2": {
				"Name": "door",
				"Type": "Door",
				"Style": "office",
				"Mask": "ffffffff",
				"MaskAlt": "ffffffff",
				"CanWalk": false,
				"IsOpaque": true,
				"Shootable": true,
				"IsRoom": true
			},
			"1": {
				"Name": "wall",
				"Type": "Wall",
				"Style": "rock",
				"Mask": "848484ff",
				"MaskAlt": "840000ff",
				"CanWalk": false,
				"IsOpaque": true,
				"Shootable": true,
				"IsRoom": false
			},
			"4": {
				"Name": "",
				"Type": "",
				"Style": "",
				"Mask": "ffffffff",
				"MaskAlt": "ffffffff",
				"CanWalk": false,
				"IsOpaque": false,
				"Shootable": false,
				"IsRoom": false
			},
			"3": {
				"Name": "tile",
				"Type": "Floor",
				"Style": "tile",
				"Mask": "008400ff",
				"MaskAlt": "840000ff",
				"CanWalk": true,
				"IsOpaque": false,
				"Shootable": false,
				"IsRoom": true
			},
			"5": {
				"Name": "tile",
				"Type": "Floor",
				"Style": "stone",
				"Mask": "484848ff",
				"MaskAlt": "840000ff",
				"CanWalk": true,
				"IsOpaque": false,
				"Shootable": false,
				"IsRoom": false
			},
			"0": {
				"Name": "tile",
				"Type": "Floor",
				"Style": "stone",
				"Mask": "484848ff",
				"MaskAlt": "840000ff",
				"CanWalk": true,
				"IsOpaque": false,
				"Shootable": false,
				"IsRoom": false
			}
		},
		"Tiles": ["4,4,4,4,1,1,1,1,1,1,1,1,1,1,1,1,1,4,4,4,4,4,4,4,4,4,4,4,4,4,4,4,4,4,4,4,4,4,4,4,4,4,4,4,4,4,4,4",
		"4,4,4,1,1,1,0,0,1,1,1,1,0,0,1,1,1,4,4,4,4,4,4,4,4,4,4,4,4,4,4,4,4,1,1,1,1,1,1,1,4,4,4,4,4,4,4,4",
		"4,1,1,1,1,1,0,0,1,1,0,0,0,1,0,1,1,1,4,4,4,4,4,4,4,4,4,1,1,1,4,4,4,1,1,1,1,1,1,1,4,4,4,4,4,4,4,4",
		"1,1,1,0,0,0,0,0,0,0,0,0,0,0,0,1,0,1,1,4,4,4,4,1,1,1,1,1,0,1,4,4,4,1,3,3,3,3,3,1,4,4,1,4,4,4,4,4",
		"1,1,1,0,0,0,0,0,0,0,0,0,0,0,0,0,0,0,1,1,4,4,1,1,0,0,1,1,0,1,1,1,4,1,3,3,3,3,3,1,1,1,1,4,4,4,4,4",
		"1,1,0,0,0,0,0,0,0,0,0,0,0,0,0,0,0,0,0,1,4,1,1,1,0,0,0,0,0,1,1,1,1,1,3,3,3,3,3,1,1,1,1,4,4,4,4,4",
		"1,1,0,0,0,0,0,0,0,0,0,0,0,0,0,0,0,0,0,0,1,1,1,0,0,0,0,0,0,0,0,1,1,1,3,3,3,3,3,1,1,0,1,1,1,4,4,4",
		"1,1,0,0,0,0,0,0,0,0,0,0,0,0,0,0,0,0,0,0,0,1,5,5,5,5,5,5,5,5,5,5,5,1,3,3,3,3,3,1,0,0,1,1,1,4,4,4",
		"1,1,1,0,0,0,0,0,0,0,0,0,1,0,0,0,0,0,0,0,0,0,5,5,5,5,5,1,1,5,5,5,5,1,1,2,2,2,1,1,0,0,0,1,1,4,4,4",
		"1,1,1,0,0,0,0,0,0,0,0,1,1,0,0,0,0,0,0,0,0,0,5,5,5,5,5,1,1,5,5,5,5,5,5,0,0,0,0,0,0,0,0,0,1,1,4,4",
		"1,1,1,0,0,0,0,0,0,0,1,1,0,0,0,0,0,0,0,0,0,0,5,5,5,5,1,1,1,5,5,5,5,5,5,5,5,0,0,0,0,0,0,0,1,1,4,4",
		"1,1,0,0,0,0,0,0,0,0,0,0,0,0,0,0,0,0,0,0,0,0,5,5,5,1,1,1,5,5,5,5,5,5,5,5,5,0,0,0,0,0,0,1,1,1,4,4",
		"1,1,1,1,0,0,0,0,0,0,0,0,0,0,0,0,0,0,0,0,0,0,5,5,5,5,1,1,5,5,5,5,5,5,5,5,5,0,0,0,0,0,0,0,1,1,1,4",
		"1,1,1,0,0,0,0,0,0,0,0,0,0,0,0,0,0,0,0,0,0,0,5,5,5,5,5,1,5,5,5,5,5,5,5,5,5,0,0,0,0,0,0,0,0,1,1,4",
		"4,4,1,1,0,0,0,0,0,0,0,0,0,0,0,0,0,0,0,0,0,0,5,5,5,5,5,5,5,5,5,5,5,5,5,5,5,0,0,0,0,0,0,0,0,0,1,4",
		"4,4,1,1,1,0,0,0,0,0,0,0,0,0,0,0,0,0,0,0,0,0,0,0,0,0,0,0,0,0,0,0,0,0,0,0,0,0,0,0,0,0,0,0,0,1,1,4",
		"4,4,1,1,0,0,0,0,0,0,0,0,0,0,0,0,0,0,0,0,0,0,0,0,0,0,0,0,0,0,0,0,0,0,0,0,0,0,0,0,0,0,0,1,1,1,1,4",
		"4,4,1,1,0,0,0,0,0,0,0,0,0,0,0,0,0,0,0,0,0,0,0,0,0,0,0,0,0,0,0,0,0,0,0,0,0,0,0,0,0,0,0,0,0,0,1,4",
		"4,4,1,1,1,1,0,0,0,1,1,2,2,1,1,0,0,0,0,0,0,0,0,0,0,0,0,0,0,0,0,0,0,0,0,0,0,0,0,0,0,0,0,0,0,1,1,4",
		"4,4,4,4,4,1,1,1,1,1,3,3,3,3,1,1,0,0,0,1,0,0,0,0,0,0,0,0,0,0,0,0,0,0,0,0,0,0,0,0,0,0,0,0,1,1,4,4",
		"4,4,4,4,4,1,1,1,1,1,3,3,3,3,1,1,0,0,1,1,0,0,0,0,0,0,1,0,0,0,0,0,0,0,0,0,0,0,0,0,0,0,0,1,1,1,4,4",
		"4,4,4,4,4,1,1,1,1,1,3,3,3,3,1,1,1,0,1,0,1,1,0,0,0,1,0,0,0,0,0,0,0,0,0,0,0,0,0,0,0,0,0,0,1,1,1,1",
		"4,4,4,4,4,1,3,3,3,3,3,3,3,3,1,1,1,1,1,1,1,1,1,0,1,1,0,0,0,0,0,0,0,0,0,0,0,0,0,0,0,0,0,1,1,1,1,1",
		"4,4,4,4,4,1,3,3,3,3,3,3,3,3,1,1,1,1,1,1,1,1,1,1,1,1,1,0,1,0,0,0,0,0,0,0,0,0,0,0,0,0,0,0,1,1,1,1",
		"4,4,4,4,4,1,3,3,3,3,3,3,3,3,1,1,1,0,0,1,1,1,4,4,4,4,1,0,1,0,0,0,0,0,0,0,0,0,0,0,0,0,0,0,0,0,1,1",
		"4,4,4,4,4,1,3,3,3,3,3,3,3,3,1,1,1,0,0,0,0,1,1,4,4,4,4,1,1,1,0,0,0,1,0,0,0,0,0,0,0,0,0,0,0,0,0,1",
		"4,4,4,4,4,1,1,1,1,1,3,3,3,3,1,1,0,0,0,0,0,0,1,4,4,4,4,1,1,1,1,0,0,1,0,0,0,0,0,0,0,0,0,0,0,0,0,1",
		"4,4,4,4,1,0,1,1,1,1,3,3,3,3,1,1,0,0,0,0,0,1,1,4,1,4,4,1,1,1,1,1,1,1,0,0,0,0,0,0,0,0,0,0,0,0,0,1",
		"4,4,1,1,1,0,1,1,1,1,3,3,3,3,1,1,0,0,0,0,0,0,1,1,1,1,1,1,1,0,1,1,1,1,0,0,0,0,0,0,0,0,0,0,0,0,1,1",
		"1,1,1,0,0,0,0,0,1,1,1,2,2,1,1,0,0,0,0,0,0,0,0,1,0,0,1,1,0,0,1,0,0,1,1,0,0,0,0,0,0,0,0,0,0,1,1,1",
		"1,1,1,0,0,0,0,0,0,0,0,0,0,0,0,0,0,0,0,0,0,0,0,0,0,0,0,1,1,0,0,0,0,1,1,1,0,0,0,0,0,0,0,1,1,1,1,1",
		"1,0,0,0,0,0,0,0,0,0,0,0,0,0,0,0,0,0,0,0,0,0,0,0,0,0,0,1,0,0,0,0,0,1,1,1,1,0,0,0,0,0,0,0,1,1,1,0",
		"1,0,0,0,0,0,0,0,0,0,0,0,0,0,0,0,0,0,0,0,0,0,0,0,0,0,0,1,0,0,0,0,0,0,1,1,0,0,0,0,0,0,0,0,0,0,0,0",
		"1,0,0,0,0,0,0,0,0,0,0,0,0,0,0,0,0,0,0,0,0,0,0,0,0,0,0,0,0,0,1,0,0,0,1,1,0,0,0,0,0,0,0,0,0,0,0,0",
		"1,1,0,0,0,0,0,0,0,0,0,0,0,0,0,0,0,0,0,0,0,0,0,0,0,0,0,0,0,0,0,0,0,0,0,0,0,0,0,0,0,0,0,0,0,0,0,0",
		"1,1,1,1,0,0,0,0,0,0,0,0,0,0,0,0,0,0,0,0,0,0,0,0,0,0,0,0,0,0,0,0,0,0,0,0,0,0,0,0,0,0,0,0,0,0,0,0",
		"4,1,1,0,0,0,0,0,0,0,0,0,0,0,0,0,0,0,0,0,0,0,0,0,0,0,0,0,0,0,0,0,0,0,0,0,0,0,0,0,0,0,0,0,0,0,0,0",
		"4,1,1,0,0,0,0,0,0,0,0,0,0,0,0,0,0,0,1,1,0,0,0,0,0,0,0,0,0,0,0,0,0,0,0,0,0,0,0,0,0,0,0,0,0,0,0,0",
		"4,1,0,0,0,0,0,0,0,0,0,0,0,0,0,0,0,0,1,1,0,0,0,0,0,0,0,0,0,0,0,0,0,0,0,0,0,0,0,0,0,0,0,0,0,0,0,0",
		"4,1,0,0,0,0,0,0,0,0,0,0,0,0,0,0,1,0,1,1,0,0,0,0,0,0,0,0,0,0,0,0,0,0,0,0,0,0,0,0,0,0,0,0,0,0,0,0",
		"4,1,1,0,1,0,0,0,0,0,0,0,0,0,0,0,0,1,1,1,1,0,0,0,0,0,0,0,0,0,0,0,0,0,0,0,0,0,0,0,0,1,1,0,1,1,0,0",
		"4,1,1,0,0,0,0,0,0,0,0,0,0,0,0,0,1,1,1,1,1,0,0,0,0,0,0,0,0,0,0,0,0,0,0,0,0,0,0,0,0,1,1,1,1,0,1,0",
		"4,4,1,0,0,0,1,0,0,0,0,0,0,0,0,0,1,1,1,0,0,0,0,0,0,0,1,1,0,0,0,0,0,1,1,0,0,0,0,0,0,0,1,1,1,1,1,1",
		"4,4,1,0,0,0,0,0,0,0,0,0,0,0,0,0,1,1,1,0,0,0,0,0,0,0,0,1,1,0,0,0,1,1,1,1,1,0,0,1,1,1,1,4,4,4,4,4",
		"4,4,1,1,0,0,0,0,0,0,0,0,0,0,1,1,1,1,1,0,0,0,0,0,0,0,0,1,1,1,0,1,1,4,4,1,1,0,0,1,1,1,1,4,4,4,4,4",
		"4,4,1,0,0,0,0,1,1,0,0,0,1,0,1,1,1,4,1,1,0,0,1,0,0,0,0,0,0,1,0,1,1,4,4,4,1,1,1,1,1,4,4,4,4,4,4,4",
		"4,4,1,1,0,0,1,1,1,1,1,1,1,1,1,1,4,4,1,1,1,1,1,1,0,0,1,1,1,1,1,1,4,4,4,4,1,1,1,4,4,4,4,4,4,4,4,4",
		"4,4,1,1,1,1,1,4,4,4,4,1,1,1,1,1,4,4,4,1,1,1,1,1,1,1,1,1,1,1,1,1,4,4,4,4,4,4,4,4,4,4,4,4,4,4,4,4"],
		"Access": ["0,0,0,0,0,0,0,0,0,0,0,0,0,0,0,0,0,0,0,0,0,0,0,0,0,0,0,0,0,0,0,0,0,0,0,0,0,0,0,0,0,0,0,0,0,0,0,0",
		"0,0,0,0,0,0,0,0,0,0,0,0,0,0,0,0,0,0,0,0,0,0,0,0,0,0,0,0,0,0,0,0,0,0,0,0,0,0,0,0,0,0,0,0,0,0,0,0",
		"0,0,0,0,0,0,0,0,0,0,0,0,0,0,0,0,0,0,0,0,0,0,0,0,0,0,0,0,0,0,0,0,0,0,0,0,0,0,0,0,0,0,0,0,0,0,0,0",
		"0,0,0,0,0,0,0,0,0,0,0,0,0,0,0,0,0,0,0,0,0,0,0,0,0,0,0,0,0,0,0,0,0,0,0,0,0,0,0,0,0,0,0,0,0,0,0,0",
		"0,0,0,0,0,0,0,0,0,0,0,0,0,0,0,0,0,0,0,0,0,0,0,0,0,0,0,0,0,0,0,0,0,0,0,0,0,0,0,0,0,0,0,0,0,0,0,0",
		"0,0,0,0,0,0,0,0,0,0,0,0,0,0,0,0,0,0,0,0,0,0,0,0,0,0,0,0,0,0,0,0,0,0,0,0,0,0,0,0,0,0,0,0,0,0,0,0",
		"0,0,0,0,0,0,0,0,0,0,0,0,0,0,0,0,0,0,0,0,0,0,0,0,0,0,0,0,0,0,0,0,0,0,0,0,0,0,0,0,0,0,0,0,0,0,0,0",
		"0,0,0,0,0,0,0,0,0,0,0,0,0,0,0,0,0,0,0,0,0,0,0,0,0,0,0,0,0,0,0,0,0,0,0,0,0,0,0,0,0,0,0,0,0,0,0,0",
		"0,0,0,0,0,0,0,0,0,0,0,0,0,0,0,0,0,0,0,0,0,0,0,0,0,0,0,0,0,0,0,0,0,0,0,0,0,0,0,0,0,0,0,0,0,0,0,0",
		"0,0,0,0,0,0,0,0,0,0,0,0,0,0,0,0,0,0,0,0,0,0,0,0,0,0,0,0,0,0,0,0,0,0,0,0,0,0,0,0,0,0,0,0,0,0,0,0",
		"0,0,0,0,0,0,0,0,0,0,0,0,0,0,0,0,0,0,0,0,0,0,0,0,0,0,0,0,0,0,0,0,0,0,0,0,0,0,0,0,0,0,0,0,0,0,0,0",
		"0,0,0,0,0,0,0,0,0,0,0,0,0,0,0,0,0,0,0,0,0,0,0,0,0,0,0,0,0,0,0,0,0,0,0,0,0,0,0,0,0,0,0,0,0,0,0,0",
		"0,0,0,0,0,0,0,0,0,0,0,0,0,0,0,0,0,0,0,0,0,0,0,0,0,0,0,0,0,0,0,0,0,0,0,0,0,0,0,0,0,0,0,0,0,0,0,0",
		"0,0,0,0,0,0,0,0,0,0,0,0,0,0,0,0,0,0,0,0,0,0,0,0,0,0,0,0,0,0,0,0,0,0,0,0,0,0,0,0,0,0,0,0,0,0,0,0",
		"0,0,0,0,0,0,0,0,0,0,0,0,0,0,0,0,0,0,0,0,0,0,0,0,0,0,0,0,0,0,0,0,0,0,0,0,0,0,0,0,0,0,0,0,0,0,0,0",
		"0,0,0,0,0,0,0,0,0,0,0,0,0,0,0,0,0,0,0,0,0,0,0,0,0,0,0,0,0,0,0,0,0,0,0,0,0,0,0,0,0,0,0,0,0,0,0,0",
		"0,0,0,0,0,0,0,0,0,0,0,0,0,0,0,0,0,0,0,0,0,0,0,0,0,0,0,0,0,0,0,0,0,0,0,0,0,0,0,0,0,0,0,0,0,0,0,0",
		"0,0,0,0,0,0,0,0,0,0,0,0,0,0,0,0,0,0,0,0,0,0,0,0,0,0,0,0,0,0,0,0,0,0,0,0,0,0,0,0,0,0,0,0,0,0,0,0",
		"0,0,0,0,0,0,0,0,0,0,0,0,0,0,0,0,0,0,0,0,0,0,0,0,0,0,0,0,0,0,0,0,0,0,0,0,0,0,0,0,0,0,0,0,0,0,0,0",
		"0,0,0,0,0,0,0,0,0,0,0,0,0,0,0,0,0,0,0,0,0,0,0,0,0,0,0,0,0,0,0,0,0,0,0,0,0,0,0,0,0,0,0,0,0,0,0,0",
		"0,0,0,0,0,0,0,0,0,0,0,0,0,0,0,0,0,0,0,0,0,0,0,0,0,0,0,0,0,0,0,0,0,0,0,0,0,0,0,0,0,0,0,0,0,0,0,0",
		"0,0,0,0,0,0,0,0,0,0,0,0,0,0,0,0,0,0,0,0,0,0,0,0,0,0,0,0,0,0,0,0,0,0,0,0,0,0,0,0,0,0,0,0,0,0,0,0",
		"0,0,0,0,0,0,0,0,0,0,0,0,0,0,0,0,0,0,0,0,0,0,0,0,0,0,0,0,0,0,0,0,0,0,0,0,0,0,0,0,0,0,0,0,0,0,0,0",
		"0,0,0,0,0,0,0,0,0,0,0,0,0,0,0,0,0,0,0,0,0,0,0,0,0,0,0,0,0,0,0,0,0,0,0,0,0,0,0,0,0,0,0,0,0,0,0,0",
		"0,0,0,0,0,0,0,0,0,0,0,0,0,0,0,0,0,0,0,0,0,0,0,0,0,0,0,0,0,0,0,0,0,0,0,0,0,0,0,0,0,0,0,0,0,0,0,0",
		"0,0,0,0,0,0,0,0,0,0,0,0,0,0,0,0,0,0,0,0,0,0,0,0,0,0,0,0,0,0,0,0,0,0,0,0,0,0,0,0,0,0,0,0,0,0,0,0",
		"0,0,0,0,0,0,0,0,0,0,0,0,0,0,0,0,0,0,0,0,0,0,0,0,0,0,0,0,0,0,0,0,0,0,0,0,0,0,0,0,0,0,0,0,0,0,0,0",
		"0,0,0,0,0,0,0,0,0,0,0,0,0,0,0,0,0,0,0,0,0,0,0,0,0,0,0,0,0,0,0,0,0,0,0,0,0,0,0,0,0,0,0,0,0,0,0,0",
		"0,0,0,0,0,0,0,0,0,0,0,0,0,0,0,0,0,0,0,0,0,0,0,0,0,0,0,0,0,0,0,0,0,0,0,0,0,0,0,0,0,0,0,0,0,0,0,0",
		"0,0,0,0,0,0,0,0,0,0,0,0,0,0,0,0,0,0,0,0,0,0,0,0,0,0,0,0,0,0,0,0,0,0,0,0,0,0,0,0,0,0,0,0,0,0,0,0",
		"0,0,0,0,0,0,0,0,0,0,0,0,0,0,0,0,0,0,0,0,0,0,0,0,0,0,0,0,0,0,0,0,0,0,0,0,0,0,0,0,0,0,0,0,0,0,0,0",
		"0,0,0,0,0,0,0,0,0,0,0,0,0,0,0,0,0,0,0,0,0,0,0,0,0,0,0,0,0,0,0,0,0,0,0,0,0,0,0,0,0,0,0,0,0,0,0,0",
		"0,0,0,0,0,0,0,0,0,0,0,0,0,0,0,0,0,0,0,0,0,0,0,0,0,0,0,0,0,0,0,0,0,0,0,0,0,0,0,0,0,0,0,0,0,0,0,0",
		"0,0,0,0,0,0,0,0,0,0,0,0,0,0,0,0,0,0,0,0,0,0,0,0,0,0,0,0,0,0,0,0,0,0,0,0,0,0,0,0,0,0,0,0,0,0,0,0",
		"0,0,0,0,0,0,0,0,0,0,0,0,0,0,0,0,0,0,0,0,0,0,0,0,0,0,0,0,0,0,0,0,0,0,0,0,0,0,0,0,0,0,0,0,0,0,0,0",
		"0,0,0,0,0,0,0,0,0,0,0,0,0,0,0,0,0,0,0,0,0,0,0,0,0,0,0,0,0,0,0,0,0,0,0,0,0,0,0,0,0,0,0,0,0,0,0,0",
		"0,0,0,0,0,0,0,0,0,0,0,0,0,0,0,0,0,0,0,0,0,0,0,0,0,0,0,0,0,0,0,0,0,0,0,0,0,0,0,0,0,0,0,0,0,0,0,0",
		"0,0,0,0,0,0,0,0,0,0,0,0,0,0,0,0,0,0,0,0,0,0,0,0,0,0,0,0,0,0,0,0,0,0,0,0,0,0,0,0,0,0,0,0,0,0,0,0",
		"0,0,0,0,0,0,0,0,0,0,0,0,0,0,0,0,0,0,0,0,0,0,0,0,0,0,0,0,0,0,0,0,0,0,0,0,0,0,0,0,0,0,0,0,0,0,0,0",
		"0,0,0,0,0,0,0,0,0,0,0,0,0,0,0,0,0,0,0,0,0,0,0,0,0,0,0,0,0,0,0,0,0,0,0,0,0,0,0,0,0,0,0,0,0,0,0,0",
		"0,0,0,0,0,0,0,0,0,0,0,0,0,0,0,0,0,0,0,0,0,0,0,0,0,0,0,0,0,0,0,0,0,0,0,0,0,0,0,0,0,0,0,0,0,0,0,0",
		"0,0,0,0,0,0,0,0,0,0,0,0,0,0,0,0,0,0,0,0,0,0,0,0,0,0,0,0,0,0,0,0,0,0,0,0,0,0,0,0,0,0,0,0,0,0,0,0",
		"0,0,0,0,0,0,0,0,0,0,0,0,0,0,0,0,0,0,0,0,0,0,0,0,0,0,0,0,0,0,0,0,0,0,0,0,0,0,0,0,0,0,0,0,0,0,0,0",
		"0,0,0,0,0,0,0,0,0,0,0,0,0,0,0,0,0,0,0,0,0,0,0,0,0,0,0,0,0,0,0,0,0,0,0,0,0,0,0,0,0,0,0,0,0,0,0,0",
		"0,0,0,0,0,0,0,0,0,0,0,0,0,0,0,0,0,0,0,0,0,0,0,0,0,0,0,0,0,0,0,0,0,0,0,0,0,0,0,0,0,0,0,0,0,0,0,0",
		"0,0,0,0,0,0,0,0,0,0,0,0,0,0,0,0,0,0,0,0,0,0,0,0,0,0,0,0,0,0,0,0,0,0,0,0,0,0,0,0,0,0,0,0,0,0,0,0",
		"0,0,0,0,0,0,0,0,0,0,0,0,0,0,0,0,0,0,0,0,0,0,0,0,0,0,0,0,0,0,0,0,0,0,0,0,0,0,0,0,0,0,0,0,0,0,0,0",
		"0,0,0,0,0,0,0,0,0,0,0,0,0,0,0,0,0,0,0,0,0,0,0,0,0,0,0,0,0,0,0,0,0,0,0,0,0,0,0,0,0,0,0,0,0,0,0,0"],
		"StaticItems": [{
			"MapObject": "barrel_blue",
			"Positions": [[3, 36],
			[17, 24],
			[18, 24],
			[21, 26],
			[14, 2],
			[28, 3],
			[28, 4]]
		},
		{
			"MapObject": "table_steel",
			"Positions": [[36, 3],
			[9, 22],
			[6, 22]]
		},
		{
			"MapObject": "chair",
			"Positions": [[7, 24],
			[38, 5],
			[34, 5]]
		},
		{
			"MapObject": "box3",
			"Positions": [[28, 12],
			[34, 25],
			[7, 29],
			[15, 41]]
		},
		{
			"MapObject": "crate",
			"Positions": [[45, 24],
			[25, 29],
			[24, 29]]
		},
		{
			"MapObject": "wall_stuff",
			"Positions": [[30, 30],
			[8, 3]]
		},
		{
			"MapObject": "barrel_flame",
			"Positions": [[32, 29],
			[31, 29],
			[33, 32],
			[17, 25],
			[20, 26]]
		},
		{
			"MapObject": "box3_green",
			"Positions": [[24, 5],
			[24, 4],
			[25, 4],
			[21, 40]]
		},
		{
			"MapObject": "barrel_skull",
			"Positions": [[25, 43],
			[24, 44],
			[24, 43]]
		},
		{
			"MapObject": "wall_goo",
			"Positions": [[41, 6]]
		},
		{
			"MapObject": "crate2",
			"Positions": [[34, 28],
			[16, 3],
			[18, 13],
			[18, 12],
			[3, 29],
			[1, 31],
			[2, 31],
			[3, 30]]
		},
		{
			"MapObject": "box3_red_wreck",
			"Positions": [[38, 17],
			[37, 15],
			[37, 16],
			[37, 18],
			[36, 18],
			[36, 16]]
		},
		{
			"MapObject": "rocket_wreck",
			"Positions": [[37, 17],
			[3, 6],
			[11, 2],
			[2, 5],
			[3, 5],
			[31, 34],
			[32, 31],
			[32, 32],
			[33, 32],
			[32, 30]]
		},
		{
			"MapObject": "crate2_wreck",
			"Positions": [[8, 13],
			[7, 13],
			[6, 11],
			[7, 11],
			[7, 12],
			[19, 13],
			[19, 12],
			[19, 11],
			[18, 11],
			[16, 3],
			[17, 4],
			[18, 5],
			[45, 25],
			[46, 26],
			[46, 25],
			[35, 28],
			[35, 27],
			[34, 27],
			[34, 26],
			[11, 13],
			[10, 15],
			[10, 14],
			[5, 5],
			[5, 7],
			[5, 8],
			[5, 6],
			[6, 5],
			[6, 4],
			[5, 4],
			[4, 4],
			[4, 3],
			[10, 43],
			[7, 41],
			[8, 42],
			[9, 42],
			[5, 34],
			[6, 37],
			[6, 36],
			[6, 35],
			[5, 33],
			[4, 32],
			[5, 32]]
		},
		{
			"MapObject": "table_wood_wreck",
			"Positions": [[7, 22],
			[8, 22],
			[35, 3],
			[37, 3]]
		}],
		"StaticCharacters": [],
		"StaticObjectives": [{
			"Index": 0,
			"Positions": [[42, 34],
			[44, 26],
			[35, 37],
			[31, 24],
			[44, 34],
			[25, 8],
			[43, 13],
			[32, 35],
			[36, 5],
			[35, 6]],
			"Indices": [0,
			0,
			1,
			1,
			2,
			2,
			3,
			3,
			0,
			1]
		},
		{
			"Index": 1,
			"Positions": [[37, 4],
			[9, 23]],
			"Indices": [0, 0]
		}],
		"StaticKeys": [],
		"StaticPickups": [],
		"Start": [11, 23],
		"Exits": [{
			"Rect": [43,
			31,
			4,
			9],
			"Mission": 2,
			"Hidden": false
		}]
	},
	{
		"Title": "Way to the base",
		"Description": "As you leave the cave, you check the terrain for snipers.  It's more a habit, but you actually find some. Get the hell out of the area!",
		"Type": "Static",
		"Width": 55,
		"Height": 46,
		"ExitStyle": "plate",
		"KeyStyle": "office",
		"Objectives": [{
			"Description": "Get rid of the snipers",
			"Type": "Kill",
			"Index": 0,
			"Count": 6,
			"Required": 0,
			"Flags": 0
		}],
		"Enemies": [],
		"SpecialChars": [8],
		"MapObjectDensities": [],
		"EnemyDensity": 0,
		"Weapons": ["Knife",
		"Machine gun",
		"Shotgun",
		"Powergun",
		"Sniper rifle",
		"Pistol"],
		"Song": "",
		"TileClasses": {
			"1": {
				"Name": "wall",
				"Type": "Wall",
				"Style": "granite",
				"Mask": "664411ff",
				"MaskAlt": "840000ff",
				"CanWalk": false,
				"IsOpaque": true,
				"Shootable": true,
				"IsRoom": false
			},
			"4": {
				"Name": "",
				"Type": "",
				"Style": "",
				"Mask": "ffffffff",
				"MaskAlt": "ffffffff",
				"CanWalk": false,
				"IsOpaque": false,
				"Shootable": false,
				"IsRoom": false
			},
			"3": {
				"Name": "tile",
				"Type": "Floor",
				"Style": "dirt",
				"Mask": "00a400ff",
				"MaskAlt": "840000ff",
				"CanWalk": true,
				"IsOpaque": false,
				"Shootable": false,
				"IsRoom": true
			},
			"0": {
				"Name": "tile",
				"Type": "Floor",
				"Style": "stone",
				"Mask": "94802cff",
				"MaskAlt": "840000ff",
				"CanWalk": true,
				"IsOpaque": false,
				"Shootable": false,
				"IsRoom": false
			}
		},
		"Tiles": ["1,1,1,1,1,1,1,1,1,1,1,1,1,1,1,1,1,1,1,1,1,1,1,1,1,1,1,1,1,1,1,1,1,1,1,1,1,4,4,4,4,4,4,4,4,4,4,4,4,4,4,4,4,4,4",
		"1,1,1,0,0,0,1,1,1,0,0,0,1,1,1,1,1,1,1,1,1,1,1,0,0,1,1,1,1,1,1,1,1,1,1,1,1,1,1,1,1,4,4,4,4,4,4,4,4,4,4,4,4,4,4",
		"1,0,0,0,0,0,0,0,0,0,0,0,0,0,0,0,1,1,1,1,1,1,0,0,0,0,1,1,1,1,1,1,1,1,1,1,1,1,1,1,1,1,1,4,4,4,1,1,1,1,1,4,4,4,4",
		"1,0,0,0,0,0,0,0,0,0,0,0,0,0,0,0,0,1,1,1,1,0,0,0,0,0,0,1,1,1,1,1,1,1,1,1,1,1,1,1,1,1,1,4,4,1,1,1,1,1,1,1,4,4,4",
		"1,0,0,0,0,0,0,0,0,0,0,0,0,0,0,0,0,0,0,1,1,0,0,0,0,0,0,1,1,1,0,1,1,1,1,1,0,0,1,1,1,1,1,1,1,1,1,1,1,1,1,1,1,4,4",
		"0,0,0,0,3,3,0,0,0,0,3,3,3,3,0,0,0,0,0,1,1,0,0,3,3,0,0,0,0,0,0,0,1,1,1,0,0,0,0,1,1,1,1,1,1,1,1,1,1,1,1,1,1,1,1",
		"0,0,0,3,3,0,0,0,0,0,0,0,3,3,0,0,0,0,0,0,0,0,0,0,3,3,0,0,0,0,0,0,1,1,0,0,0,0,0,0,0,0,1,1,1,1,0,0,0,1,1,1,1,1,1",
		"0,0,3,3,3,3,0,0,0,0,0,0,0,0,0,0,0,0,0,0,0,0,0,0,0,0,0,0,0,0,0,0,0,0,0,0,0,0,0,0,0,0,0,0,0,1,0,0,0,0,1,1,1,1,1",
		"0,0,3,3,0,0,0,0,0,0,0,0,0,0,0,1,1,0,0,0,0,0,0,0,0,0,0,0,0,0,0,0,0,0,0,0,0,0,0,0,0,0,0,0,0,0,0,0,0,0,1,0,0,1,1",
		"0,0,0,0,0,0,0,1,1,0,0,0,0,0,0,1,1,0,0,0,0,0,0,0,0,0,0,0,0,0,0,0,0,0,3,3,0,0,0,0,0,0,0,0,0,0,0,0,0,0,0,0,0,0,1",
		"0,0,0,0,0,0,1,1,1,0,0,1,1,1,1,1,1,0,0,0,0,0,0,1,1,1,0,0,0,0,0,0,3,3,3,3,3,3,0,3,3,0,0,0,3,0,0,0,0,0,0,0,0,0,1",
		"0,0,0,0,0,1,1,1,1,1,1,1,1,1,1,1,1,1,0,0,0,0,1,1,1,1,1,1,1,0,0,0,0,0,3,3,3,3,3,3,3,0,0,3,0,3,0,3,3,0,0,0,0,1,1",
		"0,0,0,1,1,1,1,1,1,1,1,1,1,1,1,1,1,1,0,0,0,0,1,1,1,1,1,1,1,0,0,0,0,0,0,0,3,0,0,3,3,3,0,0,0,0,0,3,3,3,3,0,0,1,1",
		"0,0,0,1,1,1,1,1,1,1,1,1,1,1,0,0,0,0,0,0,0,0,0,1,0,0,1,1,1,1,1,0,0,0,0,0,0,3,3,3,3,0,3,0,0,0,0,0,3,3,0,0,1,1,1",
		"0,0,1,1,1,1,1,1,1,1,0,0,0,1,0,0,0,0,0,0,0,0,0,0,0,0,0,1,1,1,1,1,0,0,1,0,0,3,3,3,3,3,0,0,1,1,0,0,3,3,3,0,1,1,1",
		"1,1,1,1,1,1,1,1,0,0,0,0,0,0,0,0,0,0,0,0,0,0,0,0,0,0,0,1,1,1,1,1,1,1,1,0,0,3,3,0,0,3,0,0,1,0,0,0,3,3,3,0,0,1,1",
		"1,1,1,1,1,1,1,1,0,0,0,0,0,0,0,0,0,0,0,0,0,0,0,0,0,0,0,1,0,1,1,1,1,0,0,0,0,3,3,3,3,0,0,0,0,0,0,0,3,3,3,0,0,0,1",
		"1,1,1,1,1,1,0,0,0,0,0,3,0,0,3,3,0,0,0,0,0,0,0,0,3,3,3,0,0,0,0,0,0,0,0,0,0,0,0,3,3,0,0,0,0,0,0,3,3,3,0,0,0,0,1",
		"1,1,1,1,1,1,0,0,0,0,3,3,3,3,3,3,3,3,0,0,1,0,1,0,0,0,3,0,0,0,0,0,0,0,0,0,0,0,3,0,0,3,0,0,0,0,0,3,0,0,3,0,0,1,1",
		"1,1,1,1,1,1,0,0,0,0,3,3,3,0,0,0,3,0,0,0,0,0,1,0,0,0,0,3,0,0,0,0,0,0,0,0,1,0,0,0,0,0,0,0,0,0,0,0,0,0,0,0,0,1,1",
		"1,1,1,1,0,0,0,0,0,3,3,0,0,3,3,3,3,0,0,0,0,1,1,1,0,0,0,0,0,0,0,0,0,0,1,1,1,0,0,0,0,0,0,0,0,0,0,0,0,0,0,0,1,1,1",
		"1,1,1,1,0,0,0,3,3,3,0,0,0,0,0,0,0,0,0,1,1,1,1,1,1,0,0,0,0,0,0,0,0,1,1,1,1,0,0,0,0,0,0,0,0,0,0,0,0,0,0,1,1,1,1",
		"1,1,1,1,0,0,0,3,3,0,0,0,0,0,0,0,0,0,1,1,1,1,1,1,1,1,0,1,1,1,1,1,1,1,1,1,1,0,0,0,1,0,0,0,0,1,0,0,0,0,1,1,1,1,1",
		"1,1,1,0,0,0,3,3,0,0,0,0,0,0,0,0,0,1,1,1,1,1,1,1,1,1,1,1,1,1,1,1,1,1,1,1,1,1,0,0,1,0,1,1,1,1,1,0,0,0,1,1,1,1,1",
		"1,1,0,0,0,0,3,3,0,0,0,0,1,0,0,0,1,1,1,1,1,1,1,1,1,1,1,1,1,1,1,1,1,1,1,1,1,1,0,0,1,1,1,1,1,1,1,0,1,1,1,1,1,1,1",
		"1,1,0,0,0,0,3,0,0,0,1,1,1,1,0,1,1,1,1,1,1,0,0,0,1,1,1,1,0,0,0,1,1,1,1,1,1,1,1,1,1,1,1,1,1,1,1,1,1,1,1,1,1,1,1",
		"1,0,0,0,0,3,0,0,0,1,1,1,1,1,1,1,1,1,1,1,0,0,0,0,0,1,1,0,0,0,0,0,1,1,0,1,1,1,1,1,1,1,1,1,0,0,1,1,1,1,1,1,1,1,1",
		"1,0,0,0,0,0,0,0,0,1,1,1,1,1,1,1,1,1,1,1,0,0,0,0,0,1,1,0,0,0,0,0,1,0,0,0,1,1,1,1,1,1,1,1,0,0,0,1,1,1,1,1,1,1,1",
		"1,0,0,0,0,0,0,0,1,1,1,1,1,1,1,0,0,0,0,0,0,3,3,0,0,0,0,0,0,0,0,0,0,0,0,0,1,1,1,1,1,1,0,0,0,0,0,0,0,1,0,0,1,1,1",
		"1,1,0,0,0,0,0,1,1,1,1,1,1,1,1,0,0,0,0,0,0,0,3,0,0,0,0,0,0,3,0,0,0,0,0,0,0,0,0,0,1,1,0,0,0,0,0,0,0,0,0,0,0,1,1",
		"1,1,0,0,3,0,0,0,1,1,1,1,0,0,0,0,0,0,0,0,0,0,0,3,3,3,0,0,0,0,3,0,0,0,0,0,0,0,0,0,0,0,0,0,0,0,3,0,0,0,0,0,1,1,1",
		"1,1,1,0,0,0,0,0,1,1,1,0,0,0,0,0,0,0,0,0,3,0,3,3,3,3,3,3,3,3,3,3,3,3,3,0,0,0,0,0,0,0,0,0,3,3,3,3,3,3,0,0,1,1,1",
		"1,1,0,0,0,0,0,0,0,0,0,0,0,0,0,0,3,3,0,3,3,0,3,3,3,3,3,3,3,3,0,0,0,3,3,3,3,3,3,0,0,0,3,3,3,3,0,3,3,3,0,1,1,1,1",
		"1,0,0,0,0,3,0,0,0,0,0,0,0,0,0,3,3,3,3,0,3,3,3,3,3,3,3,3,3,0,0,0,0,0,0,0,3,3,3,3,3,0,3,3,0,0,0,0,0,0,0,1,1,1,1",
		"1,0,0,0,0,3,3,3,0,0,0,0,0,0,0,0,0,3,3,0,3,3,3,3,3,3,3,3,0,3,0,0,0,0,0,0,0,0,0,3,3,0,3,3,0,0,0,0,0,0,0,1,1,1,1",
		"1,0,0,0,0,0,0,0,0,0,0,0,0,0,0,0,0,3,0,0,3,3,3,3,3,3,3,3,3,0,0,0,0,0,0,0,0,0,0,0,0,3,3,0,0,0,0,0,0,0,1,1,1,1,1",
		"1,1,0,0,0,0,0,0,0,0,0,0,1,1,1,0,0,0,3,3,3,3,3,3,3,0,3,3,0,0,0,1,0,0,0,0,0,0,0,0,0,3,3,0,1,1,0,0,0,0,1,1,1,0,0",
		"4,1,1,1,0,0,0,0,1,0,0,0,1,4,1,0,0,0,0,0,3,3,3,3,3,0,3,3,0,0,0,1,1,0,1,0,0,0,0,0,0,0,0,0,1,0,0,0,0,0,1,1,0,0,0",
		"4,4,4,1,0,0,0,0,1,1,0,0,1,4,1,0,0,0,0,0,0,0,3,3,3,3,3,3,0,0,0,1,1,1,1,1,0,0,0,0,0,0,0,0,0,0,0,0,0,0,1,0,0,0,0",
		"4,4,4,1,1,1,0,1,1,1,0,0,1,4,1,1,0,0,0,0,0,0,3,3,3,0,0,0,0,1,1,1,4,4,4,1,0,0,0,0,0,0,0,0,0,0,0,0,0,0,0,0,0,0,0",
		"4,4,4,4,1,1,1,1,1,1,1,1,1,4,1,1,1,1,1,1,0,0,0,0,0,0,0,0,0,1,4,4,4,4,4,1,1,1,1,0,0,0,0,0,3,3,0,0,0,0,0,0,0,0,0",
		"4,4,4,4,4,1,1,1,1,1,1,1,1,4,4,4,1,1,1,1,1,1,0,0,0,0,0,0,0,1,4,4,4,4,4,1,4,4,1,1,1,0,0,0,0,0,3,3,3,0,0,0,0,0,0",
		"4,4,4,4,4,4,4,4,1,4,4,4,4,4,4,4,4,4,4,1,1,1,1,0,0,0,0,0,1,4,4,4,4,4,4,1,4,4,4,4,1,0,0,0,0,0,0,0,0,0,0,0,0,0,0",
		"4,4,4,4,4,4,4,4,1,4,4,4,4,4,4,4,4,4,4,4,4,4,1,1,1,1,1,1,4,4,4,4,4,4,4,4,4,4,4,4,1,0,0,0,0,0,0,0,0,0,0,0,0,0,1",
		"4,4,4,4,4,4,4,4,4,4,4,4,4,4,4,4,4,4,4,4,4,4,4,4,4,4,4,4,4,4,4,4,4,4,4,4,4,4,4,4,1,1,0,4,4,1,1,0,0,0,1,1,1,1,1",
		"4,4,4,4,4,4,4,4,4,4,4,4,4,4,4,4,4,4,4,4,4,4,4,4,4,4,4,4,4,4,4,4,4,4,4,4,4,4,4,4,4,1,1,1,1,1,1,1,1,1,1,1,1,1,1"],
		"Access": ["0,0,0,0,0,0,0,0,0,0,0,0,0,0,0,0,0,0,0,0,0,0,0,0,0,0,0,0,0,0,0,0,0,0,0,0,0,0,0,0,0,0,0,0,0,0,0,0,0,0,0,0,0,0,0",
		"0,0,0,0,0,0,0,0,0,0,0,0,0,0,0,0,0,0,0,0,0,0,0,0,0,0,0,0,0,0,0,0,0,0,0,0,0,0,0,0,0,0,0,0,0,0,0,0,0,0,0,0,0,0,0",
		"0,0,0,0,0,0,0,0,0,0,0,0,0,0,0,0,0,0,0,0,0,0,0,0,0,0,0,0,0,0,0,0,0,0,0,0,0,0,0,0,0,0,0,0,0,0,0,0,0,0,0,0,0,0,0",
		"0,0,0,0,0,0,0,0,0,0,0,0,0,0,0,0,0,0,0,0,0,0,0,0,0,0,0,0,0,0,0,0,0,0,0,0,0,0,0,0,0,0,0,0,0,0,0,0,0,0,0,0,0,0,0",
		"0,0,0,0,0,0,0,0,0,0,0,0,0,0,0,0,0,0,0,0,0,0,0,0,0,0,0,0,0,0,0,0,0,0,0,0,0,0,0,0,0,0,0,0,0,0,0,0,0,0,0,0,0,0,0",
		"0,0,0,0,0,0,0,0,0,0,0,0,0,0,0,0,0,0,0,0,0,0,0,0,0,0,0,0,0,0,0,0,0,0,0,0,0,0,0,0,0,0,0,0,0,0,0,0,0,0,0,0,0,0,0",
		"0,0,0,0,0,0,0,0,0,0,0,0,0,0,0,0,0,0,0,0,0,0,0,0,0,0,0,0,0,0,0,0,0,0,0,0,0,0,0,0,0,0,0,0,0,0,0,0,0,0,0,0,0,0,0",
		"0,0,0,0,0,0,0,0,0,0,0,0,0,0,0,0,0,0,0,0,0,0,0,0,0,0,0,0,0,0,0,0,0,0,0,0,0,0,0,0,0,0,0,0,0,0,0,0,0,0,0,0,0,0,0",
		"0,0,0,0,0,0,0,0,0,0,0,0,0,0,0,0,0,0,0,0,0,0,0,0,0,0,0,0,0,0,0,0,0,0,0,0,0,0,0,0,0,0,0,0,0,0,0,0,0,0,0,0,0,0,0",
		"0,0,0,0,0,0,0,0,0,0,0,0,0,0,0,0,0,0,0,0,0,0,0,0,0,0,0,0,0,0,0,0,0,0,0,0,0,0,0,0,0,0,0,0,0,0,0,0,0,0,0,0,0,0,0",
		"0,0,0,0,0,0,0,0,0,0,0,0,0,0,0,0,0,0,0,0,0,0,0,0,0,0,0,0,0,0,0,0,0,0,0,0,0,0,0,0,0,0,0,0,0,0,0,0,0,0,0,0,0,0,0",
		"0,0,0,0,0,0,0,0,0,0,0,0,0,0,0,0,0,0,0,0,0,0,0,0,0,0,0,0,0,0,0,0,0,0,0,0,0,0,0,0,0,0,0,0,0,0,0,0,0,0,0,0,0,0,0",
		"0,0,0,0,0,0,0,0,0,0,0,0,0,0,0,0,0,0,0,0,0,0,0,0,0,0,0,0,0,0,0,0,0,0,0,0,0,0,0,0,0,0,0,0,0,0,0,0,0,0,0,0,0,0,0",
		"0,0,0,0,0,0,0,0,0,0,0,0,0,0,0,0,0,0,0,0,0,0,0,0,0,0,0,0,0,0,0,0,0,0,0,0,0,0,0,0,0,0,0,0,0,0,0,0,0,0,0,0,0,0,0",
		"0,0,0,0,0,0,0,0,0,0,0,0,0,0,0,0,0,0,0,0,0,0,0,0,0,0,0,0,0,0,0,0,0,0,0,0,0,0,0,0,0,0,0,0,0,0,0,0,0,0,0,0,0,0,0",
		"0,0,0,0,0,0,0,0,0,0,0,0,0,0,0,0,0,0,0,0,0,0,0,0,0,0,0,0,0,0,0,0,0,0,0,0,0,0,0,0,0,0,0,0,0,0,0,0,0,0,0,0,0,0,0",
		"0,0,0,0,0,0,0,0,0,0,0,0,0,0,0,0,0,0,0,0,0,0,0,0,0,0,0,0,0,0,0,0,0,0,0,0,0,0,0,0,0,0,0,0,0,0,0,0,0,0,0,0,0,0,0",
		"0,0,0,0,0,0,0,0,0,0,0,0,0,0,0,0,0,0,0,0,0,0,0,0,0,0,0,0,0,0,0,0,0,0,0,0,0,0,0,0,0,0,0,0,0,0,0,0,0,0,0,0,0,0,0",
		"0,0,0,0,0,0,0,0,0,0,0,0,0,0,0,0,0,0,0,0,0,0,0,0,0,0,0,0,0,0,0,0,0,0,0,0,0,0,0,0,0,0,0,0,0,0,0,0,0,0,0,0,0,0,0",
		"0,0,0,0,0,0,0,0,0,0,0,0,0,0,0,0,0,0,0,0,0,0,0,0,0,0,0,0,0,0,0,0,0,0,0,0,0,0,0,0,0,0,0,0,0,0,0,0,0,0,0,0,0,0,0",
		"0,0,0,0,0,0,0,0,0,0,0,0,0,0,0,0,0,0,0,0,0,0,0,0,0,0,0,0,0,0,0,0,0,0,0,0,0,0,0,0,0,0,0,0,0,0,0,0,0,0,0,0,0,0,0",
		"0,0,0,0,0,0,0,0,0,0,0,0,0,0,0,0,0,0,0,0,0,0,0,0,0,0,0,0,0,0,0,0,0,0,0,0,0,0,0,0,0,0,0,0,0,0,0,0,0,0,0,0,0,0,0",
		"0,0,0,0,0,0,0,0,0,0,0,0,0,0,0,0,0,0,0,0,0,0,0,0,0,0,0,0,0,0,0,0,0,0,0,0,0,0,0,0,0,0,0,0,0,0,0,0,0,0,0,0,0,0,0",
		"0,0,0,0,0,0,0,0,0,0,0,0,0,0,0,0,0,0,0,0,0,0,0,0,0,0,0,0,0,0,0,0,0,0,0,0,0,0,0,0,0,0,0,0,0,0,0,0,0,0,0,0,0,0,0",
		"0,0,0,0,0,0,0,0,0,0,0,0,0,0,0,0,0,0,0,0,0,0,0,0,0,0,0,0,0,0,0,0,0,0,0,0,0,0,0,0,0,0,0,0,0,0,0,0,0,0,0,0,0,0,0",
		"0,0,0,0,0,0,0,0,0,0,0,0,0,0,0,0,0,0,0,0,0,0,0,0,0,0,0,0,0,0,0,0,0,0,0,0,0,0,0,0,0,0,0,0,0,0,0,0,0,0,0,0,0,0,0",
		"0,0,0,0,0,0,0,0,0,0,0,0,0,0,0,0,0,0,0,0,0,0,0,0,0,0,0,0,0,0,0,0,0,0,0,0,0,0,0,0,0,0,0,0,0,0,0,0,0,0,0,0,0,0,0",
		"0,0,0,0,0,0,0,0,0,0,0,0,0,0,0,0,0,0,0,0,0,0,0,0,0,0,0,0,0,0,0,0,0,0,0,0,0,0,0,0,0,0,0,0,0,0,0,0,0,0,0,0,0,0,0",
		"0,0,0,0,0,0,0,0,0,0,0,0,0,0,0,0,0,0,0,0,0,0,0,0,0,0,0,0,0,0,0,0,0,0,0,0,0,0,0,0,0,0,0,0,0,0,0,0,0,0,0,0,0,0,0",
		"0,0,0,0,0,0,0,0,0,0,0,0,0,0,0,0,0,0,0,0,0,0,0,0,0,0,0,0,0,0,0,0,0,0,0,0,0,0,0,0,0,0,0,0,0,0,0,0,0,0,0,0,0,0,0",
		"0,0,0,0,0,0,0,0,0,0,0,0,0,0,0,0,0,0,0,0,0,0,0,0,0,0,0,0,0,0,0,0,0,0,0,0,0,0,0,0,0,0,0,0,0,0,0,0,0,0,0,0,0,0,0",
		"0,0,0,0,0,0,0,0,0,0,0,0,0,0,0,0,0,0,0,0,0,0,0,0,0,0,0,0,0,0,0,0,0,0,0,0,0,0,0,0,0,0,0,0,0,0,0,0,0,0,0,0,0,0,0",
		"0,0,0,0,0,0,0,0,0,0,0,0,0,0,0,0,0,0,0,0,0,0,0,0,0,0,0,0,0,0,0,0,0,0,0,0,0,0,0,0,0,0,0,0,0,0,0,0,0,0,0,0,0,0,0",
		"0,0,0,0,0,0,0,0,0,0,0,0,0,0,0,0,0,0,0,0,0,0,0,0,0,0,0,0,0,0,0,0,0,0,0,0,0,0,0,0,0,0,0,0,0,0,0,0,0,0,0,0,0,0,0",
		"0,0,0,0,0,0,0,0,0,0,0,0,0,0,0,0,0,0,0,0,0,0,0,0,0,0,0,0,0,0,0,0,0,0,0,0,0,0,0,0,0,0,0,0,0,0,0,0,0,0,0,0,0,0,0",
		"0,0,0,0,0,0,0,0,0,0,0,0,0,0,0,0,0,0,0,0,0,0,0,0,0,0,0,0,0,0,0,0,0,0,0,0,0,0,0,0,0,0,0,0,0,0,0,0,0,0,0,0,0,0,0",
		"0,0,0,0,0,0,0,0,0,0,0,0,0,0,0,0,0,0,0,0,0,0,0,0,0,0,0,0,0,0,0,0,0,0,0,0,0,0,0,0,0,0,0,0,0,0,0,0,0,0,0,0,0,0,0",
		"0,0,0,0,0,0,0,0,0,0,0,0,0,0,0,0,0,0,0,0,0,0,0,0,0,0,0,0,0,0,0,0,0,0,0,0,0,0,0,0,0,0,0,0,0,0,0,0,0,0,0,0,0,0,0",
		"0,0,0,0,0,0,0,0,0,0,0,0,0,0,0,0,0,0,0,0,0,0,0,0,0,0,0,0,0,0,0,0,0,0,0,0,0,0,0,0,0,0,0,0,0,0,0,0,0,0,0,0,0,0,0",
		"0,0,0,0,0,0,0,0,0,0,0,0,0,0,0,0,0,0,0,0,0,0,0,0,0,0,0,0,0,0,0,0,0,0,0,0,0,0,0,0,0,0,0,0,0,0,0,0,0,0,0,0,0,0,0",
		"0,0,0,0,0,0,0,0,0,0,0,0,0,0,0,0,0,0,0,0,0,0,0,0,0,0,0,0,0,0,0,0,0,0,0,0,0,0,0,0,0,0,0,0,0,0,0,0,0,0,0,0,0,0,0",
		"0,0,0,0,0,0,0,0,0,0,0,0,0,0,0,0,0,0,0,0,0,0,0,0,0,0,0,0,0,0,0,0,0,0,0,0,0,0,0,0,0,0,0,0,0,0,0,0,0,0,0,0,0,0,0",
		"0,0,0,0,0,0,0,0,0,0,0,0,0,0,0,0,0,0,0,0,0,0,0,0,0,0,0,0,0,0,0,0,0,0,0,0,0,0,0,0,0,0,0,0,0,0,0,0,0,0,0,0,0,0,0",
		"0,0,0,0,0,0,0,0,0,0,0,0,0,0,0,0,0,0,0,0,0,0,0,0,0,0,0,0,0,0,0,0,0,0,0,0,0,0,0,0,0,0,0,0,0,0,0,0,0,0,0,0,0,0,0",
		"0,0,0,0,0,0,0,0,0,0,0,0,0,0,0,0,0,0,0,0,0,0,0,0,0,0,0,0,0,0,0,0,0,0,0,0,0,0,0,0,0,0,0,0,0,0,0,0,0,0,0,0,0,0,0",
		"0,0,0,0,0,0,0,0,0,0,0,0,0,0,0,0,0,0,0,0,0,0,0,0,0,0,0,0,0,0,0,0,0,0,0,0,0,0,0,0,0,0,0,0,0,0,0,0,0,0,0,0,0,0,0"],
		"StaticItems": [{
			"MapObject": "tree",
			"Positions": [[43, 33],
			[25, 32],
			[22, 37],
			[23, 32],
			[49, 16],
			[35, 10],
			[13, 5]]
		},
		{
			"MapObject": "wall_goo",
			"Positions": [[19, 6],
			[22, 25],
			[44, 38]]
		},
		{
			"MapObject": "wall_stuff",
			"Positions": [[38, 29],
			[31, 17],
			[30, 17],
			[33, 7],
			[7, 2]]
		},
		{
			"MapObject": "barrel_blue",
			"Positions": [[17, 28],
			[4, 20]]
		},
		{
			"MapObject": "tree_autumn",
			"Positions": [[24, 34]]
		},
		{
			"MapObject": "tree_dead",
			"Positions": [[11, 18],
			[26, 14],
			[40, 10]]
		},
		{
			"MapObject": "crate2",
			"Positions": [[40, 6],
			[41, 6],
			[41, 7],
			[42, 7]]
		},
		{
			"MapObject": "table_wood_wreck",
			"Positions": [[10, 1]]
		},
		{
			"MapObject": "egg_wreck",
			"Positions": [[6, 32],
			[37, 11]]
		},
		{
			"MapObject": "tree_autumn_wreck",
			"Positions": [[41, 35]]
		}],
		"StaticCharacters": [],
		"StaticObjectives": [{
			"Index": 0,
			"Positions": [[47, 32],
			[44, 40],
			[27, 31],
			[26, 18],
			[49, 18],
			[39, 13]],
			"Indices": [0,
			0,
			0,
			0,
			0,
			0]
		}],
		"StaticKeys": [],
		"StaticPickups": [],
		"Start": [3, 6],
		"Exits": [{
			"Rect": [51,
			35,
			3,
			10],
			"Mission": 3,
			"Hidden": false
		}]
	},
	{
		"Title": "Dept. for Information Security",
		"Description": "The files contain information about a weapon trade. A lot of high-tech explosives have been bought for a lot of money. The papers also include security codes for the buyers computer. You know an IT expert that could help, but you better hurry, because the opponent party is after her.",
		"Type": "Classic",
		"Width": 60,
		"Height": 60,
		"ExitStyle": "hazard",
		"KeyStyle": "plain",
		"Objectives": [{
			"Description": "Answer the attack",
			"Type": "Kill",
			"Index": 0,
			"Count": 10,
			"Required": 10,
			"Flags": 0
		},
		{
			"Description": "Find the IT expert before the enemy does",
			"Type": "Rescue",
			"Index": 16,
			"Count": 1,
			"Required": 1,
			"Flags": 4
		},
		{
			"Description": "RTFM for next time",
			"Type": "Collect",
			"Pickup": "paper2",
			"Count": 1,
			"Required": 0,
			"Flags": 0
		},
		{
			"Description": "Find a fiber lamp",
			"Type": "Collect",
			"Pickup": "holo",
			"Count": 1,
			"Required": 0,
			"Flags": 0
		}],
		"Enemies": [14,
		13,
		12,
		11,
		10,
		9],
		"SpecialChars": [15],
		"MapObjectDensities": [{
			"MapObject": "cabinet_server",
			"Density": 5
		},
		{
			"MapObject": "plant",
			"Density": 5
		},
		{
			"MapObject": "chair",
			"Density": 5
		},
		{
			"MapObject": "barrel_blue",
			"Density": 0
		},
		{
			"MapObject": "crate",
			"Density": 15
		},
		{
			"MapObject": "crate2",
			"Density": 5
		},
		{
			"MapObject": "terminal",
			"Density": 15
		},
		{
			"MapObject": "bookshelf",
			"Density": 5
		},
		{
			"MapObject": "safe2",
			"Density": 5
		}],
		"EnemyDensity": 20,
		"Weapons": ["Knife",
		"Pistol",
		"Shotgun"],
		"Song": "",
		"TileClasses": {
			"Wall": {
				"Name": "wall",
				"Type": "Wall",
				"Style": "steel",
				"Mask": "5c5c84ff",
				"MaskAlt": "94802cff",
				"CanWalk": false,
				"IsOpaque": true,
				"Shootable": true,
				"IsRoom": false
			},
			"Floor": {
				"Name": "tile",
				"Type": "Floor",
				"Style": "striped",
				"Mask": "848484ff",
				"MaskAlt": "94802cff",
				"CanWalk": true,
				"IsOpaque": false,
				"Shootable": false,
				"IsRoom": false
			},
			"Room": {
				"Name": "tile",
				"Type": "Floor",
				"Style": "checker",
				"Mask": "844400ff",
				"MaskAlt": "94802cff",
				"CanWalk": true,
				"IsOpaque": false,
				"Shootable": false,
				"IsRoom": true
			},
			"Door": {
				"Name": "door",
				"Type": "Door",
				"Style": "alien",
				"Mask": "ffffffff",
				"MaskAlt": "ffffffff",
				"CanWalk": false,
				"IsOpaque": true,
				"Shootable": true,
				"IsRoom": true
			}
		},
		"Walls": 18,
		"WallLength": 8,
		"CorridorWidth": 1,
		"Rooms": {
			"Count": 14,
			"Min": 6,
			"Max": 10,
			"Edge": false,
			"Overlap": false,
			"Walls": 0,
			"WallLength": 0,
			"WallPad": 0
		},
		"Squares": 0,
		"Doors": {
			"Enabled": true,
			"Min": 1,
			"Max": 1
		},
		"Pillars": {
			"Count": 0,
			"Min": 0,
			"Max": 0
		}
	},
	{
		"Title": "Sergeant Fourquad",
		"Description": "It turns out, a guy Sergeant Fourquad is planning something terrible. He plans to blow up the next Ogre Space Station to start a war and to stay employed. You decide to end this madness and ask the IT expert to switch off the intruder alert.",
		"Type": "Static",
		"Width": 35,
		"Height": 48,
		"ExitStyle": "hazard",
		"KeyStyle": "office",
		"Objectives": [{
			"Description": "Rid some guards to get into the building.",
			"Type": "Kill",
			"Index": 0,
			"Count": 11,
			"Required": 11,
			"Flags": 0
		}],
		"Enemies": [],
		"SpecialChars": [18],
		"MapObjectDensities": [],
		"EnemyDensity": 0,
		"Weapons": ["Knife",
		"Machine gun",
		"Grenades",
		"Shotgun",
		"Powergun",
		"Sniper rifle"],
		"Song": "",
		"TileClasses": {
			"2": {
				"Name": "door",
				"Type": "Door",
				"Style": "office",
				"Mask": "ffffffff",
				"MaskAlt": "ffffffff",
				"CanWalk": false,
				"IsOpaque": true,
				"Shootable": true,
				"IsRoom": true
			},
			"1": {
				"Name": "wall",
				"Type": "Wall",
				"Style": "plasteel",
				"Mask": "dd4444ff",
				"MaskAlt": "ccccccff",
				"CanWalk": false,
				"IsOpaque": true,
				"Shootable": true,
				"IsRoom": false
			},
			"4": {
				"Name": "",
				"Type": "",
				"Style": "",
				"Mask": "ffffffff",
				"MaskAlt": "ffffffff",
				"CanWalk": false,
				"IsOpaque": false,
				"Shootable": false,
				"IsRoom": false
			},
			"3": {
				"Name": "tile",
				"Type": "Floor",
				"Style": "checker",
				"Mask": "bbbbbbff",
				"MaskAlt": "ccccccff",
				"CanWalk": true,
				"IsOpaque": false,
				"Shootable": false,
				"IsRoom": true
			},
			"5": {
				"Name": "tile",
				"Type": "Floor",
				"Style": "dirt",
				"Mask": "22cc22ff",
				"MaskAlt": "ccccccff",
				"CanWalk": true,
				"IsOpaque": false,
				"Shootable": false,
				"IsRoom": false
			},
			"0": {
				"Name": "tile",
				"Type": "Floor",
				"Style": "dirt",
				"Mask": "22cc22ff",
				"MaskAlt": "ccccccff",
				"CanWalk": true,
				"IsOpaque": false,
				"Shootable": false,
				"IsRoom": false
			}
		},
		"Tiles": ["1,1,1,1,1,1,1,1,1,1,1,1,1,1,1,1,1,1,1,1,1,1,1,1,1,1,1,1,1,3,3,3,3,3,1",
		"1,3,3,3,3,3,3,3,3,3,3,3,3,1,0,0,0,0,1,3,3,3,3,3,3,3,3,3,1,1,2,2,2,1,1",
		"1,3,3,3,3,3,3,3,3,3,3,3,3,1,0,0,0,0,1,3,3,3,3,3,3,3,3,3,1,3,3,3,3,3,1",
		"1,3,3,3,3,3,3,3,3,3,3,3,3,1,0,0,0,0,1,3,3,3,3,3,3,3,3,3,1,3,3,3,3,3,1",
		"1,3,3,3,3,3,3,3,3,3,3,3,3,1,0,0,0,0,1,3,3,3,3,3,3,3,3,3,1,3,3,3,3,3,1",
		"1,1,3,3,3,3,3,3,3,3,3,3,3,1,0,0,0,0,1,3,3,3,3,3,3,3,3,3,1,3,3,3,3,3,1",
		"4,3,3,3,3,3,3,3,3,3,3,3,3,2,0,0,0,0,1,3,3,3,3,3,3,3,3,3,1,3,3,3,3,3,1",
		"4,3,3,3,3,3,3,3,3,3,3,3,3,2,0,0,0,0,1,3,3,3,3,3,3,3,3,3,1,3,3,3,3,3,1",
		"4,3,1,3,3,3,3,3,3,3,3,3,3,2,0,0,0,0,1,3,3,3,3,3,3,3,3,3,1,3,3,3,3,3,1",
		"1,3,3,3,3,3,3,3,3,3,3,3,3,2,0,0,0,0,1,3,3,3,3,3,3,3,3,3,1,3,3,3,3,3,1",
		"1,3,3,3,3,3,3,3,3,3,3,3,3,2,0,0,0,0,1,3,3,3,3,3,3,3,3,3,1,3,3,3,3,3,1",
		"1,3,3,3,3,3,3,3,3,3,3,3,3,1,0,0,0,0,1,3,3,3,3,3,3,3,3,3,1,1,2,2,2,1,1",
		"1,3,3,3,3,3,3,3,3,3,3,3,3,1,0,0,0,0,1,3,3,3,3,3,3,3,3,3,1,0,0,0,0,0,1",
		"1,3,3,3,3,3,3,3,3,3,3,3,3,1,0,0,0,0,1,3,3,3,3,3,3,3,3,3,1,0,0,0,0,0,1",
		"1,3,3,3,3,3,3,3,3,3,3,3,3,1,0,0,0,0,1,3,3,3,3,3,3,3,3,3,1,0,0,0,0,0,1",
		"1,3,3,3,3,3,3,3,3,3,3,3,3,1,0,0,0,0,1,3,3,3,3,3,3,3,3,3,1,0,0,0,0,0,1",
		"1,2,2,2,2,1,1,1,1,1,1,1,1,1,0,0,0,0,1,1,1,2,2,2,2,1,1,1,1,0,0,0,0,0,1",
		"1,3,3,3,3,1,0,0,0,0,0,0,0,0,0,0,0,0,0,0,0,0,0,0,0,0,0,0,1,0,0,0,0,0,1",
		"1,3,3,3,3,1,0,0,0,0,0,0,0,0,0,0,0,0,0,0,0,0,0,0,0,0,0,0,1,0,0,0,0,0,1",
		"1,3,3,3,3,1,0,0,0,0,0,0,0,0,0,0,0,0,0,0,0,0,0,0,0,0,0,0,1,0,0,0,0,0,1",
		"1,3,3,3,3,1,0,0,0,0,0,0,0,0,0,0,0,0,0,0,0,0,0,0,0,0,0,0,1,0,0,0,0,0,1",
		"1,3,3,3,3,1,0,0,0,0,0,0,0,0,0,0,0,0,0,0,0,0,0,0,0,0,0,0,1,0,0,0,1,1,1",
		"1,3,3,3,3,1,0,0,0,0,0,0,0,0,0,0,0,0,0,0,0,0,0,0,0,0,0,0,1,0,0,0,0,0,1",
		"1,3,3,3,3,1,0,0,0,0,0,0,0,0,0,0,0,0,0,0,0,0,0,0,0,0,0,0,1,0,0,0,0,0,1",
		"1,3,3,3,3,1,0,0,0,0,0,0,0,0,0,0,0,0,0,0,0,0,0,0,0,0,0,5,1,5,5,5,5,5,1",
		"1,3,3,3,3,1,0,0,0,0,0,0,0,0,0,0,0,0,0,4,4,4,4,0,0,0,0,5,1,5,5,5,5,5,1",
		"1,2,2,2,2,1,1,1,1,1,1,1,1,1,0,0,0,0,0,4,4,4,4,0,0,0,0,5,1,1,1,5,5,5,1",
		"1,3,3,3,3,3,3,3,3,3,3,3,3,1,0,0,0,0,0,4,4,4,4,0,0,0,0,5,1,5,5,5,5,5,1",
		"1,3,3,3,3,3,3,3,3,3,3,3,3,1,0,0,0,0,0,4,4,4,4,0,0,0,0,5,1,5,5,5,5,5,1",
		"1,3,3,3,3,3,3,3,3,3,3,3,3,1,0,0,0,0,0,4,4,4,4,0,0,0,0,5,1,5,5,5,5,5,1",
		"1,3,3,3,3,1,3,3,1,3,3,3,3,1,0,0,0,0,0,4,4,4,4,0,0,0,0,5,1,5,5,5,5,5,1",
		"1,3,3,3,3,1,3,3,1,3,3,3,3,1,0,0,0,0,0,4,4,4,4,0,0,0,0,5,1,5,5,5,5,5,1",
		"1,3,3,3,3,1,3,3,1,3,3,3,3,1,0,0,0,0,0,4,4,4,4,0,0,0,0,5,2,5,5,5,5,5,1",
		"1,3,3,3,3,1,3,3,1,3,3,3,3,1,0,0,0,0,0,4,4,4,4,0,0,0,0,0,2,0,0,0,0,0,1",
		"1,3,3,3,3,1,3,3,1,3,3,3,3,1,0,0,0,0,0,4,4,4,4,0,0,0,0,0,2,0,0,0,0,0,1",
		"1,3,3,3,3,1,3,3,1,3,3,3,3,1,0,0,0,0,0,4,4,4,4,0,0,0,0,0,2,0,0,0,0,0,1",
		"1,3,3,3,3,1,3,3,1,3,3,3,3,1,0,0,0,0,0,4,4,4,4,0,0,0,0,0,2,0,0,0,0,0,1",
		"1,3,3,3,3,1,3,3,1,3,3,3,3,1,0,0,0,0,0,4,4,4,4,0,0,0,0,0,1,0,0,0,0,0,1",
		"1,3,3,3,3,1,3,3,1,3,3,3,3,1,0,0,0,0,0,0,0,0,0,0,0,0,0,0,1,0,0,0,0,0,1",
		"1,3,3,3,3,1,3,3,1,3,3,3,3,1,0,0,0,0,0,0,0,0,0,0,0,0,0,0,1,0,0,0,0,0,1",
		"1,3,3,3,3,1,3,3,1,3,3,3,3,1,0,0,0,0,0,0,0,0,0,0,0,0,0,0,1,0,0,0,0,0,1",
		"1,3,3,3,3,1,3,3,1,3,3,3,3,1,0,0,0,0,0,0,0,0,0,0,0,0,0,0,1,1,1,0,0,0,1",
		"1,3,3,3,3,1,3,3,1,3,3,3,3,1,0,0,0,0,0,0,0,0,0,0,0,0,0,0,1,0,0,0,0,0,1",
		"1,3,3,3,3,1,3,3,1,3,3,3,3,1,0,0,0,0,0,0,0,0,0,0,0,0,0,0,1,0,0,0,0,0,1",
		"1,3,3,3,3,3,3,3,3,3,3,3,3,1,0,0,0,0,0,0,0,0,0,0,0,0,0,0,1,0,0,0,0,0,1",
		"1,3,3,3,3,3,3,3,3,3,3,3,3,1,0,0,0,0,0,0,0,0,0,0,0,0,0,0,1,0,0,0,0,0,1",
		"1,3,3,3,3,3,3,3,3,3,3,3,3,1,0,0,0,0,0,0,0,0,0,0,0,0,0,0,1,0,0,0,0,0,1",
		"1,1,1,1,1,1,1,1,1,1,1,1,1,1,1,1,1,1,1,1,1,1,1,1,1,1,1,1,1,1,1,1,1,1,1"],
		"Access": ["0,0,0,0,0,0,0,0,0,0,0,0,0,0,0,0,0,0,0,0,0,0,0,0,0,0,0,0,0,0,0,0,0,0,0",
		"0,0,0,0,0,0,0,0,0,0,0,0,0,0,0,0,0,0,0,0,0,0,0,0,0,0,0,0,0,0,256,256,256,0,0",
		"0,0,0,0,0,0,0,0,0,0,0,0,0,0,0,0,0,0,0,0,0,0,0,0,0,0,0,0,0,0,0,0,0,0,0",
		"0,0,0,0,0,0,0,0,0,0,0,0,0,0,0,0,0,0,0,0,0,0,0,0,0,0,0,0,0,0,0,0,0,0,0",
		"0,0,0,0,0,0,0,0,0,0,0,0,0,0,0,0,0,0,0,0,0,0,0,0,0,0,0,0,0,0,0,0,0,0,0",
		"0,0,0,0,0,0,0,0,0,0,0,0,0,0,0,0,0,0,0,0,0,0,0,0,0,0,0,0,0,0,0,0,0,0,0",
		"0,0,0,0,0,0,0,0,0,0,0,0,0,0,0,0,0,0,0,0,0,0,0,0,0,0,0,0,0,0,0,0,0,0,0",
		"0,0,0,0,0,0,0,0,0,0,0,0,0,0,0,0,0,0,0,0,0,0,0,0,0,0,0,0,0,0,0,0,0,0,0",
		"0,0,0,0,0,0,0,0,0,0,0,0,0,0,0,0,0,0,0,0,0,0,0,0,0,0,0,0,0,0,0,0,0,0,0",
		"0,0,0,0,0,0,0,0,0,0,0,0,0,0,0,0,0,0,0,0,0,0,0,0,0,0,0,0,0,0,0,0,0,0,0",
		"0,0,0,0,0,0,0,0,0,0,0,0,0,0,0,0,0,0,0,0,0,0,0,0,0,0,0,0,0,0,0,0,0,0,0",
		"0,0,0,0,0,0,0,0,0,0,0,0,0,0,0,0,0,0,0,0,0,0,0,0,0,0,0,0,0,0,256,256,256,0,0",
		"0,0,0,0,0,0,0,0,0,0,0,0,0,0,0,0,0,0,0,0,0,0,0,0,0,0,0,0,0,0,0,0,0,0,0",
		"0,0,0,0,0,0,0,0,0,0,0,0,0,0,0,0,0,0,0,0,0,0,0,0,0,0,0,0,0,0,0,0,0,0,0",
		"0,0,0,0,0,0,0,0,0,0,0,0,0,0,0,0,0,0,0,0,0,0,0,0,0,0,0,0,0,0,0,0,0,0,0",
		"0,0,0,0,0,0,0,0,0,0,0,0,0,0,0,0,0,0,0,0,0,0,0,0,0,0,0,0,0,0,0,0,0,0,0",
		"0,0,0,0,0,0,0,0,0,0,0,0,0,0,0,0,0,0,0,0,0,0,0,0,0,0,0,0,0,0,0,0,0,0,0",
		"0,0,0,0,0,0,0,0,0,0,0,0,0,0,0,0,0,0,0,0,0,0,0,0,0,0,0,0,0,0,0,0,0,0,0",
		"0,0,0,0,0,0,0,0,0,0,0,0,0,0,0,0,0,0,0,0,0,0,0,0,0,0,0,0,0,0,0,0,0,0,0",
		"0,0,0,0,0,0,0,0,0,0,0,0,0,0,0,0,0,0,0,0,0,0,0,0,0,0,0,0,0,0,0,0,0,0,0",
		"0,0,0,0,0,0,0,0,0,0,0,0,0,0,0,0,0,0,0,0,0,0,0,0,0,0,0,0,0,0,0,0,0,0,0",
		"0,0,0,0,0,0,0,0,0,0,0,0,0,0,0,0,0,0,0,0,0,0,0,0,0,0,0,0,0,0,0,0,0,0,0",
		"0,0,0,0,0,0,0,0,0,0,0,0,0,0,0,0,0,0,0,0,0,0,0,0,0,0,0,0,0,0,0,0,0,0,0",
		"0,0,0,0,0,0,0,0,0,0,0,0,0,0,0,0,0,0,0,0,0,0,0,0,0,0,0,0,0,0,0,0,0,0,0",
		"0,0,0,0,0,0,0,0,0,0,0,0,0,0,0,0,0,0,0,0,0,0,0,0,0,0,0,0,0,0,0,0,0,0,0",
		"0,0,0,0,0,0,0,0,0,0,0,0,0,0,0,0,0,0,0,0,0,0,0,0,0,0,0,0,0,0,0,0,0,0,0",
		"0,0,0,0,0,0,0,0,0,0,0,0,0,0,0,0,0,0,0,0,0,0,0,0,0,0,0,0,0,0,0,0,0,0,0",
		"0,0,0,0,0,0,0,0,0,0,0,0,0,0,0,0,0,0,0,0,0,0,0,0,0,0,0,0,0,0,0,0,0,0,0",
		"0,0,0,0,0,0,0,0,0,0,0,0,0,0,0,0,0,0,0,0,0,0,0,0,0,0,0,0,0,0,0,0,0,0,0",
		"0,0,0,0,0,0,0,0,0,0,0,0,0,0,0,0,0,0,0,0,0,0,0,0,0,0,0,0,0,0,0,0,0,0,0",
		"0,0,0,0,0,0,0,0,0,0,0,0,0,0,0,0,0,0,0,0,0,0,0,0,0,0,0,0,0,0,0,0,0,0,0",
		"0,0,0,0,0,0,0,0,0,0,0,0,0,0,0,0,0,0,0,0,0,0,0,0,0,0,0,0,0,0,0,0,0,0,0",
		"0,0,0,0,0,0,0,0,0,0,0,0,0,0,0,0,0,0,0,0,0,0,0,0,0,0,0,0,256,0,0,0,0,0,0",
		"0,0,0,0,0,0,0,0,0,0,0,0,0,0,0,0,0,0,0,0,0,0,0,0,0,0,0,0,256,0,0,0,0,0,0",
		"0,0,0,0,0,0,0,0,0,0,0,0,0,0,0,0,0,0,0,0,0,0,0,0,0,0,0,0,256,0,0,0,0,0,0",
		"0,0,0,0,0,0,0,0,0,0,0,0,0,0,0,0,0,0,0,0,0,0,0,0,0,0,0,0,256,0,0,0,0,0,0",
		"0,0,0,0,0,0,0,0,0,0,0,0,0,0,0,0,0,0,0,0,0,0,0,0,0,0,0,0,256,0,0,0,0,0,0",
		"0,0,0,0,0,0,0,0,0,0,0,0,0,0,0,0,0,0,0,0,0,0,0,0,0,0,0,0,0,0,0,0,0,0,0",
		"0,0,0,0,0,0,0,0,0,0,0,0,0,0,0,0,0,0,0,0,0,0,0,0,0,0,0,0,0,0,0,0,0,0,0",
		"0,0,0,0,0,0,0,0,0,0,0,0,0,0,0,0,0,0,0,0,0,0,0,0,0,0,0,0,0,0,0,0,0,0,0",
		"0,0,0,0,0,0,0,0,0,0,0,0,0,0,0,0,0,0,0,0,0,0,0,0,0,0,0,0,0,0,0,0,0,0,0",
		"0,0,0,0,0,0,0,0,0,0,0,0,0,0,0,0,0,0,0,0,0,0,0,0,0,0,0,0,0,0,0,0,0,0,0",
		"0,0,0,0,0,0,0,0,0,0,0,0,0,0,0,0,0,0,0,0,0,0,0,0,0,0,0,0,0,0,0,0,0,0,0",
		"0,0,0,0,0,0,0,0,0,0,0,0,0,0,0,0,0,0,0,0,0,0,0,0,0,0,0,0,0,0,0,0,0,0,0",
		"0,0,0,0,0,0,0,0,0,0,0,0,0,0,0,0,0,0,0,0,0,0,0,0,0,0,0,0,0,0,0,0,0,0,0",
		"0,0,0,0,0,0,0,0,0,0,0,0,0,0,0,0,0,0,0,0,0,0,0,0,0,0,0,0,0,0,0,0,0,0,0",
		"0,0,0,0,0,0,0,0,0,0,0,0,0,0,0,0,0,0,0,0,0,0,0,0,0,0,0,0,0,0,0,0,0,0,0",
		"0,0,0,0,0,0,0,0,0,0,0,0,0,0,0,0,0,0,0,0,0,0,0,0,0,0,0,0,0,0,0,0,0,0,0"],
		"StaticItems": [{
			"MapObject": "cabinet_server",
			"Positions": [[7, 30],
			[6, 33],
			[7, 36],
			[6, 39],
			[7, 42],
			[4, 30],
			[4, 36],
			[4, 42],
			[9, 33],
			[9, 39]]
		},
		{
			"MapObject": "terminal",
			"Positions": [[11, 27]]
		},
		{
			"MapObject": "table_clothed",
			"Positions": [[12, 27]]
		},
		{
			"MapObject": "rod",
			"Positions": [[16, 2],
			[7, 21],
			[25, 44],
			[16, 44],
			[25, 19]]
		},
		{
			"MapObject": "tree",
			"Positions": [[11, 18],
			[24, 32],
			[24, 21],
			[19, 39],
			[15, 26],
			[25, 41]]
		},
		{
			"MapObject": "barrel_blue",
			"Positions": [[17, 8]]
		},
		{
			"MapObject": "crate2",
			"Positions": [[7, 1],
			[8, 1],
			[9, 1],
			[8, 2]]
		},
		{
			"MapObject": "table_wood",
			"Positions": [[25, 8],
			[21, 11]]
		},
		{
			"MapObject": "chair",
			"Positions": [[26, 8],
			[22, 11],
			[20, 11],
			[21, 10],
			[25, 9]]
		},
		{
			"MapObject": "tree_dead",
			"Positions": [[31, 44]]
		},
		{
			"MapObject": "bookshelf",
			"Positions": [[23, 1]]
		},
		{
			"MapObject": "plant",
			"Positions": [[19, 1],
			[27, 1],
			[4, 21],
			[1, 21]]
		},
		{
			"MapObject": "barrel_skull",
			"Positions": [[27, 28]]
		},
		{
			"MapObject": "crate",
			"Positions": [[33, 22]]
		},
		{
			"MapObject": "box3_gray",
			"Positions": [[5, 44],
			[8, 44],
			[5, 29],
			[8, 29]]
		}],
		"StaticCharacters": [],
		"StaticObjectives": [{
			"Index": 0,
			"Positions": [[2, 21],
			[15, 12],
			[23, 5],
			[20, 3],
			[25, 4],
			[25, 12],
			[31, 33],
			[31, 16],
			[18, 33],
			[25, 24],
			[20, 7]],
			"Indices": [0,
			0,
			0,
			0,
			0,
			0,
			0,
			0,
			0,
			0,
			0]
		}],
		"StaticKeys": [{
			"Index": 0,
			"Positions": [[11, 28]]
		}],
		"StaticPickups": [],
		"Start": [4, 6],
		"Exits": [{
			"Rect": [28,
			1,
			6,
			10],
			"Mission": 5,
			"Hidden": false
		}]
	},
	{
		"Title": "Inside the mansion",
		"Description": "The IT expert manages to switch off the security systems. Now it's your turn to blow up the explosives and take out the sergeant.",
		"Type": "Static",
		"Width": 35,
		"Height": 43,
		"ExitStyle": "hazard",
		"KeyStyle": "office",
		"Objectives": [{
			"Description": "Take him out",
			"Type": "Kill",
			"Index": 0,
			"Count": 1,
			"Required": 1,
			"Flags": 0
		},
		{
			"Description": "Blow up the explosives",
			"Type": "Destroy",
			"MapObject": "rocket",
			"Count": 180,
			"Required": 100,
			"Flags": 0
		}],
		"Enemies": [18],
		"SpecialChars": [19],
		"MapObjectDensities": [],
		"EnemyDensity": 2,
		"Weapons": ["Knife",
		"Shotgun",
		"Pistol"],
		"Song": "",
		"TileClasses": {
			"2": {
				"Name": "door",
				"Type": "Door",
				"Style": "office",
				"Mask": "ffffffff",
				"MaskAlt": "ffffffff",
				"CanWalk": false,
				"IsOpaque": true,
				"Shootable": true,
				"IsRoom": true
			},
			"1": {
				"Name": "wall",
				"Type": "Wall",
				"Style": "plasteel",
				"Mask": "848484ff",
				"MaskAlt": "700000ff",
				"CanWalk": false,
				"IsOpaque": true,
				"Shootable": true,
				"IsRoom": false
			},
			"3": {
				"Name": "tile",
				"Type": "Floor",
				"Style": "recessed",
				"Mask": "aaaaaaff",
				"MaskAlt": "700000ff",
				"CanWalk": true,
				"IsOpaque": false,
				"Shootable": false,
				"IsRoom": true
			},
			"0": {
				"Name": "tile",
				"Type": "Floor",
				"Style": "grid",
				"Mask": "a3cc2bff",
				"MaskAlt": "700000ff",
				"CanWalk": true,
				"IsOpaque": false,
				"Shootable": false,
				"IsRoom": false
			}
		},
		"Tiles": ["1,1,1,1,1,1,1,1,1,1,1,1,1,1,1,1,1,1,1,1,1,1,1,1,1,1,1,1,1,1,1,1,1,1,1",
		"1,1,1,1,1,1,0,0,0,0,0,1,0,0,0,0,0,0,0,0,0,0,0,0,0,0,0,0,0,0,0,0,0,0,1",
		"1,1,1,1,1,1,0,0,0,0,0,1,0,0,0,0,0,0,0,0,0,0,0,0,0,0,0,0,0,0,0,0,0,0,1",
		"1,1,1,1,1,1,0,0,0,0,0,1,0,0,0,0,0,0,0,0,0,0,0,0,0,0,0,0,0,0,0,0,0,0,1",
		"3,3,3,3,3,2,0,0,0,0,0,2,0,0,0,0,0,0,0,0,0,0,0,0,0,0,0,0,0,0,0,0,0,0,1",
		"3,3,3,3,3,2,0,0,0,0,0,2,0,0,0,0,0,1,1,1,1,0,0,0,0,0,0,0,0,1,1,1,1,0,1",
		"3,3,3,3,3,2,0,0,0,0,0,2,0,0,0,0,0,0,0,0,0,0,0,0,0,0,0,0,0,0,0,0,0,0,1",
		"3,3,3,3,3,2,0,0,0,0,0,2,0,0,0,0,0,0,0,0,0,0,0,0,0,0,0,0,0,0,0,0,0,0,1",
		"3,3,3,3,3,2,0,0,0,0,0,2,0,0,0,0,0,0,0,0,0,0,0,0,0,0,0,0,0,0,0,0,0,0,1",
		"1,1,1,1,1,1,0,0,0,0,0,1,0,0,0,0,0,0,0,0,0,0,0,1,1,1,1,0,0,0,0,0,0,0,1",
		"1,1,1,1,1,1,0,0,0,0,0,1,1,1,1,0,0,0,0,0,0,0,0,0,0,0,0,0,0,0,0,0,0,0,1",
		"1,1,1,1,1,1,0,0,0,0,0,1,0,0,0,0,0,0,0,0,0,0,0,0,0,0,0,0,0,0,0,0,0,0,1",
		"1,1,1,1,1,1,0,0,0,0,0,1,0,0,0,0,0,0,0,0,0,0,0,0,0,0,0,0,0,0,0,0,0,0,1",
		"1,1,1,1,1,1,2,2,2,2,2,1,1,1,1,1,1,1,1,1,1,1,1,1,1,1,1,1,1,1,1,1,1,1,1",
		"1,0,0,0,0,0,0,0,0,0,0,0,0,0,0,0,0,0,0,0,0,0,0,0,0,0,0,0,0,0,0,0,0,0,1",
		"1,0,0,0,0,0,0,0,0,0,0,0,0,0,0,0,0,0,0,0,0,0,0,0,0,0,0,0,0,0,0,0,0,0,1",
		"1,2,2,1,1,1,2,2,2,2,2,1,1,1,2,2,1,1,1,2,2,1,1,1,2,2,1,1,1,2,2,1,1,1,1",
		"1,3,0,0,1,1,3,0,0,0,3,1,1,0,0,0,3,1,3,0,0,3,1,3,0,0,3,1,3,0,0,3,1,3,1",
		"1,3,0,0,3,1,3,0,0,0,3,1,3,0,0,0,3,3,3,0,0,3,3,3,0,0,3,3,3,0,0,3,3,3,1",
		"1,3,0,0,3,1,3,0,0,0,3,1,3,0,0,0,0,0,0,0,0,0,0,0,0,0,0,0,0,0,0,0,0,0,1",
		"1,3,0,0,3,1,3,0,0,0,3,1,3,0,0,0,0,0,0,0,0,0,0,0,0,0,0,0,0,0,0,0,0,0,1",
		"1,3,0,0,3,1,3,0,0,0,3,1,3,0,0,0,3,3,3,0,0,3,3,3,0,0,3,3,3,0,0,0,3,0,1",
		"1,3,0,0,3,1,3,0,0,0,3,1,3,0,0,0,1,3,1,0,0,1,3,1,0,0,1,3,1,0,0,1,3,1,1",
		"1,3,0,0,3,1,3,0,0,0,3,1,3,0,0,0,3,3,3,0,0,3,3,3,0,0,3,3,3,0,0,3,3,3,1",
		"1,3,0,0,3,1,3,0,0,0,3,1,3,0,0,0,0,0,0,0,0,0,0,0,0,0,0,0,0,0,0,0,0,0,1",
		"1,3,0,0,3,1,3,0,0,0,3,1,3,0,0,0,0,0,0,0,0,0,0,0,0,0,0,0,0,0,0,0,0,0,1",
		"1,3,0,0,3,1,3,0,0,0,3,1,3,0,0,0,0,0,0,0,0,0,0,0,0,0,0,0,0,0,0,0,0,0,1",
		"1,3,0,0,3,1,3,0,0,0,3,1,3,3,3,3,3,3,3,3,3,3,3,3,3,3,3,3,3,3,0,0,3,3,1",
		"1,3,0,0,3,1,3,0,0,0,3,1,1,1,1,1,1,1,1,1,1,1,1,1,1,1,1,1,1,3,0,0,3,1,1",
		"1,3,0,0,3,1,3,0,0,0,3,3,3,3,3,3,3,3,3,3,3,3,3,3,3,3,3,3,3,3,0,0,3,3,1",
		"1,3,0,0,3,1,3,0,0,0,0,0,0,0,0,0,0,0,0,0,0,0,0,0,0,0,0,0,0,0,0,0,0,0,1",
		"1,3,0,0,3,1,3,0,0,0,0,0,0,0,0,0,0,0,0,0,0,0,0,0,0,0,0,0,0,0,0,0,0,0,1",
		"1,3,0,0,3,1,3,0,0,0,0,0,0,0,0,0,0,0,0,0,0,0,0,0,0,0,0,0,0,0,0,0,0,0,1",
		"1,3,0,0,3,1,3,0,0,0,0,0,0,0,0,0,0,0,0,0,0,0,0,0,0,0,0,0,0,0,0,0,0,0,1",
		"1,3,0,0,3,1,3,0,0,0,0,0,0,0,0,0,0,0,0,0,0,0,0,0,0,0,0,0,0,3,0,0,3,0,1",
		"1,3,0,0,3,1,1,1,1,1,1,1,1,1,1,1,1,1,1,1,1,1,1,1,1,1,1,1,1,3,0,0,3,1,1",
		"1,3,0,0,3,3,3,3,3,3,3,3,3,3,3,3,3,3,3,3,3,3,3,3,3,3,3,3,3,3,0,0,3,3,1",
		"1,3,0,0,0,0,0,0,0,0,0,0,0,0,0,0,0,0,0,0,0,0,0,0,0,0,0,0,0,0,0,0,0,0,1",
		"1,3,0,0,0,0,0,0,0,0,0,0,0,0,0,0,0,0,0,0,0,0,0,0,0,0,0,0,0,0,0,0,0,0,1",
		"1,3,0,0,0,0,0,0,0,0,0,0,0,0,0,0,0,0,0,0,0,0,0,0,0,0,0,0,0,0,0,0,0,0,1",
		"1,3,0,0,0,0,0,0,0,0,0,0,0,0,0,0,0,0,0,0,0,0,0,0,0,0,0,0,0,0,0,0,0,0,1",
		"1,3,0,0,0,0,0,0,0,0,0,0,0,0,0,0,0,0,0,0,0,0,0,0,0,0,0,0,0,0,0,0,0,0,1",
		"1,1,1,1,1,1,1,1,1,1,1,1,1,1,1,1,1,1,1,1,1,1,1,1,1,1,1,1,1,1,1,1,1,1,1"],
		"Access": ["0,0,0,0,0,0,0,0,0,0,0,0,0,0,0,0,0,0,0,0,0,0,0,0,0,0,0,0,0,0,0,0,0,0,0",
		"0,0,0,0,0,0,0,0,0,0,0,0,0,0,0,0,0,0,0,0,0,0,0,0,0,0,0,0,0,0,0,0,0,0,0",
		"0,0,0,0,0,0,0,0,0,0,0,0,0,0,0,0,0,0,0,0,0,0,0,0,0,0,0,0,0,0,0,0,0,0,0",
		"0,0,0,0,0,0,0,0,0,0,0,0,0,0,0,0,0,0,0,0,0,0,0,0,0,0,0,0,0,0,0,0,0,0,0",
		"0,0,0,0,0,0,0,0,0,0,0,0,0,0,0,0,0,0,0,0,0,0,0,0,0,0,0,0,0,0,0,0,0,0,0",
		"0,0,0,0,0,0,0,0,0,0,0,0,0,0,0,0,0,0,0,0,0,0,0,0,0,0,0,0,0,0,0,0,0,0,0",
		"0,0,0,0,0,0,0,0,0,0,0,0,0,0,0,0,0,0,0,0,0,0,0,0,0,0,0,0,0,0,0,0,0,0,0",
		"0,0,0,0,0,0,0,0,0,0,0,0,0,0,0,0,0,0,0,0,0,0,0,0,0,0,0,0,0,0,0,0,0,0,0",
		"0,0,0,0,0,0,0,0,0,0,0,0,0,0,0,0,0,0,0,0,0,0,0,0,0,0,0,0,0,0,0,0,0,0,0",
		"0,0,0,0,0,0,0,0,0,0,0,0,0,0,0,0,0,0,0,0,0,0,0,0,0,0,0,0,0,0,0,0,0,0,0",
		"0,0,0,0,0,0,0,0,0,0,0,0,0,0,0,0,0,0,0,0,0,0,0,0,0,0,0,0,0,0,0,0,0,0,0",
		"0,0,0,0,0,0,0,0,0,0,0,0,0,0,0,0,0,0,0,0,0,0,0,0,0,0,0,0,0,0,0,0,0,0,0",
		"0,0,0,0,0,0,0,0,0,0,0,0,0,0,0,0,0,0,0,0,0,0,0,0,0,0,0,0,0,0,0,0,0,0,0",
		"0,0,0,0,0,0,0,0,0,0,0,0,0,0,0,0,0,0,0,0,0,0,0,0,0,0,0,0,0,0,0,0,0,0,0",
		"0,0,0,0,0,0,0,0,0,0,0,0,0,0,0,0,0,0,0,0,0,0,0,0,0,0,0,0,0,0,0,0,0,0,0",
		"0,0,0,0,0,0,0,0,0,0,0,0,0,0,0,0,0,0,0,0,0,0,0,0,0,0,0,0,0,0,0,0,0,0,0",
		"0,0,0,0,0,0,0,0,0,0,0,0,0,0,0,0,0,0,0,0,0,0,0,0,0,0,0,0,0,0,0,0,0,0,0",
		"0,0,0,0,0,0,0,0,0,0,0,0,0,0,0,0,0,0,0,0,0,0,0,0,0,0,0,0,0,0,0,0,0,0,0",
		"0,0,0,0,0,0,0,0,0,0,0,0,0,0,0,0,0,0,0,0,0,0,0,0,0,0,0,0,0,0,0,0,0,0,0",
		"0,0,0,0,0,0,0,0,0,0,0,0,0,0,0,0,0,0,0,0,0,0,0,0,0,0,0,0,0,0,0,0,0,0,0",
		"0,0,0,0,0,0,0,0,0,0,0,0,0,0,0,0,0,0,0,0,0,0,0,0,0,0,0,0,0,0,0,0,0,0,0",
		"0,0,0,0,0,0,0,0,0,0,0,0,0,0,0,0,0,0,0,0,0,0,0,0,0,0,0,0,0,0,0,0,0,0,0",
		"0,0,0,0,0,0,0,0,0,0,0,0,0,0,0,0,0,0,0,0,0,0,0,0,0,0,0,0,0,0,0,0,0,0,0",
		"0,0,0,0,0,0,0,0,0,0,0,0,0,0,0,0,0,0,0,0,0,0,0,0,0,0,0,0,0,0,0,0,0,0,0",
		"0,0,0,0,0,0,0,0,0,0,0,0,0,0,0,0,0,0,0,0,0,0,0,0,0,0,0,0,0,0,0,0,0,0,0",
		"0,0,0,0,0,0,0,0,0,0,0,0,0,0,0,0,0,0,0,0,0,0,0,0,0,0,0,0,0,0,0,0,0,0,0",
		"0,0,0,0,0,0,0,0,0,0,0,0,0,0,0,0,0,0,0,0,0,0,0,0,0,0,0,0,0,0,0,0,0,0,0",
		"0,0,0,0,0,0,0,0,0,0,0,0,0,0,0,0,0,0,0,0,0,0,0,0,0,0,0,0,0,0,0,0,0,0,0",
		"0,0,0,0,0,0,0,0,0,0,0,0,0,0,0,0,0,0,0,0,0,0,0,0,0,0,0,0,0,0,0,0,0,0,0",
		"0,0,0,0,0,0,0,0,0,0,0,0,0,0,0,0,0,0,0,0,0,0,0,0,0,0,0,0,0,0,0,0,0,0,0",
		"0,0,0,0,0,0,0,0,0,0,0,0,0,0,0,0,0,0,0,0,0,0,0,0,0,0,0,0,0,0,0,0,0,0,0",
		"0,0,0,0,0,0,0,0,0,0,0,0,0,0,0,0,0,0,0,0,0,0,0,0,0,0,0,0,0,0,0,0,0,0,0",
		"0,0,0,0,0,0,0,0,0,0,0,0,0,0,0,0,0,0,0,0,0,0,0,0,0,0,0,0,0,0,0,0,0,0,0",
		"0,0,0,0,0,0,0,0,0,0,0,0,0,0,0,0,0,0,0,0,0,0,0,0,0,0,0,0,0,0,0,0,0,0,0",
		"0,0,0,0,0,0,0,0,0,0,0,0,0,0,0,0,0,0,0,0,0,0,0,0,0,0,0,0,0,0,0,0,0,0,0",
		"0,0,0,0,0,0,0,0,0,0,0,0,0,0,0,0,0,0,0,0,0,0,0,0,0,0,0,0,0,0,0,0,0,0,0",
		"0,0,0,0,0,0,0,0,0,0,0,0,0,0,0,0,0,0,0,0,0,0,0,0,0,0,0,0,0,0,0,0,0,0,0",
		"0,0,0,0,0,0,0,0,0,0,0,0,0,0,0,0,0,0,0,0,0,0,0,0,0,0,0,0,0,0,0,0,0,0,0",
		"0,0,0,0,0,0,0,0,0,0,0,0,0,0,0,0,0,0,0,0,0,0,0,0,0,0,0,0,0,0,0,0,0,0,0",
		"0,0,0,0,0,0,0,0,0,0,0,0,0,0,0,0,0,0,0,0,0,0,0,0,0,0,0,0,0,0,0,0,0,0,0",
		"0,0,0,0,0,0,0,0,0,0,0,0,0,0,0,0,0,0,0,0,0,0,0,0,0,0,0,0,0,0,0,0,0,0,0",
		"0,0,0,0,0,0,0,0,0,0,0,0,0,0,0,0,0,0,0,0,0,0,0,0,0,0,0,0,0,0,0,0,0,0,0",
		"0,0,0,0,0,0,0,0,0,0,0,0,0,0,0,0,0,0,0,0,0,0,0,0,0,0,0,0,0,0,0,0,0,0,0"],
		"StaticItems": [{
			"MapObject": "terminal",
			"Positions": [[18, 6],
			[31, 6]]
		},
		{
			"MapObject": "table_steel",
			"Positions": [[30, 6],
			[24, 1],
			[25, 1]]
		},
		{
			"MapObject": "chair",
			"Positions": [[31, 7],
			[19, 6]]
		},
		{
			"MapObject": "bookshelf",
			"Positions": [[29, 1],
			[30, 1],
			[31, 1]]
		},
		{
			"MapObject": "box3_gray",
			"Positions": [[12, 1],
			[13, 1],
			[14, 1]]
		}],
		"StaticCharacters": [],
		"StaticObjectives": [{
			"Index": 0,
			"Positions": [[30, 9]],
			"Indices": [0]
		},
		{
			"Index": 1,
			"Positions": [[17, 22],
			[16, 17],
			[18, 17],
			[22, 22],
			[23, 17],
			[21, 17],
			[26, 17],
			[28, 17],
			[27, 22],
			[32, 22],
			[31, 17],
			[33, 17],
			[17, 18],
			[22, 18],
			[27, 18],
			[32, 18],
			[16, 21],
			[18, 21],
			[21, 21],
			[23, 21],
			[26, 21],
			[28, 21],
			[31, 21],
			[33, 21],
			[26, 23],
			[28, 23],
			[31, 23],
			[33, 23],
			[16, 23],
			[18, 23],
			[21, 23],
			[23, 23],
			[16, 27],
			[18, 27],
			[21, 27],
			[23, 27],
			[26, 27],
			[28, 27],
			[13, 27],
			[12, 22],
			[12, 19],
			[12, 20],
			[12, 21],
			[12, 18],
			[12, 23],
			[12, 24],
			[12, 25],
			[12, 26],
			[12, 27],
			[29, 28],
			[32, 28],
			[33, 27],
			[33, 29],
			[33, 34],
			[33, 36],
			[32, 35],
			[29, 35],
			[28, 29],
			[26, 29],
			[24, 29],
			[22, 29],
			[20, 29],
			[18, 29],
			[16, 29],
			[14, 29],
			[12, 29],
			[10, 29],
			[10, 27],
			[10, 25],
			[10, 23],
			[10, 21],
			[10, 19],
			[6, 19],
			[6, 21],
			[6, 23],
			[6, 25],
			[6, 27],
			[6, 29],
			[6, 31],
			[6, 33],
			[7, 34],
			[9, 34],
			[11, 34],
			[13, 34],
			[15, 34],
			[17, 34],
			[19, 34],
			[21, 34],
			[23, 34],
			[25, 34],
			[27, 34],
			[28, 34],
			[28, 36],
			[27, 36],
			[25, 36],
			[23, 36],
			[21, 36],
			[19, 36],
			[17, 36],
			[15, 36],
			[13, 36],
			[11, 36],
			[9, 36],
			[7, 36],
			[5, 36],
			[4, 35],
			[4, 33],
			[4, 31],
			[4, 29],
			[4, 27],
			[4, 25],
			[4, 23],
			[4, 21],
			[4, 19],
			[33, 37],
			[33, 38],
			[33, 39],
			[33, 40],
			[33, 41],
			[32, 41],
			[31, 41],
			[30, 41],
			[29, 41],
			[28, 41],
			[27, 41],
			[26, 41],
			[25, 41],
			[24, 41],
			[23, 41],
			[22, 41],
			[21, 41],
			[20, 41],
			[19, 41],
			[18, 41],
			[17, 41],
			[16, 41],
			[15, 41],
			[14, 41],
			[13, 41],
			[12, 41],
			[11, 41],
			[10, 41],
			[9, 41],
			[8, 41],
			[7, 41],
			[6, 41],
			[5, 41],
			[4, 41],
			[3, 41],
			[2, 41],
			[1, 41],
			[1, 40],
			[1, 39],
			[1, 38],
			[1, 37],
			[1, 36],
			[1, 35],
			[1, 34],
			[1, 33],
			[1, 32],
			[1, 31],
			[1, 30],
			[1, 29],
			[1, 28],
			[1, 27],
			[1, 26],
			[1, 25],
			[1, 24],
			[1, 23],
			[1, 20],
			[1, 22],
			[1, 21],
			[1, 19],
			[1, 18],
			[14, 19],
			[14, 20],
			[14, 21],
			[14, 22],
			[14, 23],
			[14, 24]],
			"Indices": [0,
			0,
			0,
			0,
			0,
			0,
			0,
			0,
			0,
			0,
			0,
			0,
			0,
			0,
			0,
			0,
			0,
			0,
			0,
			0,
			0,
			0,
			0,
			0,
			0,
			0,
			0,
			0,
			0,
			0,
			0,
			0,
			0,
			0,
			0,
			0,
			0,
			0,
			0,
			0,
			0,
			0,
			0,
			0,
			0,
			0,
			0,
			0,
			0,
			0,
			0,
			0,
			0,
			0,
			0,
			0,
			0,
			0,
			0,
			0,
			0,
			0,
			0,
			0,
			0,
			0,
			0,
			0,
			0,
			0,
			0,
			0,
			0,
			0,
			0,
			0,
			0,
			0,
			0,
			0,
			0,
			0,
			0,
			0,
			0,
			0,
			0,
			0,
			0,
			0,
			0,
			0,
			0,
			0,
			0,
			0,
			0,
			0,
			0,
			0,
			0,
			0,
			0,
			0,
			0,
			0,
			0,
			0,
			0,
			0,
			0,
			0,
			0,
			0,
			0,
			0,
			0,
			0,
			0,
			0,
			0,
			0,
			0,
			0,
			0,
			0,
			0,
			0,
			0,
			0,
			0,
			0,
			0,
			0,
			0,
			0,
			0,
			0,
			0,
			0,
			0,
			0,
			0,
			0,
			0,
			0,
			0,
			0,
			0,
			0,
			0,
			0,
			0,
			0,
			0,
			0,
			0,
			0,
			0,
			0,
			0,
			0,
			0,
			0,
			0,
			0,
			0,
			0,
			0,
			0,
			0,
			0,
			0,
			0,
			0,
			0,
			0,
			0,
			0,
			0]
		}],
		"StaticKeys": [],
		"StaticPickups": [],
		"Start": [2, 6],
		"Exits": []
	}]
}