<theme>
<formatVersion>7</formatVersion>
<include>./../theme.xml</include>

<view name="basic, detailed, video, grid">
    <text name="nameLabel" extra="true">
    <text>Amiga</text>
  </text>
</view>    

<view name="system">
  <text name="sys_line2" extra="true">
    <text>Amiga</text>
  </text>    
  <text name="shortdescription" extra="true">
   <text>1985  ·  16-bit Computer</text>
  </text>
  <text name="longdescription" extra="true">
   <text>The original model was part of a wave of 16 and 32 bit computers that featured 256KB or more of RAM, mouse-based GUIs, and improved graphics & audio</text>
  </text>
 </view>
</theme>
