<theme>
<formatVersion>7</formatVersion>
<include>./../theme.xml</include>

<view name="basic, detailed, video, grid">
    <text name="nameLabel" extra="true">
    <text>Nintendo DS</text>
  </text>
</view>    

<view name="system">
  <text name="sys_line2" extra="true">
    <text>Nintendo DS</text>

  </text> 
  <text name="shortdescription" extra="true">
   <text>2004  ·  32-bit Handheld Console</text>
  </text>
  <text name="longdescription" extra="true">
   <text>The Nintendo DS is a dual-screen handheld game console developed and released by Nintendo that featured two LCD screens working in tandem</text>
  </text>
 </view>
</theme>
