{
	"Characters": [{
		"face": 0,
		"skin": 11,
		"arm": 11,
		"body": 11,
		"leg": 11,
		"hair": 0,
		"speed": 320,
		"Gun": "Piecemarker",
		"maxHealth": 40,
		"flags": 0,
		"probabilityToMove": 50,
		"probabilityToTrack": 55,
		"probabilityToShoot": 80,
		"actionDelay": 15
	},
	{
		"face": 1,
		"skin": 10,
		"arm": 11,
		"body": 11,
		"leg": 11,
		"hair": 0,
		"speed": 320,
		"Gun": "PWN3r",
		"maxHealth": 40,
		"flags": 0,
		"probabilityToMove": 50,
		"probabilityToTrack": 55,
		"probabilityToShoot": 80,
		"actionDelay": 15
	},
	{
		"face": 3,
		"skin": 11,
		"arm": 11,
		"body": 10,
		"leg": 2,
		"hair": 0,
		"speed": 320,
		"Gun": "Pn-21",
		"maxHealth": 40,
		"flags": 0,
		"probabilityToMove": 50,
		"probabilityToTrack": 55,
		"probabilityToShoot": 80,
		"actionDelay": 15
	},
	{
		"face": 16,
		"skin": 11,
		"arm": 11,
		"body": 11,
		"leg": 11,
		"hair": 12,
		"speed": 320,
		"Gun": "Seven-Seven",
		"maxHealth": 40,
		"flags": 0,
		"probabilityToMove": 50,
		"probabilityToTrack": 55,
		"probabilityToShoot": 80,
		"actionDelay": 15
	},
	{
		"face": 10,
		"skin": 11,
		"arm": 1,
		"body": 1,
		"leg": 11,
		"hair": 1,
		"speed": 320,
		"Gun": "JB007",
		"maxHealth": 40,
		"flags": 0,
		"probabilityToMove": 50,
		"probabilityToTrack": 55,
		"probabilityToShoot": 80,
		"actionDelay": 15
	},
	{
		"face": 12,
		"skin": 10,
		"arm": 11,
		"body": 11,
		"leg": 11,
		"hair": 8,
		"speed": 320,
		"Gun": "Desert Hawk",
		"maxHealth": 40,
		"flags": 0,
		"probabilityToMove": 50,
		"probabilityToTrack": 55,
		"probabilityToShoot": 80,
		"actionDelay": 15
	},
	{
		"face": 1,
		"skin": 10,
		"arm": 4,
		"body": 4,
		"leg": 4,
		"hair": 2,
		"speed": 320,
		"Gun": "Mag",
		"maxHealth": 40,
		"flags": 0,
		"probabilityToMove": 50,
		"probabilityToTrack": 55,
		"probabilityToShoot": 80,
		"actionDelay": 15
	},
	{
		"face": 4,
		"skin": 10,
		"arm": 4,
		"body": 4,
		"leg": 4,
		"hair": 4,
		"speed": 320,
		"Gun": "MD5",
		"maxHealth": 40,
		"flags": 0,
		"probabilityToMove": 50,
		"probabilityToTrack": 55,
		"probabilityToShoot": 80,
		"actionDelay": 15
	},
	{
		"face": 10,
		"skin": 10,
		"arm": 4,
		"body": 4,
		"leg": 4,
		"hair": 2,
		"speed": 320,
		"Gun": "Milit",
		"maxHealth": 40,
		"flags": 0,
		"probabilityToMove": 50,
		"probabilityToTrack": 55,
		"probabilityToShoot": 80,
		"actionDelay": 15
	},
	{
		"face": 6,
		"skin": 10,
		"arm": 4,
		"body": 4,
		"leg": 4,
		"hair": 3,
		"speed": 320,
		"Gun": "M500",
		"maxHealth": 40,
		"flags": 0,
		"probabilityToMove": 50,
		"probabilityToTrack": 55,
		"probabilityToShoot": 80,
		"actionDelay": 15
	},
	{
		"face": 8,
		"skin": 10,
		"arm": 4,
		"body": 4,
		"leg": 4,
		"hair": 4,
		"speed": 320,
		"Gun": "X90",
		"maxHealth": 40,
		"flags": 0,
		"probabilityToMove": 50,
		"probabilityToTrack": 55,
		"probabilityToShoot": 80,
		"actionDelay": 15
	},
	{
		"face": 8,
		"skin": 11,
		"arm": 4,
		"body": 4,
		"leg": 4,
		"hair": 2,
		"speed": 320,
		"Gun": "Angry Rabbit",
		"maxHealth": 40,
		"flags": 0,
		"probabilityToMove": 50,
		"probabilityToTrack": 90,
		"probabilityToShoot": 60,
		"actionDelay": 10
	},
	{
		"face": 3,
		"skin": 1,
		"arm": 8,
		"body": 8,
		"leg": 10,
		"hair": 7,
		"speed": 320,
		"Gun": "SG1",
		"maxHealth": 40,
		"flags": 0,
		"probabilityToMove": 50,
		"probabilityToTrack": 90,
		"probabilityToShoot": 60,
		"actionDelay": 10
	},
	{
		"face": 6,
		"skin": 10,
		"arm": 9,
		"body": 9,
		"leg": 12,
		"hair": 12,
		"speed": 320,
		"Gun": "SG2",
		"maxHealth": 40,
		"flags": 0,
		"probabilityToMove": 50,
		"probabilityToTrack": 100,
		"probabilityToShoot": 75,
		"actionDelay": 5
	},
	{
		"face": 0,
		"skin": 11,
		"arm": 0,
		"body": 0,
		"leg": 0,
		"hair": 4,
		"speed": 320,
		"Gun": "Poshlinov",
		"maxHealth": 40,
		"flags": 0,
		"probabilityToMove": 75,
		"probabilityToTrack": 85,
		"probabilityToShoot": 75,
		"actionDelay": 5
	},
	{
		"face": 6,
		"skin": 1,
		"arm": 0,
		"body": 0,
		"leg": 0,
		"hair": 6,
		"speed": 320,
		"Gun": "GS-49",
		"maxHealth": 40,
		"flags": 0,
		"probabilityToMove": 75,
		"probabilityToTrack": 85,
		"probabilityToShoot": 75,
		"actionDelay": 5
	},
	{
		"face": 11,
		"skin": 1,
		"arm": 0,
		"body": 0,
		"leg": 0,
		"hair": 6,
		"speed": 320,
		"Gun": "STORM",
		"maxHealth": 40,
		"flags": 0,
		"probabilityToMove": 50,
		"probabilityToTrack": 85,
		"probabilityToShoot": 75,
		"actionDelay": 5
	},
	{
		"face": 3,
		"skin": 11,
		"arm": 0,
		"body": 0,
		"leg": 0,
		"hair": 6,
		"speed": 320,
		"Gun": "GH55b",
		"maxHealth": 40,
		"flags": 0,
		"probabilityToMove": 50,
		"probabilityToTrack": 85,
		"probabilityToShoot": 75,
		"actionDelay": 5
	},
	{
		"face": 11,
		"skin": 1,
		"arm": 0,
		"body": 0,
		"leg": 0,
		"hair": 7,
		"speed": 320,
		"Gun": "POW9",
		"maxHealth": 40,
		"flags": 0,
		"probabilityToMove": 50,
		"probabilityToTrack": 90,
		"probabilityToShoot": 90,
		"actionDelay": 5
	},
	{
		"face": 12,
		"skin": 11,
		"arm": 0,
		"body": 0,
		"leg": 0,
		"hair": 1,
		"speed": 320,
		"Gun": "Raging Pitbull",
		"maxHealth": 40,
		"flags": 0,
		"probabilityToMove": 50,
		"probabilityToTrack": 80,
		"probabilityToShoot": 75,
		"actionDelay": 5
	},
	{
		"face": 1,
		"skin": 1,
		"arm": 8,
		"body": 9,
		"leg": 8,
		"hair": 6,
		"speed": 256,
		"Gun": "HITPRO",
		"maxHealth": 50,
		"flags": 0,
		"probabilityToMove": 50,
		"probabilityToTrack": 100,
		"probabilityToShoot": 75,
		"actionDelay": 5
	},
	{
		"face": 1,
		"skin": 1,
		"arm": 9,
		"body": 10,
		"leg": 9,
		"hair": 6,
		"speed": 256,
		"Gun": "SNP6+",
		"maxHealth": 50,
		"flags": 0,
		"probabilityToMove": 50,
		"probabilityToTrack": 100,
		"probabilityToShoot": 75,
		"actionDelay": 5
	},
	{
		"face": 1,
		"skin": 1,
		"arm": 9,
		"body": 12,
		"leg": 12,
		"hair": 6,
		"speed": 256,
		"Gun": "1S1K",
		"maxHealth": 50,
		"flags": 0,
		"probabilityToMove": 30,
		"probabilityToTrack": 100,
		"probabilityToShoot": 50,
		"actionDelay": 5
	},
	{
		"face": 4,
		"skin": 1,
		"arm": 3,
		"body": 3,
		"leg": 6,
		"hair": 6,
		"speed": 320,
		"Gun": "MG5000",
		"maxHealth": 60,
		"flags": 0,
		"probabilityToMove": 75,
		"probabilityToTrack": 90,
		"probabilityToShoot": 100,
		"actionDelay": 10
	},
	{
		"face": 16,
		"skin": 1,
		"arm": 3,
		"body": 3,
		"leg": 6,
		"hair": 9,
		"speed": 320,
		"Gun": "MG6000",
		"maxHealth": 60,
		"flags": 0,
		"probabilityToMove": 90,
		"probabilityToTrack": 80,
		"probabilityToShoot": 100,
		"actionDelay": 5
	}]
}