<theme>
<formatVersion>7</formatVersion>
<include>./../theme.xml</include>

<view name="basic, detailed, video, grid">
    <text name="nameLabel" extra="true">
    <text>Ports</text>
  </text>
</view>    

<view name="system">
  <text name="sys_line2" extra="true">
    <text>Ports</text>

  </text>    
  <text name="shortdescription" extra="true">
   <text>Software</text>
  </text>
  <text name="longdescription" extra="true">
   <text>Multi-platform ports of software and game engines from PC to DOS </text>
  </text>
 </view>
</theme>
