{
	"Version": 13,
	"Characters": [{
		"Class": "Jones",
		"HairType": "flattop",
		"Skin": "ff8136ff",
		"Arms": "ffffffff",
		"Body": "ffffffff",
		"Legs": "363636ff",
		"Hair": "ff6c00ff",
		"Feet": "363636ff",
		"speed": 256,
		"Gun": "Chemo bombs",
		"maxHealth": 40,
		"flags": 39977984,
		"probabilityToMove": 100,
		"probabilityToTrack": 0,
		"probabilityToShoot": 0,
		"actionDelay": 5
	},
	{
		"Class": "Jones",
		"HairType": "beard",
		"Skin": "d25106ff",
		"Arms": "004870ff",
		"Body": "004464ff",
		"Legs": "00282cff",
		"Hair": "c00000ff",
		"Feet": "00282cff",
		"speed": 256,
		"Gun": "Chemo bombs",
		"maxHealth": 40,
		"flags": 39977984,
		"probabilityToMove": 100,
		"probabilityToTrack": 0,
		"probabilityToShoot": 0,
		"actionDelay": 23
	},
	{
		"Class": "Jones",
		"HairType": "beard",
		"Skin": "d25106ff",
		"Arms": "ffffffff",
		"Body": "ffffffff",
		"Legs": "363636ff",
		"Hair": "363636ff",
		"Feet": "363636ff",
		"speed": 256,
		"Gun": "Chemo bombs",
		"maxHealth": 40,
		"flags": 39977984,
		"probabilityToMove": 100,
		"probabilityToTrack": 0,
		"probabilityToShoot": 0,
		"actionDelay": 23
	},
	{
		"Class": "Lady",
		"HairType": "ponytail",
		"Skin": "f4944cff",
		"Arms": "ffffffff",
		"Body": "ffffffff",
		"Legs": "ac5400ff",
		"Hair": "8c4400ff",
		"Feet": "ac5400ff",
		"speed": 256,
		"Gun": "Chemo bombs",
		"maxHealth": 40,
		"flags": 39977984,
		"probabilityToMove": 100,
		"probabilityToTrack": 0,
		"probabilityToShoot": 0,
		"actionDelay": 23
	},
	{
		"Class": "Jones",
		"Skin": "d25106ff",
		"Arms": "ffffffff",
		"Body": "5c5c5cff",
		"Legs": "004870ff",
		"Hair": "363636ff",
		"Feet": "004870ff",
		"speed": 256,
		"Gun": "Chemo bombs",
		"maxHealth": 40,
		"flags": 39977984,
		"probabilityToMove": 100,
		"probabilityToTrack": 0,
		"probabilityToShoot": 0,
		"actionDelay": 23
	},
	{
		"Class": "Jones",
		"HairType": "shades",
		"Skin": "603000ff",
		"Arms": "ffffffff",
		"Body": "ffffffff",
		"Legs": "003038ff",
		"Hair": "004800ff",
		"Feet": "003038ff",
		"speed": 256,
		"Gun": "Chemo bombs",
		"maxHealth": 40,
		"flags": 39977984,
		"probabilityToMove": 100,
		"probabilityToTrack": 0,
		"probabilityToShoot": 0,
		"actionDelay": 23
	},
	{
		"Class": "Lady",
		"HairType": "ponytail",
		"Skin": "c0ac3cff",
		"Arms": "ffffffff",
		"Body": "ffffffff",
		"Legs": "00ac00ff",
		"Hair": "402000ff",
		"Feet": "00ac00ff",
		"speed": 256,
		"Gun": "Machine gun",
		"maxHealth": 40,
		"flags": 39977984,
		"probabilityToMove": 100,
		"probabilityToTrack": 0,
		"probabilityToShoot": 5,
		"actionDelay": 23
	},
	{
		"Class": "Lady",
		"HairType": "ponytail",
		"Skin": "502800ff",
		"Arms": "ffffffff",
		"Body": "00c0c0ff",
		"Legs": "363636ff",
		"Hair": "5c345cff",
		"Feet": "363636ff",
		"speed": 256,
		"Gun": "Chemo bombs",
		"maxHealth": 40,
		"flags": 39977984,
		"probabilityToMove": 100,
		"probabilityToTrack": 0,
		"probabilityToShoot": 0,
		"actionDelay": 23
	},
	{
		"Class": "Lady",
		"HairType": "ponytail",
		"Skin": "f4944cff",
		"Arms": "ffffffff",
		"Body": "ffffffff",
		"Legs": "fcfcfcff",
		"Hair": "fce000ff",
		"Feet": "fcfcfcff",
		"speed": 256,
		"Gun": "Chemo bombs",
		"maxHealth": 40,
		"flags": 39977984,
		"probabilityToMove": 100,
		"probabilityToTrack": 0,
		"probabilityToShoot": 0,
		"actionDelay": 23
	},
	{
		"Class": "Jones",
		"HairType": "shades",
		"Skin": "d25106ff",
		"Arms": "fc9000ff",
		"Body": "fc9000ff",
		"Legs": "004870ff",
		"Hair": "363636ff",
		"Feet": "004870ff",
		"speed": 320,
		"Gun": "Chemo bombs",
		"maxHealth": 40,
		"flags": 39977984,
		"probabilityToMove": 100,
		"probabilityToTrack": 0,
		"probabilityToShoot": 0,
		"actionDelay": 23
	},
	{
		"Class": "Jones",
		"HairType": "hogan",
		"Skin": "d25106ff",
		"Arms": "ffffffff",
		"Body": "fc1800ff",
		"Legs": "363636ff",
		"Hair": "fc6800ff",
		"Feet": "363636ff",
		"speed": 256,
		"Gun": "Pistol",
		"maxHealth": 40,
		"flags": 39977984,
		"probabilityToMove": 100,
		"probabilityToTrack": 0,
		"probabilityToShoot": 5,
		"actionDelay": 23
	},
	{
		"Class": "Jones",
		"HairType": "dutch",
		"Skin": "804000ff",
		"Arms": "ffffffff",
		"Body": "ffffffff",
		"Legs": "363636ff",
		"Hair": "00fc00ff",
		"Feet": "363636ff",
		"speed": 256,
		"Gun": "Chemo bombs",
		"maxHealth": 40,
		"flags": 39977984,
		"probabilityToMove": 100,
		"probabilityToTrack": 0,
		"probabilityToShoot": 0,
		"actionDelay": 23
	},
	{
		"Class": "Jones",
		"HairType": "dutch",
		"Skin": "c0ac3cff",
		"Arms": "ffffffff",
		"Body": "484848ff",
		"Legs": "363636ff",
		"Hair": "341c00ff",
		"Feet": "363636ff",
		"speed": 256,
		"Gun": "Chemo bombs",
		"maxHealth": 40,
		"flags": 39977984,
		"probabilityToMove": 100,
		"probabilityToTrack": 0,
		"probabilityToShoot": 0,
		"actionDelay": 23
	},
	{
		"Class": "Lady",
		"HairType": "ponytail",
		"Skin": "d25106ff",
		"Arms": "ffffffff",
		"Body": "00fcfcff",
		"Legs": "348434ff",
		"Hair": "882800ff",
		"Feet": "348434ff",
		"speed": 256,
		"Gun": "Chemo bombs",
		"maxHealth": 40,
		"flags": 39977984,
		"probabilityToMove": 100,
		"probabilityToTrack": 0,
		"probabilityToShoot": 0,
		"actionDelay": 15
	},
	{
		"Class": "Jones",
		"HairType": "hogan",
		"Skin": "882800ff",
		"Arms": "ffffffff",
		"Body": "5c5c5cff",
		"Legs": "004870ff",
		"Hair": "58589cff",
		"Feet": "004870ff",
		"speed": 256,
		"Gun": "Pistol",
		"maxHealth": 40,
		"flags": 39977984,
		"probabilityToMove": 100,
		"probabilityToTrack": 0,
		"probabilityToShoot": 0,
		"actionDelay": 15
	},
	{
		"Class": "Cyborg",
		"HairType": "cyborg",
		"Skin": "ffffffff",
		"Arms": "000000ff",
		"Body": "000000ff",
		"Legs": "000000ff",
		"Hair": "ff0000ff",
		"Feet": "000000ff",
		"speed": 128,
		"Gun": "Chemo gun",
		"maxHealth": 100,
		"flags": 25691648,
		"probabilityToMove": 100,
		"probabilityToTrack": 80,
		"probabilityToShoot": 12,
		"actionDelay": 5
	},
	{
		"Class": "Mad bug-eye",
		"Skin": "fcb800ff",
		"Arms": "a00000ff",
		"Body": "fce000ff",
		"Legs": "840000ff",
		"Hair": "840000ff",
		"Feet": "840000ff",
		"speed": 256,
		"Gun": "Chemo bombs",
		"maxHealth": 50,
		"flags": 16778752,
		"probabilityToMove": 50,
		"probabilityToTrack": 15,
		"probabilityToShoot": 17,
		"actionDelay": 19
	},
	{
		"Class": "Mad bug-eye",
		"Skin": "fcb800ff",
		"Arms": "ac0000ff",
		"Body": "fc6800ff",
		"Legs": "e00000ff",
		"Hair": "ff8136ff",
		"Feet": "e00000ff",
		"speed": 256,
		"Gun": "Chemo bombs",
		"maxHealth": 50,
		"flags": 16778752,
		"probabilityToMove": 50,
		"probabilityToTrack": 15,
		"probabilityToShoot": 17,
		"actionDelay": 19
	},
	{
		"Class": "Mad bug-eye",
		"Skin": "9c0000ff",
		"Arms": "9c0000ff",
		"Body": "9c0000ff",
		"Legs": "9c0000ff",
		"Hair": "b79536ff",
		"Feet": "9c0000ff",
		"speed": 256,
		"Gun": "Molotovs",
		"maxHealth": 50,
		"flags": 16778752,
		"probabilityToMove": 50,
		"probabilityToTrack": 40,
		"probabilityToShoot": 7,
		"actionDelay": 15
	},
	{
		"Class": "Ogre",
		"HairType": "mohawk",
		"Skin": "9c0000ff",
		"Arms": "9c0000ff",
		"Body": "363636ff",
		"Legs": "fc4000ff",
		"Hair": "c00000ff",
		"Feet": "fc4000ff",
		"speed": 512,
		"Gun": "Grenades",
		"maxHealth": 50,
		"flags": 16778752,
		"probabilityToMove": 55,
		"probabilityToTrack": 45,
		"probabilityToShoot": 2,
		"actionDelay": 22
	},
	{
		"Class": "Ogre",
		"HairType": "mohawk",
		"Skin": "9c0000ff",
		"Arms": "9c0000ff",
		"Body": "363636ff",
		"Legs": "9c0000ff",
		"Hair": "c00000ff",
		"Feet": "9c0000ff",
		"speed": 512,
		"Gun": "Knife",
		"maxHealth": 50,
		"flags": 16778752,
		"probabilityToMove": 55,
		"probabilityToTrack": 45,
		"probabilityToShoot": 2,
		"actionDelay": 22
	},
	{
		"Class": "Robot",
		"Skin": "000000ff",
		"Arms": "363636ff",
		"Body": "000000ff",
		"Legs": "363636ff",
		"Hair": "9c0000ff",
		"Feet": "363636ff",
		"speed": 512,
		"Gun": "Molotovs",
		"maxHealth": 500,
		"flags": 25232896,
		"probabilityToMove": 55,
		"probabilityToTrack": 55,
		"probabilityToShoot": 100,
		"actionDelay": 15
	},
	{
		"Class": "Robot",
		"Skin": "ffffffff",
		"Arms": "9c9c9cff",
		"Body": "ffffffff",
		"Legs": "9c9c9cff",
		"Hair": "58589cff",
		"Feet": "9c9c9cff",
		"speed": 512,
		"Gun": "Knife",
		"maxHealth": 200,
		"flags": 16778752,
		"probabilityToMove": 75,
		"probabilityToTrack": 100,
		"probabilityToShoot": 0,
		"actionDelay": 12
	}]
}