{
	"Missions": [{
		"Title": "Countermeasures",
		"Description": "Fighting the robots makes no sense. Focus on obtaining data drives your coworkers left at their workplace. At least one of them probably contains a virus that can shut down the bots.",
		"Type": "Static",
		"Width": 64,
		"Height": 53,
		"ExitStyle": "hazard",
		"KeyStyle": "office",
		"Objectives": [{
			"Description": "Collect the data drives",
			"Type": "Collect",
			"Pickup": "disk3",
			"Count": 9,
			"Required": 6,
			"Flags": 0
		},
		{
			"Description": "The Game.png",
			"Type": "Collect",
			"Pickup": "disk2",
			"Count": 1,
			"Required": 0,
			"Flags": 1
		},
		{
			"Description": "Can't hurt to have the bot blueprints...",
			"Type": "Collect",
			"Pickup": "folder2",
			"Count": 1,
			"Required": 0,
			"Flags": 0
		}],
		"Enemies": [0,
		1,
		2,
		3,
		4,
		5,
		6,
		7,
		8,
		9,
		10,
		11,
		12,
		13,
		14],
		"SpecialChars": [],
		"MapObjectDensities": [],
		"EnemyDensity": 15,
		"Weapons": ["Lack of motivation"],
		"Song": "devhell1.xm",
		"TileClasses": {
			"2": {
				"Name": "door",
				"Type": "Door",
				"Style": "office",
				"Mask": "ffffffff",
				"MaskAlt": "ffffffff",
				"CanWalk": false,
				"IsOpaque": true,
				"Shootable": true,
				"IsRoom": true
			},
			"1": {
				"Name": "wall",
				"Type": "Wall",
				"Style": "carbon",
				"Mask": "848484ff",
				"MaskAlt": "840000ff",
				"CanWalk": false,
				"IsOpaque": true,
				"Shootable": true,
				"IsRoom": false
			},
			"4": {
				"Name": "",
				"Type": "",
				"Style": "",
				"Mask": "ffffffff",
				"MaskAlt": "ffffffff",
				"CanWalk": false,
				"IsOpaque": false,
				"Shootable": false,
				"IsRoom": false
			},
			"3": {
				"Name": "tile",
				"Type": "Floor",
				"Style": "grid",
				"Mask": "c0ac3cff",
				"MaskAlt": "840000ff",
				"CanWalk": true,
				"IsOpaque": false,
				"Shootable": false,
				"IsRoom": true
			},
			"5": {
				"Name": "tile",
				"Type": "Floor",
				"Style": "tile",
				"Mask": "484848ff",
				"MaskAlt": "840000ff",
				"CanWalk": true,
				"IsOpaque": false,
				"Shootable": false,
				"IsRoom": false
			},
			"0": {
				"Name": "tile",
				"Type": "Floor",
				"Style": "tile",
				"Mask": "484848ff",
				"MaskAlt": "840000ff",
				"CanWalk": true,
				"IsOpaque": false,
				"Shootable": false,
				"IsRoom": false
			}
		},
		"Tiles": ["1,1,1,1,1,1,1,1,1,1,1,1,1,1,1,1,1,1,1,1,1,1,1,1,1,1,1,1,1,1,1,1,1,1,1,1,1,1,1,1,1,1,1,1,1,1,1,1,1,1,1,1,1,1,4,4,4,4,4,4,4,4,4,4",
		"1,0,0,0,0,0,0,1,0,0,0,0,0,0,1,1,1,1,1,0,0,0,0,0,0,1,0,0,0,0,0,0,1,1,1,1,1,0,0,0,0,0,0,0,0,0,0,0,0,0,0,0,0,1,4,4,4,4,4,4,4,4,4,4",
		"1,0,0,0,0,0,0,1,0,0,5,5,5,5,1,1,3,1,1,5,5,5,0,0,0,1,0,0,0,0,0,0,1,1,3,1,1,0,3,3,3,3,3,3,0,0,3,3,3,3,3,3,0,1,4,4,4,4,4,4,4,4,4,4",
		"1,0,0,0,0,0,0,1,0,0,5,5,5,5,1,3,3,3,1,5,5,5,0,0,0,1,0,0,0,0,0,0,1,3,3,3,1,0,3,3,3,3,3,3,3,3,3,3,3,3,3,3,0,1,4,4,4,4,4,4,4,4,4,4",
		"1,0,0,0,0,0,0,1,0,0,5,5,5,5,1,5,5,5,1,5,5,5,0,0,0,1,0,0,0,0,0,0,1,0,0,0,1,0,3,3,3,3,3,3,0,0,3,3,3,3,3,3,0,1,1,1,1,0,0,0,1,1,1,1",
		"1,0,0,0,1,1,1,1,0,0,5,1,1,1,1,5,5,5,1,5,5,5,1,1,1,1,0,0,0,1,1,1,1,0,0,0,1,0,0,0,3,3,0,0,0,0,0,0,3,3,0,0,0,1,0,0,1,2,2,2,1,0,0,1",
		"1,0,0,0,0,0,0,0,0,0,5,5,5,5,5,5,5,5,5,5,5,5,0,0,0,0,0,0,0,0,0,0,0,0,0,0,0,0,3,3,3,3,3,3,0,0,3,3,3,3,3,3,0,1,0,0,0,0,0,0,0,0,0,1",
		"1,0,0,0,0,0,0,0,0,0,5,5,5,5,5,5,5,5,5,5,5,5,0,0,0,0,0,0,0,0,0,0,0,0,0,0,0,0,3,3,3,3,3,3,0,0,3,3,3,3,3,3,0,1,0,0,0,0,0,0,0,0,0,1",
		"1,0,0,0,0,0,0,0,0,0,5,5,5,5,5,5,5,5,5,5,5,5,0,0,0,0,0,0,0,0,0,0,0,0,0,0,0,0,3,3,3,3,3,3,0,0,3,3,3,3,3,3,0,1,0,0,0,0,0,0,0,0,0,1",
		"1,1,1,1,0,0,0,1,1,1,1,5,5,5,1,5,5,5,1,1,1,1,0,0,0,1,1,1,1,0,0,0,1,0,0,0,1,0,0,0,3,3,0,0,0,0,0,0,3,3,0,0,0,1,0,0,0,0,0,0,0,1,1,1",
		"1,0,0,0,0,0,0,1,0,0,5,5,5,5,1,5,5,5,1,5,5,5,0,0,0,1,0,0,0,0,0,0,1,0,0,0,1,0,3,3,3,3,3,3,0,0,3,3,3,3,3,3,0,1,0,0,0,0,0,0,0,3,1,1",
		"1,0,0,0,0,0,0,1,0,0,5,5,5,5,1,5,5,5,1,5,5,5,0,0,0,1,0,0,0,0,0,0,1,0,0,0,1,0,3,3,3,3,3,3,0,0,3,3,3,3,3,3,0,1,0,0,0,0,0,0,0,3,3,1",
		"1,0,0,0,0,0,0,1,0,0,5,5,5,5,1,5,5,5,1,5,5,5,0,0,0,1,0,0,0,0,0,0,1,0,0,0,1,0,3,3,3,3,3,3,0,0,3,3,3,3,3,3,0,1,0,0,0,0,0,0,0,3,1,1",
		"1,0,0,0,0,0,0,1,0,0,5,5,5,5,1,5,5,5,1,0,5,5,0,0,0,1,0,0,0,0,0,0,1,0,0,0,1,0,0,0,3,3,0,0,0,0,0,0,3,3,0,0,0,1,0,0,0,0,0,0,0,1,1,1",
		"1,0,0,0,0,0,0,1,0,0,5,5,5,5,1,5,5,5,1,0,0,0,0,0,0,1,0,0,0,0,0,0,1,0,0,0,1,0,3,3,3,3,3,3,0,0,3,3,3,3,3,3,0,1,0,0,0,0,0,0,0,0,0,1",
		"1,1,1,1,1,1,1,1,1,1,1,1,1,1,1,5,5,5,1,1,1,1,1,1,1,1,1,1,1,1,1,1,1,0,0,0,1,0,3,3,3,3,3,3,0,0,3,3,3,3,3,3,0,1,0,0,0,0,0,0,0,0,0,1",
		"4,4,4,4,4,4,4,4,1,1,1,5,5,5,1,5,5,5,1,5,5,5,0,0,0,1,0,0,0,0,0,0,1,0,0,0,1,0,3,3,3,3,3,3,0,0,3,3,3,3,3,3,0,1,0,0,0,0,0,0,0,0,0,1",
		"4,4,4,4,4,4,4,4,1,0,1,1,1,5,5,5,5,5,1,5,5,5,0,0,0,1,0,0,0,0,0,0,1,0,0,0,1,0,0,0,3,3,0,0,0,0,0,0,3,3,0,0,0,1,0,0,0,0,0,0,0,0,0,1",
		"4,4,4,4,4,4,4,4,1,1,0,0,1,0,0,0,0,0,1,0,0,0,0,0,0,1,0,0,0,0,0,0,1,0,0,0,1,0,3,3,3,3,3,3,0,0,3,3,3,3,3,3,0,1,1,1,1,2,2,2,1,1,1,1",
		"4,4,4,4,4,4,4,4,1,0,1,1,1,0,0,0,0,0,1,0,0,0,0,0,0,1,0,0,0,0,0,0,1,0,0,0,1,0,3,3,3,3,3,3,0,0,3,3,3,3,3,3,0,1,0,0,0,0,0,0,0,0,0,1",
		"4,4,4,4,4,4,4,4,1,0,0,0,0,0,1,0,0,0,1,0,0,0,0,0,0,1,0,0,0,0,0,0,1,0,0,0,1,0,3,3,3,3,3,3,0,0,3,3,3,3,3,3,0,1,0,0,0,0,0,0,0,0,0,1",
		"1,1,1,1,1,1,1,1,1,1,1,1,1,1,1,0,0,0,1,1,1,1,0,0,0,1,1,1,1,0,0,0,1,0,0,0,1,0,0,0,3,3,0,0,0,0,0,0,3,3,0,0,0,1,0,0,0,0,0,0,0,0,0,1",
		"1,0,0,0,0,0,0,0,0,0,0,0,0,0,0,0,0,0,0,0,0,0,0,0,0,0,0,0,0,0,0,0,0,0,0,0,0,0,3,3,3,3,3,3,0,0,3,3,3,3,3,3,0,0,0,0,0,0,0,0,0,0,0,1",
		"1,0,0,0,0,0,0,0,0,0,0,0,0,0,0,0,0,0,0,0,0,0,0,0,0,0,0,0,0,0,0,0,0,0,0,0,0,0,3,3,3,3,3,3,0,0,3,3,3,3,3,3,0,0,0,0,0,0,0,0,0,0,0,1",
		"1,0,0,0,0,0,0,0,0,0,0,0,0,0,0,0,0,0,0,0,0,0,0,0,0,0,0,0,0,0,0,0,0,0,0,0,0,0,3,3,3,3,3,3,0,0,3,3,3,3,3,3,0,0,0,0,0,0,0,0,0,0,0,1",
		"1,0,0,0,1,1,1,1,0,0,0,1,1,1,1,0,0,0,1,0,0,0,1,1,1,1,0,0,0,1,1,1,1,0,0,0,1,0,0,0,3,3,0,0,0,0,0,0,3,3,0,0,0,1,1,1,1,2,2,2,1,1,1,1",
		"1,0,0,0,0,0,0,1,0,0,0,0,0,0,1,0,0,0,1,0,0,0,0,0,0,1,0,0,0,0,0,0,1,0,0,0,1,0,3,3,3,3,3,3,0,0,3,3,3,3,3,3,0,1,0,0,0,0,0,0,0,0,0,1",
		"1,0,0,0,0,0,0,1,0,0,0,0,0,0,1,0,0,0,1,0,0,0,0,0,0,1,0,0,0,0,0,0,1,0,0,0,1,0,3,3,3,3,3,3,3,3,3,3,3,3,3,3,0,1,0,0,0,0,0,0,0,0,0,1",
		"1,0,0,0,0,0,0,1,0,0,0,0,0,0,1,3,3,3,1,0,0,0,0,0,0,1,0,0,0,0,0,0,1,0,3,0,1,0,3,3,3,3,3,3,0,0,3,3,3,3,3,3,0,1,0,0,0,0,0,0,0,0,0,1",
		"1,0,0,0,0,0,0,1,0,0,0,0,0,0,1,1,0,1,1,0,0,0,0,0,0,1,0,0,0,0,0,0,1,1,3,1,1,0,0,0,0,0,0,0,0,0,0,0,0,0,0,0,0,1,0,0,0,0,0,0,0,0,0,1",
		"1,0,0,0,0,0,0,1,0,0,0,0,0,0,1,1,1,1,1,0,0,0,0,0,0,1,0,0,0,0,0,0,1,1,1,1,1,0,0,0,0,0,0,0,0,0,0,0,0,0,0,0,0,1,1,1,1,1,1,1,1,1,1,1",
		"1,1,1,1,1,1,1,1,1,1,1,1,1,1,1,1,1,1,1,1,1,1,1,1,1,1,1,1,1,1,1,1,1,1,1,1,1,1,1,0,0,0,0,1,1,1,1,0,0,0,0,1,1,1,4,4,4,4,4,4,4,4,4,4",
		"4,4,4,4,4,4,4,4,4,4,4,4,4,4,4,4,4,4,4,4,4,4,4,4,4,4,4,4,4,4,4,4,4,4,4,4,4,4,1,0,0,0,0,1,0,0,1,0,0,0,0,1,4,4,4,4,4,4,4,4,4,4,4,4",
		"4,4,4,4,4,4,4,4,4,4,1,1,1,1,1,1,1,1,1,1,1,1,1,1,1,1,1,1,1,1,1,1,1,1,1,1,1,1,1,0,0,0,0,1,0,1,1,0,0,0,0,1,1,1,1,1,1,1,1,4,4,4,4,4",
		"4,4,4,4,4,4,4,4,4,4,1,1,3,0,0,0,0,0,0,0,0,0,0,0,0,0,0,0,0,0,0,0,0,0,0,0,0,0,0,0,0,0,0,0,0,0,0,0,0,0,0,1,0,0,0,0,0,0,1,4,4,4,4,4",
		"4,4,4,4,4,4,4,4,4,4,1,3,3,0,0,0,0,0,0,0,0,0,0,0,0,0,0,0,0,0,0,0,0,0,0,0,0,0,0,0,0,0,0,0,0,0,0,0,0,0,0,1,0,0,0,0,0,0,1,4,4,4,4,4",
		"4,4,4,4,4,4,4,4,4,4,1,1,3,0,0,0,0,0,0,0,0,0,0,0,0,0,0,0,0,0,0,0,0,0,0,0,0,0,0,0,0,0,0,0,0,0,0,0,0,0,0,1,0,0,0,0,0,0,1,4,4,4,4,4",
		"4,4,4,4,4,4,4,4,4,4,1,1,1,1,0,0,0,1,1,1,1,0,0,0,1,1,1,1,0,0,0,1,1,1,1,0,0,0,0,0,0,0,0,0,0,0,0,0,0,0,0,0,0,0,0,0,0,0,1,4,4,4,4,4",
		"4,4,4,4,4,4,4,4,4,4,4,4,4,1,0,0,0,0,0,0,1,0,0,0,0,0,0,1,0,0,0,0,0,0,1,0,0,0,0,0,0,0,0,0,0,0,0,0,0,0,0,0,0,0,0,0,0,0,1,4,4,4,4,4",
		"4,4,4,4,4,4,4,4,4,4,4,4,4,1,0,0,0,0,0,0,1,0,0,0,0,0,0,1,0,0,0,0,0,0,1,0,0,0,0,0,0,0,0,0,0,0,0,0,0,0,0,0,0,0,0,0,0,0,1,4,4,4,4,4",
		"4,4,4,4,4,4,4,4,4,4,4,4,4,1,0,0,0,0,0,0,1,0,0,0,0,0,0,1,0,0,0,0,0,0,1,0,0,0,0,0,0,0,0,0,0,0,0,0,0,0,0,1,0,0,0,0,0,0,1,4,4,4,4,4",
		"4,4,4,4,4,4,4,4,4,4,4,4,4,1,0,0,0,0,0,0,1,0,0,0,0,0,0,1,0,0,0,0,0,0,1,0,0,0,0,0,0,0,0,0,0,0,0,0,0,0,0,1,0,0,0,0,0,0,1,4,4,4,4,4",
		"4,4,4,4,4,4,4,4,4,4,4,4,4,1,1,1,1,1,1,1,1,1,1,1,1,1,1,1,1,1,1,1,1,1,1,1,1,1,1,1,1,1,1,1,1,1,1,1,1,1,1,1,1,1,1,1,1,1,1,4,4,4,4,4",
		"4,4,4,4,4,4,4,4,4,4,4,4,4,4,4,4,4,4,4,4,4,4,4,4,4,4,4,4,4,4,4,4,4,4,4,4,4,4,4,4,4,4,4,4,4,4,4,4,4,4,4,1,4,4,4,4,4,4,4,4,4,4,4,4",
		"4,4,4,4,4,4,4,4,4,4,4,4,4,4,4,4,4,4,4,4,4,4,4,4,4,4,4,4,4,4,4,4,4,4,4,4,4,4,4,4,4,4,4,4,4,4,4,4,4,4,4,4,4,4,4,4,4,4,4,4,4,4,4,4",
		"4,4,4,4,4,4,4,4,4,4,4,4,4,4,4,4,4,4,4,4,4,4,4,4,4,4,4,4,4,4,4,4,4,4,4,4,4,4,4,4,4,4,4,4,4,4,4,4,4,4,4,4,4,4,4,4,4,4,4,4,4,4,4,4",
		"4,4,4,4,4,4,4,4,4,4,4,4,4,4,4,4,4,4,4,4,4,4,4,4,4,4,4,4,4,4,4,4,4,4,4,4,4,4,4,4,4,4,4,4,4,4,4,4,4,4,4,4,4,4,4,4,4,4,4,4,4,4,4,4",
		"4,4,4,4,4,4,4,4,4,4,4,4,4,4,4,4,4,4,4,4,4,4,4,4,4,4,4,4,4,4,4,4,4,4,4,4,4,4,4,4,4,4,4,4,4,4,4,4,4,4,4,4,4,4,4,4,4,4,4,4,4,4,4,4",
		"4,4,4,4,4,4,4,4,4,4,4,4,4,4,4,4,4,4,4,4,4,4,4,4,4,4,4,4,4,4,4,4,4,4,4,4,4,4,4,4,4,4,4,4,4,4,4,4,4,4,4,4,4,4,4,4,4,4,4,4,4,4,4,4",
		"4,4,4,4,4,4,4,4,4,4,4,4,4,4,4,4,4,4,4,4,4,4,4,4,4,4,4,4,4,4,4,4,4,4,4,4,4,4,4,4,4,4,4,4,4,4,4,4,4,4,4,4,4,4,4,4,4,4,4,4,4,4,4,4",
		"4,4,4,4,4,4,4,4,4,4,4,4,4,4,4,4,4,4,4,4,4,4,4,4,4,4,4,4,4,4,4,4,4,4,4,4,4,4,4,4,4,4,4,4,4,4,4,4,4,4,4,4,4,4,4,4,4,4,4,4,4,4,4,4",
		"4,4,4,4,4,4,4,4,4,4,4,4,4,4,4,4,4,4,4,4,4,4,4,4,4,4,4,4,4,4,4,4,4,4,4,4,4,4,4,4,4,4,4,4,4,4,4,4,4,4,4,4,4,4,4,4,4,4,4,4,4,4,4,4",
		"4,4,4,4,4,4,4,4,4,4,4,4,4,4,4,4,4,4,4,4,4,4,4,4,4,4,4,4,4,4,4,4,4,4,4,4,4,4,4,4,4,4,4,4,4,4,4,4,4,4,4,4,4,4,4,4,4,4,4,4,4,4,4,4"],
		"Access": ["0,0,0,0,0,0,0,0,0,0,0,0,0,0,0,0,0,0,0,0,0,0,0,0,0,0,0,0,0,0,0,0,0,0,0,0,0,0,0,0,0,0,0,0,0,0,0,0,0,0,0,0,0,0,0,0,0,0,0,0,0,0,0,0",
		"0,0,0,0,0,0,0,0,0,0,0,0,0,0,0,0,0,0,0,0,0,0,0,0,0,0,0,0,0,0,0,0,0,0,0,0,0,0,0,0,0,0,0,0,0,0,0,0,0,0,0,0,0,0,0,0,0,0,0,0,0,0,0,0",
		"0,0,0,0,0,0,0,0,0,0,0,0,0,0,0,0,0,0,0,0,0,0,0,0,0,0,0,0,0,0,0,0,0,0,0,0,0,0,0,0,0,0,0,0,0,0,0,0,0,0,0,0,0,0,0,0,0,0,0,0,0,0,0,0",
		"0,0,0,0,0,0,0,0,0,0,0,0,0,0,0,0,0,0,0,0,0,0,0,0,0,0,0,0,0,0,0,0,0,0,0,0,0,0,0,0,0,0,0,0,0,0,0,0,0,0,0,0,0,0,0,0,0,0,0,0,0,0,0,0",
		"0,0,0,0,0,0,0,0,0,0,0,0,0,0,0,0,0,0,0,0,0,0,0,0,0,0,0,0,0,0,0,0,0,0,0,0,0,0,0,0,0,0,0,0,0,0,0,0,0,0,0,0,0,0,0,0,0,0,0,0,0,0,0,0",
		"0,0,0,0,0,0,0,0,0,0,0,0,0,0,0,0,0,0,0,0,0,0,0,0,0,0,0,0,0,0,0,0,0,0,0,0,0,0,0,0,0,0,0,0,0,0,0,0,0,0,0,0,0,0,0,0,0,2048,2048,2048,0,0,0,0",
		"0,0,0,0,0,0,0,0,0,0,0,0,0,0,0,0,0,0,0,0,0,0,0,0,0,0,0,0,0,0,0,0,0,0,0,0,0,0,0,0,0,0,0,0,0,0,0,0,0,0,0,0,0,0,0,0,0,0,0,0,0,0,0,0",
		"0,0,0,0,0,0,0,0,0,0,0,0,0,0,0,0,0,0,0,0,0,0,0,0,0,0,0,0,0,0,0,0,0,0,0,0,0,0,0,0,0,0,0,0,0,0,0,0,0,0,0,0,0,0,0,0,0,0,0,0,0,0,0,0",
		"0,0,0,0,0,0,0,0,0,0,0,0,0,0,0,0,0,0,0,0,0,0,0,0,0,0,0,0,0,0,0,0,0,0,0,0,0,0,0,0,0,0,0,0,0,0,0,0,0,0,0,0,0,0,0,0,0,0,0,0,0,0,0,0",
		"0,0,0,0,0,0,0,0,0,0,0,0,0,0,0,0,0,0,0,0,0,0,0,0,0,0,0,0,0,0,0,0,0,0,0,0,0,0,0,0,0,0,0,0,0,0,0,0,0,0,0,0,0,0,0,0,0,0,0,0,0,0,0,0",
		"0,0,0,0,0,0,0,0,0,0,0,0,0,0,0,0,0,0,0,0,0,0,0,0,0,0,0,0,0,0,0,0,0,0,0,0,0,0,0,0,0,0,0,0,0,0,0,0,0,0,0,0,0,0,0,0,0,0,0,0,0,0,0,0",
		"0,0,0,0,0,0,0,0,0,0,0,0,0,0,0,0,0,0,0,0,0,0,0,0,0,0,0,0,0,0,0,0,0,0,0,0,0,0,0,0,0,0,0,0,0,0,0,0,0,0,0,0,0,0,0,0,0,0,0,0,0,0,0,0",
		"0,0,0,0,0,0,0,0,0,0,0,0,0,0,0,0,0,0,0,0,0,0,0,0,0,0,0,0,0,0,0,0,0,0,0,0,0,0,0,0,0,0,0,0,0,0,0,0,0,0,0,0,0,0,0,0,0,0,0,0,0,0,0,0",
		"0,0,0,0,0,0,0,0,0,0,0,0,0,0,0,0,0,0,0,0,0,0,0,0,0,0,0,0,0,0,0,0,0,0,0,0,0,0,0,0,0,0,0,0,0,0,0,0,0,0,0,0,0,0,0,0,0,0,0,0,0,0,0,0",
		"0,0,0,0,0,0,0,0,0,0,0,0,0,0,0,0,0,0,0,0,0,0,0,0,0,0,0,0,0,0,0,0,0,0,0,0,0,0,0,0,0,0,0,0,0,0,0,0,0,0,0,0,0,0,0,0,0,0,0,0,0,0,0,0",
		"0,0,0,0,0,0,0,0,0,0,0,0,0,0,0,0,0,0,0,0,0,0,0,0,0,0,0,0,0,0,0,0,0,0,0,0,0,0,0,0,0,0,0,0,0,0,0,0,0,0,0,0,0,0,0,0,0,0,0,0,0,0,0,0",
		"0,0,0,0,0,0,0,0,0,0,0,0,0,0,0,0,0,0,0,0,0,0,0,0,0,0,0,0,0,0,0,0,0,0,0,0,0,0,0,0,0,0,0,0,0,0,0,0,0,0,0,0,0,0,0,0,0,0,0,0,0,0,0,0",
		"0,0,0,0,0,0,0,0,0,0,0,0,0,0,0,0,0,0,0,0,0,0,0,0,0,0,0,0,0,0,0,0,0,0,0,0,0,0,0,0,0,0,0,0,0,0,0,0,0,0,0,0,0,0,0,0,0,0,0,0,0,0,0,0",
		"0,0,0,0,0,0,0,0,0,0,0,0,0,0,0,0,0,0,0,0,0,0,0,0,0,0,0,0,0,0,0,0,0,0,0,0,0,0,0,0,0,0,0,0,0,0,0,0,0,0,0,0,0,0,0,0,0,0,0,0,0,0,0,0",
		"0,0,0,0,0,0,0,0,0,0,0,0,0,0,0,0,0,0,0,0,0,0,0,0,0,0,0,0,0,0,0,0,0,0,0,0,0,0,0,0,0,0,0,0,0,0,0,0,0,0,0,0,0,0,0,0,0,0,0,0,0,0,0,0",
		"0,0,0,0,0,0,0,0,0,0,0,0,0,0,0,0,0,0,0,0,0,0,0,0,0,0,0,0,0,0,0,0,0,0,0,0,0,0,0,0,0,0,0,0,0,0,0,0,0,0,0,0,0,0,0,0,0,0,0,0,0,0,0,0",
		"0,0,0,0,0,0,0,0,0,0,0,0,0,0,0,0,0,0,0,0,0,0,0,0,0,0,0,0,0,0,0,0,0,0,0,0,0,0,0,0,0,0,0,0,0,0,0,0,0,0,0,0,0,0,0,0,0,0,0,0,0,0,0,0",
		"0,0,0,0,0,0,0,0,0,0,0,0,0,0,0,0,0,0,0,0,0,0,0,0,0,0,0,0,0,0,0,0,0,0,0,0,0,0,0,0,0,0,0,0,0,0,0,0,0,0,0,0,0,0,0,0,0,0,0,0,0,0,0,0",
		"0,0,0,0,0,0,0,0,0,0,0,0,0,0,0,0,0,0,0,0,0,0,0,0,0,0,0,0,0,0,0,0,0,0,0,0,0,0,0,0,0,0,0,0,0,0,0,0,0,0,0,0,0,0,0,0,0,0,0,0,0,0,0,0",
		"0,0,0,0,0,0,0,0,0,0,0,0,0,0,0,0,0,0,0,0,0,0,0,0,0,0,0,0,0,0,0,0,0,0,0,0,0,0,0,0,0,0,0,0,0,0,0,0,0,0,0,0,0,0,0,0,0,0,0,0,0,0,0,0",
		"0,0,0,0,0,0,0,0,0,0,0,0,0,0,0,0,0,0,0,0,0,0,0,0,0,0,0,0,0,0,0,0,0,0,0,0,0,0,0,0,0,0,0,0,0,0,0,0,0,0,0,0,0,0,0,0,0,0,0,0,0,0,0,0",
		"0,0,0,0,0,0,0,0,0,0,0,0,0,0,0,0,0,0,0,0,0,0,0,0,0,0,0,0,0,0,0,0,0,0,0,0,0,0,0,0,0,0,0,0,0,0,0,0,0,0,0,0,0,0,0,0,0,0,0,0,0,0,0,0",
		"0,0,0,0,0,0,0,0,0,0,0,0,0,0,0,0,0,0,0,0,0,0,0,0,0,0,0,0,0,0,0,0,0,0,0,0,0,0,0,0,0,0,0,0,0,0,0,0,0,0,0,0,0,0,0,0,0,0,0,0,0,0,0,0",
		"0,0,0,0,0,0,0,0,0,0,0,0,0,0,0,0,0,0,0,0,0,0,0,0,0,0,0,0,0,0,0,0,0,0,0,0,0,0,0,0,0,0,0,0,0,0,0,0,0,0,0,0,0,0,0,0,0,0,0,0,0,0,0,0",
		"0,0,0,0,0,0,0,0,0,0,0,0,0,0,0,0,0,0,0,0,0,0,0,0,0,0,0,0,0,0,0,0,0,0,0,0,0,0,0,0,0,0,0,0,0,0,0,0,0,0,0,0,0,0,0,0,0,0,0,0,0,0,0,0",
		"0,0,0,0,0,0,0,0,0,0,0,0,0,0,0,0,0,0,0,0,0,0,0,0,0,0,0,0,0,0,0,0,0,0,0,0,0,0,0,0,0,0,0,0,0,0,0,0,0,0,0,0,0,0,0,0,0,0,0,0,0,0,0,0",
		"0,0,0,0,0,0,0,0,0,0,0,0,0,0,0,0,0,0,0,0,0,0,0,0,0,0,0,0,0,0,0,0,0,0,0,0,0,0,0,0,0,0,0,0,0,0,0,0,0,0,0,0,0,0,0,0,0,0,0,0,0,0,0,0",
		"0,0,0,0,0,0,0,0,0,0,0,0,0,0,0,0,0,0,0,0,0,0,0,0,0,0,0,0,0,0,0,0,0,0,0,0,0,0,0,0,0,0,0,0,0,0,0,0,0,0,0,0,0,0,0,0,0,0,0,0,0,0,0,0",
		"0,0,0,0,0,0,0,0,0,0,0,0,0,0,0,0,0,0,0,0,0,0,0,0,0,0,0,0,0,0,0,0,0,0,0,0,0,0,0,0,0,0,0,0,0,0,0,0,0,0,0,0,0,0,0,0,0,0,0,0,0,0,0,0",
		"0,0,0,0,0,0,0,0,0,0,0,0,0,0,0,0,0,0,0,0,0,0,0,0,0,0,0,0,0,0,0,0,0,0,0,0,0,0,0,0,0,0,0,0,0,0,0,0,0,0,0,0,0,0,0,0,0,0,0,0,0,0,0,0",
		"0,0,0,0,0,0,0,0,0,0,0,0,0,0,0,0,0,0,0,0,0,0,0,0,0,0,0,0,0,0,0,0,0,0,0,0,0,0,0,0,0,0,0,0,0,0,0,0,0,0,0,0,0,0,0,0,0,0,0,0,0,0,0,0",
		"0,0,0,0,0,0,0,0,0,0,0,0,0,0,0,0,0,0,0,0,0,0,0,0,0,0,0,0,0,0,0,0,0,0,0,0,0,0,0,0,0,0,0,0,0,0,0,0,0,0,0,0,0,0,0,0,0,0,0,0,0,0,0,0",
		"0,0,0,0,0,0,0,0,0,0,0,0,0,0,0,0,0,0,0,0,0,0,0,0,0,0,0,0,0,0,0,0,0,0,0,0,0,0,0,0,0,0,0,0,0,0,0,0,0,0,0,0,0,0,0,0,0,0,0,0,0,0,0,0",
		"0,0,0,0,0,0,0,0,0,0,0,0,0,0,0,0,0,0,0,0,0,0,0,0,0,0,0,0,0,0,0,0,0,0,0,0,0,0,0,0,0,0,0,0,0,0,0,0,0,0,0,0,0,0,0,0,0,0,0,0,0,0,0,0",
		"0,0,0,0,0,0,0,0,0,0,0,0,0,0,0,0,0,0,0,0,0,0,0,0,0,0,0,0,0,0,0,0,0,0,0,0,0,0,0,0,0,0,0,0,0,0,0,0,0,0,0,0,0,0,0,0,0,0,0,0,0,0,0,0",
		"0,0,0,0,0,0,0,0,0,0,0,0,0,0,0,0,0,0,0,0,0,0,0,0,0,0,0,0,0,0,0,0,0,0,0,0,0,0,0,0,0,0,0,0,0,0,0,0,0,0,0,0,0,0,0,0,0,0,0,0,0,0,0,0",
		"0,0,0,0,0,0,0,0,0,0,0,0,0,0,0,0,0,0,0,0,0,0,0,0,0,0,0,0,0,0,0,0,0,0,0,0,0,0,0,0,0,0,0,0,0,0,0,0,0,0,0,0,0,0,0,0,0,0,0,0,0,0,0,0",
		"0,0,0,0,0,0,0,0,0,0,0,0,0,0,0,0,0,0,0,0,0,0,0,0,0,0,0,0,0,0,0,0,0,0,0,0,0,0,0,0,0,0,0,0,0,0,0,0,0,0,0,0,0,0,0,0,0,0,0,0,0,0,0,0",
		"0,0,0,0,0,0,0,0,0,0,0,0,0,0,0,0,0,0,0,0,0,0,0,0,0,0,0,0,0,0,0,0,0,0,0,0,0,0,0,0,0,0,0,0,0,0,0,0,0,0,0,0,0,0,0,0,0,0,0,0,0,0,0,0",
		"0,0,0,0,0,0,0,0,0,0,0,0,0,0,0,0,0,0,0,0,0,0,0,0,0,0,0,0,0,0,0,0,0,0,0,0,0,0,0,0,0,0,0,0,0,0,0,0,0,0,0,0,0,0,0,0,0,0,0,0,0,0,0,0",
		"0,0,0,0,0,0,0,0,0,0,0,0,0,0,0,0,0,0,0,0,0,0,0,0,0,0,0,0,0,0,0,0,0,0,0,0,0,0,0,0,0,0,0,0,0,0,0,0,0,0,0,0,0,0,0,0,0,0,0,0,0,0,0,0",
		"0,0,0,0,0,0,0,0,0,0,0,0,0,0,0,0,0,0,0,0,0,0,0,0,0,0,0,0,0,0,0,0,0,0,0,0,0,0,0,0,0,0,0,0,0,0,0,0,0,0,0,0,0,0,0,0,0,0,0,0,0,0,0,0",
		"0,0,0,0,0,0,0,0,0,0,0,0,0,0,0,0,0,0,0,0,0,0,0,0,0,0,0,0,0,0,0,0,0,0,0,0,0,0,0,0,0,0,0,0,0,0,0,0,0,0,0,0,0,0,0,0,0,0,0,0,0,0,0,0",
		"0,0,0,0,0,0,0,0,0,0,0,0,0,0,0,0,0,0,0,0,0,0,0,0,0,0,0,0,0,0,0,0,0,0,0,0,0,0,0,0,0,0,0,0,0,0,0,0,0,0,0,0,0,0,0,0,0,0,0,0,0,0,0,0",
		"0,0,0,0,0,0,0,0,0,0,0,0,0,0,0,0,0,0,0,0,0,0,0,0,0,0,0,0,0,0,0,0,0,0,0,0,0,0,0,0,0,0,0,0,0,0,0,0,0,0,0,0,0,0,0,0,0,0,0,0,0,0,0,0",
		"0,0,0,0,0,0,0,0,0,0,0,0,0,0,0,0,0,0,0,0,0,0,0,0,0,0,0,0,0,0,0,0,0,0,0,0,0,0,0,0,0,0,0,0,0,0,0,0,0,0,0,0,0,0,0,0,0,0,0,0,0,0,0,0",
		"0,0,0,0,0,0,0,0,0,0,0,0,0,0,0,0,0,0,0,0,0,0,0,0,0,0,0,0,0,0,0,0,0,0,0,0,0,0,0,0,0,0,0,0,0,0,0,0,0,0,0,0,0,0,0,0,0,0,0,0,0,0,0,0",
		"0,0,0,0,0,0,0,0,0,0,0,0,0,0,0,0,0,0,0,0,0,0,0,0,0,0,0,0,0,0,0,0,0,0,0,0,0,0,0,0,0,0,0,0,0,0,0,0,0,0,0,0,0,0,0,0,0,0,0,0,0,0,0,0"],
		"StaticItems": [{
			"MapObject": "table_wood_round_terminal",
			"Positions": [[12, 1],
			[5, 1],
			[8, 10],
			[1, 10],
			[24, 1],
			[20, 10],
			[5, 26],
			[6, 26],
			[12, 26],
			[20, 16],
			[19, 16],
			[27, 10],
			[24, 26],
			[22, 26],
			[28, 16],
			[31, 28],
			[61, 26],
			[62, 26],
			[60, 26],
			[56, 26],
			[55, 26],
			[54, 26],
			[57, 35],
			[32, 38],
			[33, 38],
			[25, 38],
			[18, 38]]
		},
		{
			"MapObject": "table_steel",
			"Positions": [[6, 1],
			[13, 1],
			[2, 10],
			[9, 10],
			[23, 1],
			[19, 10],
			[21, 10],
			[13, 26],
			[26, 10],
			[23, 26],
			[26, 16],
			[27, 16],
			[21, 16],
			[29, 1],
			[28, 1],
			[55, 9],
			[55, 8],
			[17, 38],
			[26, 38],
			[24, 38]]
		},
		{
			"MapObject": "chair",
			"Positions": [[5, 2],
			[12, 2],
			[1, 11],
			[8, 11],
			[6, 27],
			[12, 27],
			[21, 11],
			[22, 1],
			[7, 22],
			[5, 22],
			[31, 29],
			[22, 27],
			[24, 27],
			[28, 17],
			[20, 17],
			[27, 11],
			[31, 1],
			[31, 2],
			[31, 3],
			[54, 9],
			[61, 28],
			[54, 28],
			[56, 28],
			[18, 39],
			[25, 39],
			[31, 39],
			[19, 39]]
		},
		{
			"MapObject": "bookshelf",
			"Positions": [[5, 6],
			[10, 10],
			[9, 1],
			[8, 1],
			[1, 1],
			[13, 6],
			[12, 6],
			[6, 9],
			[24, 12],
			[23, 12],
			[19, 1],
			[20, 1],
			[21, 1],
			[23, 6],
			[1, 25],
			[10, 25],
			[11, 26],
			[28, 10],
			[30, 26],
			[30, 16],
			[31, 26],
			[19, 38],
			[31, 38]]
		},
		{
			"MapObject": "crate2",
			"Positions": [[6, 6],
			[27, 1],
			[26, 2],
			[26, 1],
			[30, 1],
			[29, 2],
			[57, 34],
			[56, 35],
			[56, 39],
			[57, 37],
			[52, 40],
			[15, 41]]
		},
		{
			"MapObject": "table",
			"Positions": [[6, 22]]
		},
		{
			"MapObject": "plant",
			"Positions": [[11, 22],
			[55, 5],
			[61, 5]]
		},
		{
			"MapObject": "cabinet_server",
			"Positions": [[39, 3],
			[39, 7],
			[39, 11],
			[39, 15],
			[39, 19],
			[39, 23],
			[39, 27],
			[42, 3],
			[42, 7],
			[42, 11],
			[42, 15],
			[42, 19],
			[42, 27],
			[40, 3],
			[41, 3],
			[40, 7],
			[41, 7],
			[40, 11],
			[41, 11],
			[40, 15],
			[41, 15],
			[40, 19],
			[41, 19],
			[40, 23],
			[41, 23],
			[42, 23],
			[40, 27],
			[41, 27],
			[50, 3],
			[49, 3],
			[48, 3],
			[47, 3],
			[47, 7],
			[48, 7],
			[49, 7],
			[50, 7],
			[47, 11],
			[48, 11],
			[49, 11],
			[50, 11],
			[47, 15],
			[48, 15],
			[49, 15],
			[50, 15],
			[47, 19],
			[48, 19],
			[49, 19],
			[50, 19],
			[47, 23],
			[48, 23],
			[49, 23],
			[50, 23],
			[47, 27],
			[48, 27],
			[49, 27],
			[50, 27]]
		},
		{
			"MapObject": "blood1",
			"Positions": [[57, 11]]
		},
		{
			"MapObject": "bone_blood",
			"Positions": [[33, 5]]
		},
		{
			"MapObject": "bulletmarks",
			"Positions": [[36, 22]]
		},
		{
			"MapObject": "blood0",
			"Positions": [[34, 19]]
		},
		{
			"MapObject": "blood2",
			"Positions": [[33, 25]]
		},
		{
			"MapObject": "crate",
			"Positions": [[52, 34],
			[54, 35],
			[55, 34],
			[54, 34],
			[56, 40],
			[55, 41]]
		},
		{
			"MapObject": "box3_gray",
			"Positions": [[53, 34],
			[61, 19]]
		},
		{
			"MapObject": "box3_green",
			"Positions": [[57, 38],
			[52, 35]]
		},
		{
			"MapObject": "safe_wreck",
			"Positions": [[13, 18],
			[13, 16],
			[12, 16],
			[11, 16],
			[10, 16],
			[13, 19],
			[13, 20],
			[14, 17]]
		},
		{
			"MapObject": "table_wreck",
			"Positions": [[13, 17]]
		}],
		"StaticCharacters": [{
			"Index": 15,
			"Positions": [[16, 3],
			[34, 3],
			[16, 28],
			[34, 28],
			[61, 11],
			[12, 35]]
		}],
		"StaticObjectives": [{
			"Index": 0,
			"Positions": [[2, 11],
			[24, 2],
			[30, 28],
			[41, 16],
			[5, 27],
			[60, 27],
			[55, 35],
			[17, 39],
			[14, 40]],
			"Indices": [0,
			0,
			0,
			0,
			0,
			0,
			0,
			0,
			0]
		},
		{
			"Index": 1,
			"Positions": [[24, 11]],
			"Indices": [0]
		},
		{
			"Index": 2,
			"Positions": [[32, 39]],
			"Indices": [0]
		}],
		"StaticKeys": [],
		"StaticPickups": [],
		"Start": [3, 2],
		"Exits": [{
			"Rect": [43,
			31,
			3,
			2],
			"Mission": 1,
			"Hidden": false
		}]
	},
	{
		"Title": "Strange noises",
		"Description": "The software doesn't disable the robots. Instead they disappear, as well as your coworkers. You hear a strange noise from the basement...",
		"Type": "Static",
		"Width": 40,
		"Height": 40,
		"ExitStyle": "hazard",
		"KeyStyle": "office",
		"Objectives": [{
			"Description": "Explore the basement",
			"Type": "Explore",
			"Index": 0,
			"Count": 100,
			"Required": 100,
			"Flags": 0
		},
		{
			"Description": "Defend yourself",
			"Type": "Kill",
			"Index": 0,
			"Count": 9,
			"Required": 0,
			"Flags": 1
		},
		{
			"Description": "What a weird device.",
			"Type": "Collect",
			"Pickup": "radio2",
			"Count": 1,
			"Required": 0,
			"Flags": 1
		}],
		"Enemies": [],
		"SpecialChars": [16,
		17,
		18],
		"MapObjectDensities": [],
		"EnemyDensity": 0,
		"Weapons": ["Pistol"],
		"Song": "devhell2.ogg",
		"TileClasses": {
			"1": {
				"Name": "wall",
				"Type": "Wall",
				"Style": "carbon",
				"Mask": "848484ff",
				"MaskAlt": "840000ff",
				"CanWalk": false,
				"IsOpaque": true,
				"Shootable": true,
				"IsRoom": false
			},
			"4": {
				"Name": "",
				"Type": "",
				"Style": "",
				"Mask": "ffffffff",
				"MaskAlt": "ffffffff",
				"CanWalk": false,
				"IsOpaque": false,
				"Shootable": false,
				"IsRoom": false
			},
			"3": {
				"Name": "tile",
				"Type": "Floor",
				"Style": "dirt",
				"Mask": "804000ff",
				"MaskAlt": "840000ff",
				"CanWalk": true,
				"IsOpaque": false,
				"Shootable": false,
				"IsRoom": true
			},
			"5": {
				"Name": "tile",
				"Type": "Floor",
				"Style": "recessed",
				"Mask": "484848ff",
				"MaskAlt": "840000ff",
				"CanWalk": true,
				"IsOpaque": false,
				"Shootable": false,
				"IsRoom": false
			},
			"0": {
				"Name": "tile",
				"Type": "Floor",
				"Style": "recessed",
				"Mask": "484848ff",
				"MaskAlt": "840000ff",
				"CanWalk": true,
				"IsOpaque": false,
				"Shootable": false,
				"IsRoom": false
			}
		},
		"Tiles": ["1,1,1,1,1,1,1,1,1,1,1,1,1,1,1,1,1,1,1,1,1,1,1,1,1,1,1,1,1,1,1,1,1,1,1,1,1,1,1,1",
		"1,0,0,0,0,0,0,0,0,0,0,0,0,0,0,0,0,0,1,0,0,0,1,0,0,0,0,0,0,0,0,0,0,0,0,0,0,0,0,1",
		"1,0,0,0,0,0,0,0,0,0,0,0,0,0,0,0,0,0,1,0,1,0,1,0,1,0,0,0,0,0,0,0,0,0,0,0,0,0,0,1",
		"1,0,0,0,0,0,0,0,0,0,0,0,0,0,0,0,0,0,1,0,1,0,1,0,1,0,0,0,0,0,0,0,0,0,0,0,0,0,0,1",
		"1,1,1,1,1,1,1,1,1,1,1,1,1,1,1,1,1,0,1,0,1,0,1,0,1,0,0,0,0,0,0,0,0,0,0,0,0,0,0,1",
		"1,0,0,0,0,0,0,0,0,0,0,0,0,0,0,0,0,0,1,0,1,0,1,0,1,0,0,0,0,0,0,0,0,0,0,0,0,0,0,1",
		"1,0,0,0,0,0,0,0,0,0,0,0,0,0,0,0,0,0,1,0,1,0,1,0,1,0,0,0,0,0,0,0,0,0,0,0,0,0,0,1",
		"1,0,0,0,0,0,0,0,0,0,0,0,0,0,0,0,0,0,0,0,1,0,1,0,1,0,0,0,0,0,0,0,0,0,0,0,0,0,0,1",
		"1,0,0,0,0,0,0,0,0,0,0,0,0,0,0,0,0,0,0,0,1,0,1,0,1,0,0,0,0,0,0,0,0,0,0,0,0,0,0,1",
		"1,0,0,0,0,0,0,0,0,3,3,0,0,0,0,0,0,0,0,0,1,0,1,0,1,0,0,0,0,0,0,0,0,0,0,0,0,0,0,1",
		"1,0,0,0,0,0,0,0,3,3,3,3,0,0,0,0,0,0,0,0,1,0,1,0,1,0,0,0,0,0,0,0,0,0,0,0,0,0,0,1",
		"1,0,0,0,0,0,0,3,3,3,3,3,3,0,0,0,0,0,0,0,1,0,1,0,1,0,0,0,0,0,0,0,0,0,0,0,0,0,0,1",
		"1,0,0,0,0,0,3,3,1,3,3,3,3,3,0,0,0,0,1,0,1,0,1,0,1,0,0,0,0,0,0,0,0,0,0,0,0,0,0,1",
		"1,0,0,1,0,3,3,3,3,1,3,3,3,3,3,0,0,0,1,0,1,0,1,0,1,0,0,0,0,0,0,0,0,0,0,0,0,0,0,1",
		"1,0,0,0,0,3,3,3,3,3,3,3,3,3,1,0,0,0,1,0,1,0,0,0,1,1,1,1,1,1,1,1,1,1,1,1,1,1,0,1",
		"1,0,0,0,0,3,3,3,3,3,3,3,3,3,1,5,5,5,1,5,1,5,0,5,0,0,0,0,0,0,0,0,0,0,0,0,0,0,0,1",
		"1,1,1,1,1,3,3,3,3,3,3,3,3,3,3,1,1,1,1,5,1,5,0,0,0,1,1,1,1,1,1,1,1,1,1,1,1,1,1,1",
		"1,0,0,0,0,0,3,3,3,3,3,3,3,3,5,1,1,5,1,5,1,5,5,5,0,0,0,0,0,0,0,0,0,0,0,0,0,0,0,1",
		"1,0,0,0,0,0,3,3,3,3,3,1,3,3,5,5,1,5,1,5,1,5,5,5,0,0,0,0,0,0,0,0,0,0,0,0,0,0,0,1",
		"1,0,0,0,0,0,0,3,3,3,3,3,3,5,5,5,5,5,1,5,1,1,1,1,1,1,1,1,1,1,1,1,1,1,1,1,1,1,0,1",
		"1,0,0,0,0,0,0,0,3,3,3,3,5,5,5,5,5,5,1,5,5,5,5,5,0,0,0,0,0,0,0,0,0,0,0,0,0,0,0,1",
		"1,0,0,0,0,0,0,0,5,3,3,5,5,5,5,5,5,5,1,5,5,5,5,5,0,0,0,0,0,0,0,0,0,0,0,0,0,0,0,1",
		"1,0,0,0,0,0,0,0,5,5,5,5,5,5,5,5,5,5,1,1,1,1,1,1,1,1,1,1,1,1,1,1,1,1,0,0,0,1,1,1",
		"1,0,0,0,0,0,0,0,5,5,5,5,5,5,5,5,5,5,1,5,5,5,5,5,0,0,0,0,1,0,0,0,0,0,0,0,0,0,0,1",
		"1,0,0,0,0,0,0,0,5,5,5,5,5,5,5,5,5,5,1,5,5,5,5,5,0,0,0,0,1,0,0,0,0,0,0,0,0,0,0,1",
		"1,0,0,0,0,0,0,0,0,0,0,0,0,0,0,0,0,0,1,0,0,0,0,0,0,0,0,0,1,0,0,0,0,0,0,0,0,0,0,1",
		"1,1,1,1,1,0,0,0,1,1,1,1,1,1,1,1,1,1,1,0,0,0,0,0,0,0,0,0,1,0,0,0,0,0,0,0,0,0,0,1",
		"1,0,0,0,0,0,0,0,0,0,0,0,1,0,0,0,0,0,1,0,0,0,0,0,0,0,0,0,1,0,0,0,0,0,0,0,0,0,0,1",
		"1,0,0,0,0,0,0,0,0,0,0,0,1,0,1,1,1,0,1,0,0,0,0,0,0,0,0,0,1,0,0,0,0,0,0,0,0,0,0,1",
		"1,0,0,0,0,0,0,0,0,0,0,0,0,0,1,0,0,0,1,0,0,0,0,0,0,0,0,0,0,0,0,0,0,0,0,0,0,0,0,1",
		"1,0,0,0,0,0,0,0,0,0,0,0,0,0,1,1,1,0,1,0,0,0,0,0,0,0,0,0,0,0,0,0,0,0,0,0,0,0,0,1",
		"1,0,0,0,0,0,0,0,0,0,0,0,0,0,0,0,0,0,1,0,0,0,0,0,0,0,0,0,0,0,0,0,0,0,0,0,0,0,0,1",
		"1,0,0,0,0,0,0,0,0,0,0,0,1,0,1,1,1,1,1,1,1,0,0,0,0,0,0,0,1,0,0,0,0,0,0,0,0,0,0,1",
		"1,0,0,0,0,0,0,0,0,0,0,0,1,0,1,4,4,4,4,4,1,0,0,0,0,0,0,0,1,0,0,0,0,0,0,0,0,0,0,1",
		"1,0,0,0,0,0,0,0,0,0,0,0,1,0,1,4,4,4,4,4,1,0,0,0,0,0,0,0,1,0,0,0,0,0,0,0,0,0,0,1",
		"1,0,0,0,0,0,0,0,0,0,0,0,1,0,1,4,4,4,4,4,1,0,0,0,0,0,0,0,1,0,0,0,0,0,0,0,0,0,0,1",
		"1,0,0,0,0,0,0,0,0,0,0,0,1,0,1,4,4,4,4,4,1,0,0,0,0,0,0,0,1,0,0,0,0,0,0,0,0,0,0,1",
		"1,0,0,0,0,0,0,0,0,0,0,0,1,0,1,4,4,4,4,4,1,0,0,0,0,0,0,0,1,0,0,0,0,0,0,0,0,0,0,1",
		"1,0,0,0,0,0,0,0,0,0,0,0,1,0,1,4,4,4,4,4,1,0,0,0,0,0,0,0,1,0,0,0,0,0,0,0,0,0,0,1",
		"1,1,1,1,1,1,1,1,1,1,1,1,1,1,1,4,4,4,4,4,1,1,1,1,1,1,1,1,1,1,1,1,1,1,1,1,1,1,1,1"],
		"Access": ["0,0,0,0,0,0,0,0,0,0,0,0,0,0,0,0,0,0,0,0,0,0,0,0,0,0,0,0,0,0,0,0,0,0,0,0,0,0,0,0",
		"0,0,0,0,0,0,0,0,0,0,0,0,0,0,0,0,0,0,0,0,0,0,0,0,0,0,0,0,0,0,0,0,0,0,0,0,0,0,0,0",
		"0,0,0,0,0,0,0,0,0,0,0,0,0,0,0,0,0,0,0,0,0,0,0,0,0,0,0,0,0,0,0,0,0,0,0,0,0,0,0,0",
		"0,0,0,0,0,0,0,0,0,0,0,0,0,0,0,0,0,0,0,0,0,0,0,0,0,0,0,0,0,0,0,0,0,0,0,0,0,0,0,0",
		"0,0,0,0,0,0,0,0,0,0,0,0,0,0,0,0,0,0,0,0,0,0,0,0,0,0,0,0,0,0,0,0,0,0,0,0,0,0,0,0",
		"0,0,0,0,0,0,0,0,0,0,0,0,0,0,0,0,0,0,0,0,0,0,0,0,0,0,0,0,0,0,0,0,0,0,0,0,0,0,0,0",
		"0,0,0,0,0,0,0,0,0,0,0,0,0,0,0,0,0,0,0,0,0,0,0,0,0,0,0,0,0,0,0,0,0,0,0,0,0,0,0,0",
		"0,0,0,0,0,0,0,0,0,0,0,0,0,0,0,0,0,0,0,0,0,0,0,0,0,0,0,0,0,0,0,0,0,0,0,0,0,0,0,0",
		"0,0,0,0,0,0,0,0,0,0,0,0,0,0,0,0,0,0,0,0,0,0,0,0,0,0,0,0,0,0,0,0,0,0,0,0,0,0,0,0",
		"0,0,0,0,0,0,0,0,0,0,0,0,0,0,0,0,0,0,0,0,0,0,0,0,0,0,0,0,0,0,0,0,0,0,0,0,0,0,0,0",
		"0,0,0,0,0,0,0,0,0,0,0,0,0,0,0,0,0,0,0,0,0,0,0,0,0,0,0,0,0,0,0,0,0,0,0,0,0,0,0,0",
		"0,0,0,0,0,0,0,0,0,0,0,0,0,0,0,0,0,0,0,0,0,0,0,0,0,0,0,0,0,0,0,0,0,0,0,0,0,0,0,0",
		"0,0,0,0,0,0,0,0,0,0,0,0,0,0,0,0,0,0,0,0,0,0,0,0,0,0,0,0,0,0,0,0,0,0,0,0,0,0,0,0",
		"0,0,0,0,0,0,0,0,0,0,0,0,0,0,0,0,0,0,0,0,0,0,0,0,0,0,0,0,0,0,0,0,0,0,0,0,0,0,0,0",
		"0,0,0,0,0,0,0,0,0,0,0,0,0,0,0,0,0,0,0,0,0,0,0,0,0,0,0,0,0,0,0,0,0,0,0,0,0,0,0,0",
		"0,0,0,0,0,0,0,0,0,0,0,0,0,0,0,0,0,0,0,0,0,0,0,0,0,0,0,0,0,0,0,0,0,0,0,0,0,0,0,0",
		"0,0,0,0,0,0,0,0,0,0,0,0,0,0,0,0,0,0,0,0,0,0,0,0,0,0,0,0,0,0,0,0,0,0,0,0,0,0,0,0",
		"0,0,0,0,0,0,0,0,0,0,0,0,0,0,0,0,0,0,0,0,0,0,0,0,0,0,0,0,0,0,0,0,0,0,0,0,0,0,0,0",
		"0,0,0,0,0,0,0,0,0,0,0,0,0,0,0,0,0,0,0,0,0,0,0,0,0,0,0,0,0,0,0,0,0,0,0,0,0,0,0,0",
		"0,0,0,0,0,0,0,0,0,0,0,0,0,0,0,0,0,0,0,0,0,0,0,0,0,0,0,0,0,0,0,0,0,0,0,0,0,0,0,0",
		"0,0,0,0,0,0,0,0,0,0,0,0,0,0,0,0,0,0,0,0,0,0,0,0,0,0,0,0,0,0,0,0,0,0,0,0,0,0,0,0",
		"0,0,0,0,0,0,0,0,0,0,0,0,0,0,0,0,0,0,0,0,0,0,0,0,0,0,0,0,0,0,0,0,0,0,0,0,0,0,0,0",
		"0,0,0,0,0,0,0,0,0,0,0,0,0,0,0,0,0,0,0,0,0,0,0,0,0,0,0,0,0,0,0,0,0,0,0,0,0,0,0,0",
		"0,0,0,0,0,0,0,0,0,0,0,0,0,0,0,0,0,0,0,0,0,0,0,0,0,0,0,0,0,0,0,0,0,0,0,0,0,0,0,0",
		"0,0,0,0,0,0,0,0,0,0,0,0,0,0,0,0,0,0,0,0,0,0,0,0,0,0,0,0,0,0,0,0,0,0,0,0,0,0,0,0",
		"0,0,0,0,0,0,0,0,0,0,0,0,0,0,0,0,0,0,0,0,0,0,0,0,0,0,0,0,0,0,0,0,0,0,0,0,0,0,0,0",
		"0,0,0,0,0,0,0,0,0,0,0,0,0,0,0,0,0,0,0,0,0,0,0,0,0,0,0,0,0,0,0,0,0,0,0,0,0,0,0,0",
		"0,0,0,0,0,0,0,0,0,0,0,0,0,0,0,0,0,0,0,0,0,0,0,0,0,0,0,0,0,0,0,0,0,0,0,0,0,0,0,0",
		"0,0,0,0,0,0,0,0,0,0,0,0,0,0,0,0,0,0,0,0,0,0,0,0,0,0,0,0,0,0,0,0,0,0,0,0,0,0,0,0",
		"0,0,0,0,0,0,0,0,0,0,0,0,0,0,0,0,0,0,0,0,0,0,0,0,0,0,0,0,0,0,0,0,0,0,0,0,0,0,0,0",
		"0,0,0,0,0,0,0,0,0,0,0,0,0,0,0,0,0,0,0,0,0,0,0,0,0,0,0,0,0,0,0,0,0,0,0,0,0,0,0,0",
		"0,0,0,0,0,0,0,0,0,0,0,0,0,0,0,0,0,0,0,0,0,0,0,0,0,0,0,0,0,0,0,0,0,0,0,0,0,0,0,0",
		"0,0,0,0,0,0,0,0,0,0,0,0,0,0,0,0,0,0,0,0,0,0,0,0,0,0,0,0,0,0,0,0,0,0,0,0,0,0,0,0",
		"0,0,0,0,0,0,0,0,0,0,0,0,0,0,0,0,0,0,0,0,0,0,0,0,0,0,0,0,0,0,0,0,0,0,0,0,0,0,0,0",
		"0,0,0,0,0,0,0,0,0,0,0,0,0,0,0,0,0,0,0,0,0,0,0,0,0,0,0,0,0,0,0,0,0,0,0,0,0,0,0,0",
		"0,0,0,0,0,0,0,0,0,0,0,0,0,0,0,0,0,0,0,0,0,0,0,0,0,0,0,0,0,0,0,0,0,0,0,0,0,0,0,0",
		"0,0,0,0,0,0,0,0,0,0,0,0,0,0,0,0,0,0,0,0,0,0,0,0,0,0,0,0,0,0,0,0,0,0,0,0,0,0,0,0",
		"0,0,0,0,0,0,0,0,0,0,0,0,0,0,0,0,0,0,0,0,0,0,0,0,0,0,0,0,0,0,0,0,0,0,0,0,0,0,0,0",
		"0,0,0,0,0,0,0,0,0,0,0,0,0,0,0,0,0,0,0,0,0,0,0,0,0,0,0,0,0,0,0,0,0,0,0,0,0,0,0,0",
		"0,0,0,0,0,0,0,0,0,0,0,0,0,0,0,0,0,0,0,0,0,0,0,0,0,0,0,0,0,0,0,0,0,0,0,0,0,0,0,0"],
		"StaticItems": [{
			"MapObject": "cabinet_server",
			"Positions": [[2, 28],
			[2, 30],
			[2, 32],
			[2, 34],
			[2, 36],
			[4, 28],
			[4, 30],
			[4, 32],
			[4, 34],
			[4, 36],
			[2, 18],
			[2, 20],
			[4, 20],
			[6, 20],
			[2, 22],
			[4, 22],
			[6, 22],
			[12, 22],
			[14, 22],
			[16, 22],
			[16, 20]]
		},
		{
			"MapObject": "table_wood_round_terminal",
			"Positions": [[10, 27],
			[35, 1],
			[34, 1],
			[33, 1],
			[32, 1],
			[31, 1]]
		},
		{
			"MapObject": "chair",
			"Positions": [[10, 29],
			[33, 2]]
		},
		{
			"MapObject": "box3_gray",
			"Positions": [[16, 2],
			[12, 2],
			[10, 2],
			[9, 2],
			[9, 1],
			[10, 1],
			[12, 1],
			[13, 1],
			[13, 2],
			[15, 2],
			[15, 1],
			[16, 1],
			[7, 1],
			[7, 2],
			[6, 2],
			[6, 1],
			[4, 1],
			[4, 2],
			[3, 2],
			[3, 1]]
		},
		{
			"MapObject": "barrel_blue",
			"Positions": [[22, 23],
			[23, 23],
			[24, 24],
			[26, 23],
			[21, 33],
			[22, 33],
			[22, 34],
			[23, 34]]
		},
		{
			"MapObject": "barrel_skull",
			"Positions": [[24, 33]]
		},
		{
			"MapObject": "crate2",
			"Positions": [[20, 23],
			[20, 24],
			[25, 24],
			[25, 23],
			[27, 38],
			[26, 38],
			[25, 38],
			[24, 38],
			[23, 38],
			[24, 37],
			[25, 37],
			[26, 37],
			[27, 37]]
		},
		{
			"MapObject": "barrel",
			"Positions": [[21, 24],
			[21, 23]]
		},
		{
			"MapObject": "crate",
			"Positions": [[19, 27],
			[19, 28]]
		},
		{
			"MapObject": "safe2",
			"Positions": [[30, 27],
			[31, 24],
			[32, 24],
			[35, 24],
			[37, 24],
			[35, 27],
			[36, 27],
			[37, 27],
			[30, 30],
			[32, 30],
			[35, 30],
			[31, 33],
			[32, 33],
			[36, 33],
			[36, 1],
			[37, 1]]
		},
		{
			"MapObject": "blood0",
			"Positions": [[27, 9]]
		},
		{
			"MapObject": "skull",
			"Positions": [[28, 9]]
		},
		{
			"MapObject": "cabinet_server_wreck",
			"Positions": [[4, 18],
			[6, 18],
			[6, 16],
			[7, 17],
			[10, 20],
			[9, 22],
			[8, 20],
			[8, 19],
			[14, 21],
			[14, 20],
			[12, 20],
			[13, 19],
			[14, 19]]
		},
		{
			"MapObject": "safe_wreck",
			"Positions": [[5, 16],
			[10, 17],
			[13, 15],
			[12, 16],
			[10, 13],
			[8, 14],
			[7, 19]]
		},
		{
			"MapObject": "safe2_wreck",
			"Positions": [[30, 24],
			[31, 27],
			[32, 27],
			[36, 24],
			[36, 30],
			[37, 30],
			[31, 30],
			[30, 33],
			[37, 34],
			[35, 33],
			[30, 36],
			[31, 36],
			[32, 36],
			[35, 36],
			[36, 36],
			[37, 35]]
		},
		{
			"MapObject": "table_wood_wreck",
			"Positions": [[23, 25]]
		},
		{
			"MapObject": "crate2_wreck",
			"Positions": [[21, 27],
			[22, 28],
			[23, 35],
			[25, 34],
			[26, 34]]
		},
		{
			"MapObject": "table_wreck",
			"Positions": [[15, 7]]
		}],
		"StaticCharacters": [],
		"StaticObjectives": [{
			"Index": 2,
			"Positions": [[32, 2]],
			"Indices": [0]
		}],
		"StaticKeys": [],
		"StaticPickups": [],
		"Start": [15, 29],
		"Exits": [{
			"Rect": [5,
			12,
			9,
			8],
			"Mission": 2,
			"Hidden": false
		}]
	},
	{
		"Title": "Enter the portal",
		"Description": "As it seems, you have opened a portal from hell in the server room. Since you're not willing to leave it open, you grab some guns and jump into it...",
		"Type": "Classic",
		"Width": 48,
		"Height": 48,
		"ExitStyle": "hazard",
		"KeyStyle": "office",
		"Objectives": [{
			"Description": "Defend yourself!",
			"Type": "Kill",
			"Index": 0,
			"Count": 20,
			"Required": 20,
			"Flags": 0
		}],
		"Enemies": [],
		"SpecialChars": [16,
		17,
		18],
		"MapObjectDensities": [{
			"MapObject": "wall_skull",
			"Density": 15
		},
		{
			"MapObject": "bone_blood",
			"Density": 20
		},
		{
			"MapObject": "skull",
			"Density": 20
		}],
		"EnemyDensity": 0,
		"Weapons": ["Shotgun",
		"Pistol",
		"Machine gun"],
		"Song": "",
		"TileClasses": {
			"Wall": {
				"Name": "wall",
				"Type": "Wall",
				"Style": "stone",
				"Mask": "484848ff",
				"MaskAlt": "840000ff",
				"CanWalk": false,
				"IsOpaque": true,
				"Shootable": true,
				"IsRoom": false
			},
			"Floor": {
				"Name": "tile",
				"Type": "Floor",
				"Style": "dirt",
				"Mask": "840000ff",
				"MaskAlt": "840000ff",
				"CanWalk": true,
				"IsOpaque": false,
				"Shootable": false,
				"IsRoom": false
			},
			"Room": {
				"Name": "tile",
				"Type": "Floor",
				"Style": "stone",
				"Mask": "480000ff",
				"MaskAlt": "840000ff",
				"CanWalk": true,
				"IsOpaque": false,
				"Shootable": false,
				"IsRoom": true
			},
			"Door": {
				"Name": "door",
				"Type": "Door",
				"Style": "blast",
				"Mask": "ffffffff",
				"MaskAlt": "ffffffff",
				"CanWalk": false,
				"IsOpaque": true,
				"Shootable": true,
				"IsRoom": true
			}
		},
		"Walls": 6,
		"WallLength": 40,
		"CorridorWidth": 1,
		"Rooms": {
			"Count": 7,
			"Min": 6,
			"Max": 10,
			"Edge": false,
			"Overlap": false,
			"Walls": 0,
			"WallLength": 0,
			"WallPad": 0
		},
		"Squares": 0,
		"ExitEnabled": false,
		"Doors": {
			"Enabled": true,
			"Min": 1,
			"Max": 1
		},
		"Pillars": {
			"Count": 0,
			"Min": 0,
			"Max": 0
		}
	},
	{
		"Title": "The dimension linker",
		"Description": "Turns out that those demons were planning an invasion, using the so called dimension linker. Better steal the linker from them.",
		"Type": "Classic",
		"Width": 48,
		"Height": 48,
		"ExitStyle": "hazard",
		"KeyStyle": "plain",
		"Objectives": [{
			"Description": "Get the dimension linker!",
			"Type": "Collect",
			"Pickup": "radio2",
			"Count": 1,
			"Required": 1,
			"Flags": 4
		}],
		"Enemies": [16,
		17,
		18,
		19,
		20],
		"SpecialChars": [],
		"MapObjectDensities": [{
			"MapObject": "bone_blood",
			"Density": 10
		},
		{
			"MapObject": "skull",
			"Density": 10
		},
		{
			"MapObject": "blood0",
			"Density": 10
		}],
		"EnemyDensity": 20,
		"Weapons": ["Shotgun",
		"Machine gun",
		"Pistol"],
		"Song": "",
		"TileClasses": {
			"Wall": {
				"Name": "wall",
				"Type": "Wall",
				"Style": "granite",
				"Mask": "480000ff",
				"MaskAlt": "840000ff",
				"CanWalk": false,
				"IsOpaque": true,
				"Shootable": true,
				"IsRoom": false
			},
			"Floor": {
				"Name": "tile",
				"Type": "Floor",
				"Style": "flat",
				"Mask": "840000ff",
				"MaskAlt": "840000ff",
				"CanWalk": true,
				"IsOpaque": false,
				"Shootable": false,
				"IsRoom": false
			},
			"Room": {
				"Name": "tile",
				"Type": "Floor",
				"Style": "flat",
				"Mask": "840000ff",
				"MaskAlt": "840000ff",
				"CanWalk": true,
				"IsOpaque": false,
				"Shootable": false,
				"IsRoom": true
			},
			"Door": {
				"Name": "door",
				"Type": "Door",
				"Style": "office",
				"Mask": "ffffffff",
				"MaskAlt": "ffffffff",
				"CanWalk": false,
				"IsOpaque": true,
				"Shootable": true,
				"IsRoom": true
			}
		},
		"Walls": 37,
		"WallLength": 21,
		"CorridorWidth": 1,
		"Rooms": {
			"Count": 2,
			"Min": 6,
			"Max": 10,
			"Edge": false,
			"Overlap": false,
			"Walls": 0,
			"WallLength": 0,
			"WallPad": 0
		},
		"Squares": 0,
		"ExitEnabled": true,
		"Doors": {
			"Enabled": true,
			"Min": 1,
			"Max": 2
		},
		"Pillars": {
			"Count": 2,
			"Min": 0,
			"Max": 2
		}
	},
	{
		"Title": "There is always that one guy.",
		"Description": "Out of the sudden, some kind of demon overlord grabs the device. Get it back!",
		"Type": "Static",
		"Width": 24,
		"Height": 24,
		"ExitStyle": "plate",
		"KeyStyle": "office",
		"Objectives": [{
			"Description": "Get the device from its cold, dead hands.",
			"Type": "Kill",
			"Index": 0,
			"Count": 1,
			"Required": 1,
			"Flags": 0
		}],
		"Enemies": [],
		"SpecialChars": [21],
		"MapObjectDensities": [{
			"MapObject": "bone_blood",
			"Density": 10
		},
		{
			"MapObject": "skull",
			"Density": 25
		}],
		"EnemyDensity": 0,
		"Weapons": ["Shotgun",
		"Pistol",
		"Machine gun"],
		"Song": "devhell1.xm",
		"TileClasses": {
			"1": {
				"Name": "wall",
				"Type": "Wall",
				"Style": "granite",
				"Mask": "3c3c3cff",
				"MaskAlt": "840000ff",
				"CanWalk": false,
				"IsOpaque": true,
				"Shootable": true,
				"IsRoom": false
			},
			"3": {
				"Name": "tile",
				"Type": "Floor",
				"Style": "wood",
				"Mask": "848484ff",
				"MaskAlt": "840000ff",
				"CanWalk": true,
				"IsOpaque": false,
				"Shootable": false,
				"IsRoom": true
			},
			"0": {
				"Name": "tile",
				"Type": "Floor",
				"Style": "dirt",
				"Mask": "840000ff",
				"MaskAlt": "840000ff",
				"CanWalk": true,
				"IsOpaque": false,
				"Shootable": false,
				"IsRoom": false
			}
		},
		"Tiles": ["1,1,1,1,1,1,1,1,1,1,1,1,1,1,1,1,1,1,1,1,1,1,1,1",
		"1,3,3,3,3,1,0,0,0,0,0,0,0,0,0,0,0,0,1,0,0,0,0,1",
		"1,3,3,3,3,3,3,0,3,0,0,3,0,3,3,0,0,0,0,3,3,0,0,1",
		"1,3,3,3,3,3,3,3,0,0,0,0,0,3,0,0,0,0,0,0,0,3,0,1",
		"1,3,3,3,3,1,0,0,0,0,0,0,0,0,0,0,0,0,0,0,0,0,0,1",
		"1,1,1,1,1,1,0,0,0,0,3,0,0,0,0,0,0,0,0,1,0,1,1,1",
		"1,0,0,0,0,0,0,1,0,0,0,3,3,0,0,0,0,0,0,0,0,0,0,1",
		"1,0,0,0,0,0,0,0,0,0,0,3,3,0,0,0,0,0,0,0,0,0,0,1",
		"1,0,0,0,0,0,0,0,0,0,0,3,0,3,0,0,0,0,0,0,0,0,0,1",
		"1,0,0,0,0,0,0,0,0,0,0,3,3,3,0,0,0,1,0,0,0,1,0,1",
		"1,0,0,0,0,0,0,0,0,0,0,3,3,3,0,0,0,0,0,0,0,0,0,1",
		"1,0,0,0,0,0,0,0,0,0,3,1,1,3,0,0,0,0,0,0,0,0,0,1",
		"1,0,0,0,0,0,0,0,0,0,3,1,1,3,0,0,0,0,0,0,0,0,0,1",
		"1,0,0,0,0,1,0,0,0,0,3,3,3,3,0,0,0,0,0,0,0,1,0,1",
		"1,0,0,1,0,0,0,0,0,0,0,0,3,3,0,0,0,0,0,0,0,0,0,1",
		"1,0,0,0,0,0,0,0,0,0,0,3,3,3,0,0,0,0,0,0,0,0,0,1",
		"1,0,0,0,0,0,0,0,0,0,0,3,0,3,0,0,0,0,0,0,0,0,0,1",
		"1,0,0,0,0,0,0,0,1,1,0,3,3,0,1,1,0,0,0,0,0,0,0,1",
		"1,0,0,0,1,0,0,0,1,0,3,3,3,3,0,1,0,0,0,1,0,0,0,1",
		"1,0,0,0,0,0,0,0,1,3,0,3,3,3,3,1,0,0,0,0,0,0,0,1",
		"1,0,0,0,0,0,0,0,0,0,3,3,3,3,0,0,0,0,0,0,0,0,0,1",
		"1,0,0,0,0,0,0,0,1,3,3,0,0,3,0,1,0,0,0,0,0,0,0,1",
		"1,0,0,0,0,0,0,0,1,0,0,0,0,0,0,1,0,0,0,0,0,0,0,1",
		"1,1,1,1,1,1,1,1,1,1,1,1,1,1,1,1,1,1,1,1,1,1,1,1"],
		"Access": ["0,0,0,0,0,0,0,0,0,0,0,0,0,0,0,0,0,0,0,0,0,0,0,0",
		"0,0,0,0,0,0,0,0,0,0,0,0,0,0,0,0,0,0,0,0,0,0,0,0",
		"0,0,0,0,0,0,0,0,0,0,0,0,0,0,0,0,0,0,0,0,0,0,0,0",
		"0,0,0,0,0,0,0,0,0,0,0,0,0,0,0,0,0,0,0,0,0,0,0,0",
		"0,0,0,0,0,0,0,0,0,0,0,0,0,0,0,0,0,0,0,0,0,0,0,0",
		"0,0,0,0,0,0,0,0,0,0,0,0,0,0,0,0,0,0,0,0,0,0,0,0",
		"0,0,0,0,0,0,0,0,0,0,0,0,0,0,0,0,0,0,0,0,0,0,0,0",
		"0,0,0,0,0,0,0,0,0,0,0,0,0,0,0,0,0,0,0,0,0,0,0,0",
		"0,0,0,0,0,0,0,0,0,0,0,0,0,0,0,0,0,0,0,0,0,0,0,0",
		"0,0,0,0,0,0,0,0,0,0,0,0,0,0,0,0,0,0,0,0,0,0,0,0",
		"0,0,0,0,0,0,0,0,0,0,0,0,0,0,0,0,0,0,0,0,0,0,0,0",
		"0,0,0,0,0,0,0,0,0,0,0,0,0,0,0,0,0,0,0,0,0,0,0,0",
		"0,0,0,0,0,0,0,0,0,0,0,0,0,0,0,0,0,0,0,0,0,0,0,0",
		"0,0,0,0,0,0,0,0,0,0,0,0,0,0,0,0,0,0,0,0,0,0,0,0",
		"0,0,0,0,0,0,0,0,0,0,0,0,0,0,0,0,0,0,0,0,0,0,0,0",
		"0,0,0,0,0,0,0,0,0,0,0,0,0,0,0,0,0,0,0,0,0,0,0,0",
		"0,0,0,0,0,0,0,0,0,0,0,0,0,0,0,0,0,0,0,0,0,0,0,0",
		"0,0,0,0,0,0,0,0,0,0,0,0,0,0,0,0,0,0,0,0,0,0,0,0",
		"0,0,0,0,0,0,0,0,0,0,0,0,0,0,0,0,0,0,0,0,0,0,0,0",
		"0,0,0,0,0,0,0,0,0,0,0,0,0,0,0,0,0,0,0,0,0,0,0,0",
		"0,0,0,0,0,0,0,0,0,0,0,0,0,0,0,0,0,0,0,0,0,0,0,0",
		"0,0,0,0,0,0,0,0,0,0,0,0,0,0,0,0,0,0,0,0,0,0,0,0",
		"0,0,0,0,0,0,0,0,0,0,0,0,0,0,0,0,0,0,0,0,0,0,0,0",
		"0,0,0,0,0,0,0,0,0,0,0,0,0,0,0,0,0,0,0,0,0,0,0,0"],
		"StaticItems": [{
			"MapObject": "statue_behemoth",
			"Positions": [[9, 14],
			[14, 9],
			[9, 9],
			[14, 14],
			[2, 1],
			[3, 1]]
		},
		{
			"MapObject": "wall_skull",
			"Positions": [[4, 1],
			[1, 1]]
		}],
		"StaticCharacters": [],
		"StaticObjectives": [{
			"Index": 0,
			"Positions": [[16, 4]],
			"Indices": [0]
		}],
		"StaticKeys": [],
		"StaticPickups": [],
		"Start": [11, 19],
		"Exits": [{
			"Rect": [8,
			17,
			7,
			5],
			"Mission": 5,
			"Hidden": false
		}]
	},
	{
		"Title": "Strange noises",
		"Description": "The portal is closed, the device is smashed, everything seems fine. Suddenly, bright schemes appear, shouting \"Nothing shall leave hell alive!\"",
		"Type": "Static",
		"Width": 40,
		"Height": 40,
		"ExitStyle": "hazard",
		"KeyStyle": "office",
		"Objectives": [{
			"Description": "Convince them otherwise!",
			"Type": "Kill",
			"Index": 0,
			"Count": 7,
			"Required": 7,
			"Flags": 0
		}],
		"Enemies": [],
		"SpecialChars": [22],
		"MapObjectDensities": [],
		"EnemyDensity": 0,
		"Weapons": ["Pistol",
		"Machine gun",
		"Shotgun"],
		"Song": "devhell2.ogg",
		"TileClasses": {
			"1": {
				"Name": "wall",
				"Type": "Wall",
				"Style": "carbon",
				"Mask": "848484ff",
				"MaskAlt": "840000ff",
				"CanWalk": false,
				"IsOpaque": true,
				"Shootable": true,
				"IsRoom": false
			},
			"4": {
				"Name": "",
				"Type": "",
				"Style": "",
				"Mask": "ffffffff",
				"MaskAlt": "ffffffff",
				"CanWalk": false,
				"IsOpaque": false,
				"Shootable": false,
				"IsRoom": false
			},
			"3": {
				"Name": "tile",
				"Type": "Floor",
				"Style": "dirt",
				"Mask": "804000ff",
				"MaskAlt": "840000ff",
				"CanWalk": true,
				"IsOpaque": false,
				"Shootable": false,
				"IsRoom": true
			},
			"5": {
				"Name": "tile",
				"Type": "Floor",
				"Style": "recessed",
				"Mask": "484848ff",
				"MaskAlt": "840000ff",
				"CanWalk": true,
				"IsOpaque": false,
				"Shootable": false,
				"IsRoom": false
			},
			"0": {
				"Name": "tile",
				"Type": "Floor",
				"Style": "recessed",
				"Mask": "484848ff",
				"MaskAlt": "840000ff",
				"CanWalk": true,
				"IsOpaque": false,
				"Shootable": false,
				"IsRoom": false
			}
		},
		"Tiles": ["1,1,1,1,1,1,1,1,1,1,1,1,1,1,1,1,1,1,1,1,1,1,1,1,1,1,1,1,1,1,1,1,1,1,1,1,1,1,1,1",
		"1,0,0,0,0,0,0,0,0,0,0,0,0,0,0,0,0,0,1,0,0,0,1,0,0,0,0,0,0,0,0,0,0,0,0,0,0,0,0,1",
		"1,0,0,0,0,0,0,0,0,0,0,0,0,0,0,0,0,0,1,0,1,0,1,0,1,0,0,0,0,0,0,0,0,0,0,0,0,0,0,1",
		"1,0,0,0,0,0,0,0,0,0,0,0,0,0,0,0,0,0,1,0,1,0,1,0,1,0,0,0,0,0,0,0,0,0,0,0,0,0,0,1",
		"1,1,1,1,1,1,1,1,1,1,1,1,1,1,1,1,1,0,1,0,1,0,1,0,1,0,0,0,0,0,0,0,0,0,0,0,0,0,0,1",
		"1,0,0,0,0,0,0,0,0,0,0,0,0,0,0,0,0,0,1,0,1,0,1,0,1,0,0,0,0,0,0,0,0,0,0,0,0,0,0,1",
		"1,0,0,0,0,0,0,0,0,0,0,0,0,0,0,0,0,0,1,0,1,0,1,0,1,0,0,0,0,0,0,0,0,0,0,0,0,0,0,1",
		"1,0,0,0,0,0,0,0,0,0,0,0,0,0,0,0,0,0,0,0,1,0,1,0,1,0,0,0,0,0,0,0,0,0,0,0,0,0,0,1",
		"1,0,0,0,0,0,0,0,0,0,0,0,0,0,0,0,0,0,0,0,1,0,1,0,1,0,0,0,0,0,0,0,0,0,0,0,0,0,0,1",
		"1,0,0,0,0,0,0,0,0,3,3,0,0,0,0,0,0,0,0,0,1,0,1,0,1,0,0,0,0,0,0,0,0,0,0,0,0,0,0,1",
		"1,0,0,0,0,0,0,0,3,3,3,3,0,0,0,0,0,0,0,0,1,0,1,0,1,0,0,0,0,0,0,0,0,0,0,0,0,0,0,1",
		"1,0,0,0,0,0,0,3,3,3,3,3,3,0,0,0,0,0,0,0,1,0,1,0,1,0,0,0,0,0,0,0,0,0,0,0,0,0,0,1",
		"1,0,0,0,0,0,3,3,1,3,3,3,3,3,0,0,0,0,1,0,1,0,1,0,1,0,0,0,0,0,0,0,0,0,0,0,0,0,0,1",
		"1,0,0,1,0,3,3,3,3,1,3,3,3,3,3,0,0,0,1,0,1,0,1,0,1,0,0,0,0,0,0,0,0,0,0,0,0,0,0,1",
		"1,0,0,0,0,3,3,3,3,3,3,3,3,3,1,0,0,0,1,0,1,0,0,0,1,1,1,1,1,1,1,1,1,1,1,1,1,1,0,1",
		"1,0,0,0,0,3,3,3,3,3,3,3,3,3,1,5,5,5,1,5,1,5,0,5,0,0,0,0,0,0,0,0,0,0,0,0,0,0,0,1",
		"1,1,1,1,1,3,3,3,3,3,3,3,3,3,3,1,1,1,1,5,1,5,0,0,0,1,1,1,1,1,1,1,1,1,1,1,1,1,1,1",
		"1,0,0,0,0,0,3,3,3,3,3,3,3,3,5,1,1,5,1,5,1,5,5,5,0,0,0,0,0,0,0,0,0,0,0,0,0,0,0,1",
		"1,0,0,0,0,0,3,3,3,3,3,1,3,3,5,5,1,5,1,5,1,5,5,5,0,0,0,0,0,0,0,0,0,0,0,0,0,0,0,1",
		"1,0,0,0,0,0,0,3,3,3,3,3,3,5,5,5,5,5,1,5,1,1,1,1,1,1,1,1,1,1,1,1,1,1,1,1,1,1,0,1",
		"1,0,0,0,0,0,0,0,3,3,3,3,5,5,5,5,5,5,1,5,5,5,5,5,0,0,0,0,0,0,0,0,0,0,0,0,0,0,0,1",
		"1,0,0,0,0,0,0,0,5,3,3,5,5,5,5,5,5,5,1,5,5,5,5,5,0,0,0,0,0,0,0,0,0,0,0,0,0,0,0,1",
		"1,0,0,0,0,0,0,0,5,5,5,5,5,5,5,5,5,5,1,1,1,1,1,1,1,1,1,1,1,1,1,1,1,1,0,0,0,1,1,1",
		"1,0,0,0,0,0,0,0,5,5,5,5,5,5,5,5,5,5,1,5,5,5,5,5,0,0,0,0,1,0,0,0,0,0,0,0,0,0,0,1",
		"1,0,0,0,0,0,0,0,5,5,5,5,5,5,5,5,5,5,1,5,5,5,5,5,0,0,0,0,1,0,0,0,0,0,0,0,0,0,0,1",
		"1,0,0,0,0,0,0,0,0,0,0,0,0,0,0,0,0,0,1,0,0,0,0,0,0,0,0,0,1,0,0,0,0,0,0,0,0,0,0,1",
		"1,1,1,1,1,0,0,0,1,1,1,1,1,1,1,1,1,1,1,0,0,0,0,0,0,0,0,0,1,0,0,0,0,0,0,0,0,0,0,1",
		"1,0,0,0,0,0,0,0,0,0,0,0,1,0,0,0,0,0,1,0,0,0,0,0,0,0,0,0,1,0,0,0,0,0,0,0,0,0,0,1",
		"1,0,0,0,0,0,0,0,0,0,0,0,1,0,1,1,1,0,1,0,0,0,0,0,0,0,0,0,1,0,0,0,0,0,0,0,0,0,0,1",
		"1,0,0,0,0,0,0,0,0,0,0,0,0,0,1,0,0,0,1,0,0,0,0,0,0,0,0,0,0,0,0,0,0,0,0,0,0,0,0,1",
		"1,0,0,0,0,0,0,0,0,0,0,0,0,0,1,1,1,0,1,0,0,0,0,0,0,0,0,0,0,0,0,0,0,0,0,0,0,0,0,1",
		"1,0,0,0,0,0,0,0,0,0,0,0,0,0,0,0,0,0,1,0,0,0,0,0,0,0,0,0,0,0,0,0,0,0,0,0,0,0,0,1",
		"1,0,0,0,0,0,0,0,0,0,0,0,1,0,1,1,1,1,1,1,1,0,0,0,0,0,0,0,1,0,0,0,0,0,0,0,0,0,0,1",
		"1,0,0,0,0,0,0,0,0,0,0,0,1,0,1,4,4,4,4,4,1,0,0,0,0,0,0,0,1,0,0,0,0,0,0,0,0,0,0,1",
		"1,0,0,0,0,0,0,0,0,0,0,0,1,0,1,4,4,4,4,4,1,0,0,0,0,0,0,0,1,0,0,0,0,0,0,0,0,0,0,1",
		"1,0,0,0,0,0,0,0,0,0,0,0,1,0,1,4,4,4,4,4,1,0,0,0,0,0,0,0,1,0,0,0,0,0,0,0,0,0,0,1",
		"1,0,0,0,0,0,0,0,0,0,0,0,1,0,1,4,4,4,4,4,1,0,0,0,0,0,0,0,1,0,0,0,0,0,0,0,0,0,0,1",
		"1,0,0,0,0,0,0,0,0,0,0,0,1,0,1,4,4,4,4,4,1,0,0,0,0,0,0,0,1,0,0,0,0,0,0,0,0,0,0,1",
		"1,0,0,0,0,0,0,0,0,0,0,0,1,0,1,4,4,4,4,4,1,0,0,0,0,0,0,0,1,0,0,0,0,0,0,0,0,0,0,1",
		"1,1,1,1,1,1,1,1,1,1,1,1,1,1,1,4,4,4,4,4,1,1,1,1,1,1,1,1,1,1,1,1,1,1,1,1,1,1,1,1"],
		"Access": ["0,0,0,0,0,0,0,0,0,0,0,0,0,0,0,0,0,0,0,0,0,0,0,0,0,0,0,0,0,0,0,0,0,0,0,0,0,0,0,0",
		"0,0,0,0,0,0,0,0,0,0,0,0,0,0,0,0,0,0,0,0,0,0,0,0,0,0,0,0,0,0,0,0,0,0,0,0,0,0,0,0",
		"0,0,0,0,0,0,0,0,0,0,0,0,0,0,0,0,0,0,0,0,0,0,0,0,0,0,0,0,0,0,0,0,0,0,0,0,0,0,0,0",
		"0,0,0,0,0,0,0,0,0,0,0,0,0,0,0,0,0,0,0,0,0,0,0,0,0,0,0,0,0,0,0,0,0,0,0,0,0,0,0,0",
		"0,0,0,0,0,0,0,0,0,0,0,0,0,0,0,0,0,0,0,0,0,0,0,0,0,0,0,0,0,0,0,0,0,0,0,0,0,0,0,0",
		"0,0,0,0,0,0,0,0,0,0,0,0,0,0,0,0,0,0,0,0,0,0,0,0,0,0,0,0,0,0,0,0,0,0,0,0,0,0,0,0",
		"0,0,0,0,0,0,0,0,0,0,0,0,0,0,0,0,0,0,0,0,0,0,0,0,0,0,0,0,0,0,0,0,0,0,0,0,0,0,0,0",
		"0,0,0,0,0,0,0,0,0,0,0,0,0,0,0,0,0,0,0,0,0,0,0,0,0,0,0,0,0,0,0,0,0,0,0,0,0,0,0,0",
		"0,0,0,0,0,0,0,0,0,0,0,0,0,0,0,0,0,0,0,0,0,0,0,0,0,0,0,0,0,0,0,0,0,0,0,0,0,0,0,0",
		"0,0,0,0,0,0,0,0,0,0,0,0,0,0,0,0,0,0,0,0,0,0,0,0,0,0,0,0,0,0,0,0,0,0,0,0,0,0,0,0",
		"0,0,0,0,0,0,0,0,0,0,0,0,0,0,0,0,0,0,0,0,0,0,0,0,0,0,0,0,0,0,0,0,0,0,0,0,0,0,0,0",
		"0,0,0,0,0,0,0,0,0,0,0,0,0,0,0,0,0,0,0,0,0,0,0,0,0,0,0,0,0,0,0,0,0,0,0,0,0,0,0,0",
		"0,0,0,0,0,0,0,0,0,0,0,0,0,0,0,0,0,0,0,0,0,0,0,0,0,0,0,0,0,0,0,0,0,0,0,0,0,0,0,0",
		"0,0,0,0,0,0,0,0,0,0,0,0,0,0,0,0,0,0,0,0,0,0,0,0,0,0,0,0,0,0,0,0,0,0,0,0,0,0,0,0",
		"0,0,0,0,0,0,0,0,0,0,0,0,0,0,0,0,0,0,0,0,0,0,0,0,0,0,0,0,0,0,0,0,0,0,0,0,0,0,0,0",
		"0,0,0,0,0,0,0,0,0,0,0,0,0,0,0,0,0,0,0,0,0,0,0,0,0,0,0,0,0,0,0,0,0,0,0,0,0,0,0,0",
		"0,0,0,0,0,0,0,0,0,0,0,0,0,0,0,0,0,0,0,0,0,0,0,0,0,0,0,0,0,0,0,0,0,0,0,0,0,0,0,0",
		"0,0,0,0,0,0,0,0,0,0,0,0,0,0,0,0,0,0,0,0,0,0,0,0,0,0,0,0,0,0,0,0,0,0,0,0,0,0,0,0",
		"0,0,0,0,0,0,0,0,0,0,0,0,0,0,0,0,0,0,0,0,0,0,0,0,0,0,0,0,0,0,0,0,0,0,0,0,0,0,0,0",
		"0,0,0,0,0,0,0,0,0,0,0,0,0,0,0,0,0,0,0,0,0,0,0,0,0,0,0,0,0,0,0,0,0,0,0,0,0,0,0,0",
		"0,0,0,0,0,0,0,0,0,0,0,0,0,0,0,0,0,0,0,0,0,0,0,0,0,0,0,0,0,0,0,0,0,0,0,0,0,0,0,0",
		"0,0,0,0,0,0,0,0,0,0,0,0,0,0,0,0,0,0,0,0,0,0,0,0,0,0,0,0,0,0,0,0,0,0,0,0,0,0,0,0",
		"0,0,0,0,0,0,0,0,0,0,0,0,0,0,0,0,0,0,0,0,0,0,0,0,0,0,0,0,0,0,0,0,0,0,0,0,0,0,0,0",
		"0,0,0,0,0,0,0,0,0,0,0,0,0,0,0,0,0,0,0,0,0,0,0,0,0,0,0,0,0,0,0,0,0,0,0,0,0,0,0,0",
		"0,0,0,0,0,0,0,0,0,0,0,0,0,0,0,0,0,0,0,0,0,0,0,0,0,0,0,0,0,0,0,0,0,0,0,0,0,0,0,0",
		"0,0,0,0,0,0,0,0,0,0,0,0,0,0,0,0,0,0,0,0,0,0,0,0,0,0,0,0,0,0,0,0,0,0,0,0,0,0,0,0",
		"0,0,0,0,0,0,0,0,0,0,0,0,0,0,0,0,0,0,0,0,0,0,0,0,0,0,0,0,0,0,0,0,0,0,0,0,0,0,0,0",
		"0,0,0,0,0,0,0,0,0,0,0,0,0,0,0,0,0,0,0,0,0,0,0,0,0,0,0,0,0,0,0,0,0,0,0,0,0,0,0,0",
		"0,0,0,0,0,0,0,0,0,0,0,0,0,0,0,0,0,0,0,0,0,0,0,0,0,0,0,0,0,0,0,0,0,0,0,0,0,0,0,0",
		"0,0,0,0,0,0,0,0,0,0,0,0,0,0,0,0,0,0,0,0,0,0,0,0,0,0,0,0,0,0,0,0,0,0,0,0,0,0,0,0",
		"0,0,0,0,0,0,0,0,0,0,0,0,0,0,0,0,0,0,0,0,0,0,0,0,0,0,0,0,0,0,0,0,0,0,0,0,0,0,0,0",
		"0,0,0,0,0,0,0,0,0,0,0,0,0,0,0,0,0,0,0,0,0,0,0,0,0,0,0,0,0,0,0,0,0,0,0,0,0,0,0,0",
		"0,0,0,0,0,0,0,0,0,0,0,0,0,0,0,0,0,0,0,0,0,0,0,0,0,0,0,0,0,0,0,0,0,0,0,0,0,0,0,0",
		"0,0,0,0,0,0,0,0,0,0,0,0,0,0,0,0,0,0,0,0,0,0,0,0,0,0,0,0,0,0,0,0,0,0,0,0,0,0,0,0",
		"0,0,0,0,0,0,0,0,0,0,0,0,0,0,0,0,0,0,0,0,0,0,0,0,0,0,0,0,0,0,0,0,0,0,0,0,0,0,0,0",
		"0,0,0,0,0,0,0,0,0,0,0,0,0,0,0,0,0,0,0,0,0,0,0,0,0,0,0,0,0,0,0,0,0,0,0,0,0,0,0,0",
		"0,0,0,0,0,0,0,0,0,0,0,0,0,0,0,0,0,0,0,0,0,0,0,0,0,0,0,0,0,0,0,0,0,0,0,0,0,0,0,0",
		"0,0,0,0,0,0,0,0,0,0,0,0,0,0,0,0,0,0,0,0,0,0,0,0,0,0,0,0,0,0,0,0,0,0,0,0,0,0,0,0",
		"0,0,0,0,0,0,0,0,0,0,0,0,0,0,0,0,0,0,0,0,0,0,0,0,0,0,0,0,0,0,0,0,0,0,0,0,0,0,0,0",
		"0,0,0,0,0,0,0,0,0,0,0,0,0,0,0,0,0,0,0,0,0,0,0,0,0,0,0,0,0,0,0,0,0,0,0,0,0,0,0,0"],
		"StaticItems": [{
			"MapObject": "cabinet_server",
			"Positions": [[2, 28],
			[2, 30],
			[2, 32],
			[2, 34],
			[2, 36],
			[4, 28],
			[4, 30],
			[4, 32],
			[4, 34],
			[4, 36],
			[2, 18],
			[2, 20],
			[4, 20],
			[6, 20],
			[2, 22],
			[4, 22],
			[6, 22],
			[12, 22],
			[14, 22],
			[16, 22],
			[16, 20]]
		},
		{
			"MapObject": "table_wood_round_terminal",
			"Positions": [[10, 27],
			[35, 1],
			[34, 1],
			[33, 1],
			[32, 1],
			[31, 1]]
		},
		{
			"MapObject": "chair",
			"Positions": [[10, 29],
			[33, 2]]
		},
		{
			"MapObject": "box3_gray",
			"Positions": [[16, 2],
			[12, 2],
			[10, 2],
			[9, 2],
			[9, 1],
			[10, 1],
			[12, 1],
			[13, 1],
			[13, 2],
			[15, 2],
			[15, 1],
			[16, 1],
			[7, 1],
			[7, 2],
			[6, 2],
			[6, 1],
			[4, 1],
			[4, 2],
			[3, 2],
			[3, 1]]
		},
		{
			"MapObject": "barrel_blue",
			"Positions": [[22, 23],
			[23, 23],
			[24, 24],
			[26, 23],
			[21, 33],
			[22, 33],
			[22, 34],
			[23, 34]]
		},
		{
			"MapObject": "barrel_skull",
			"Positions": [[24, 33]]
		},
		{
			"MapObject": "crate2",
			"Positions": [[20, 23],
			[20, 24],
			[25, 24],
			[25, 23],
			[27, 38],
			[26, 38],
			[25, 38],
			[24, 38],
			[23, 38],
			[24, 37],
			[25, 37],
			[26, 37],
			[27, 37]]
		},
		{
			"MapObject": "barrel",
			"Positions": [[21, 24],
			[21, 23]]
		},
		{
			"MapObject": "crate",
			"Positions": [[19, 27],
			[19, 28]]
		},
		{
			"MapObject": "safe2",
			"Positions": [[30, 27],
			[31, 24],
			[32, 24],
			[35, 24],
			[37, 24],
			[35, 27],
			[36, 27],
			[37, 27],
			[30, 30],
			[32, 30],
			[35, 30],
			[31, 33],
			[32, 33],
			[36, 33],
			[36, 1],
			[37, 1]]
		},
		{
			"MapObject": "blood0",
			"Positions": [[27, 9]]
		},
		{
			"MapObject": "skull",
			"Positions": [[28, 9]]
		},
		{
			"MapObject": "bloodstain",
			"Positions": [[8, 27],
			[9, 5],
			[30, 17],
			[27, 23]]
		},
		{
			"MapObject": "bulletmarks",
			"Positions": [[34, 20],
			[11, 19],
			[9, 27],
			[8, 13]]
		},
		{
			"MapObject": "blood1",
			"Positions": [[13, 13],
			[31, 5],
			[32, 25],
			[37, 35],
			[22, 14]]
		},
		{
			"MapObject": "cabinet_server_wreck",
			"Positions": [[4, 18],
			[6, 18],
			[6, 16],
			[7, 17],
			[10, 20],
			[9, 22],
			[8, 20],
			[8, 19],
			[14, 21],
			[14, 20],
			[12, 20],
			[13, 19],
			[14, 19]]
		},
		{
			"MapObject": "safe_wreck",
			"Positions": [[5, 16],
			[10, 17],
			[13, 15],
			[12, 16],
			[10, 13],
			[8, 14],
			[7, 19]]
		},
		{
			"MapObject": "safe2_wreck",
			"Positions": [[30, 24],
			[31, 27],
			[32, 27],
			[36, 24],
			[36, 30],
			[37, 30],
			[31, 30],
			[30, 33],
			[37, 34],
			[35, 33],
			[30, 36],
			[31, 36],
			[32, 36],
			[35, 36],
			[36, 36],
			[37, 35]]
		},
		{
			"MapObject": "table_wood_wreck",
			"Positions": [[23, 25]]
		},
		{
			"MapObject": "crate2_wreck",
			"Positions": [[21, 27],
			[22, 28],
			[23, 35],
			[25, 34],
			[26, 34]]
		},
		{
			"MapObject": "table_wreck",
			"Positions": [[15, 7]]
		}],
		"StaticCharacters": [],
		"StaticObjectives": [],
		"StaticKeys": [],
		"StaticPickups": [],
		"Start": [15, 29],
		"Exits": []
	}]
}