{
	"Version": 13,
	"Characters": [{
		"Class": "Jones",
		"HairType": "professor",
		"Skin": "603000ff",
		"Arms": "fcfcfcff",
		"Body": "fcfcfcff",
		"Legs": "989898ff",
		"Hair": "000000ff",
		"Feet": "989898ff",
		"speed": 256,
		"Gun": "Grenades",
		"maxHealth": 40,
		"flags": 19072000,
		"probabilityToMove": 100,
		"probabilityToTrack": 0,
		"probabilityToShoot": 0,
		"actionDelay": 15
	},
	{
		"Class": "Lady",
		"HairType": "ponytail",
		"Skin": "f4944cff",
		"Arms": "fcfcfcff",
		"Body": "fcfcfcff",
		"Legs": "acacacff",
		"Hair": "fce000ff",
		"Feet": "acacacff",
		"speed": 448,
		"Gun": "Grenades",
		"maxHealth": 40,
		"flags": 19072000,
		"probabilityToMove": 50,
		"probabilityToTrack": 25,
		"probabilityToShoot": 0,
		"actionDelay": 15
	},
	{
		"Class": "Lady",
		"HairType": "ponytail",
		"Skin": "f4944cff",
		"Arms": "fcfcfcff",
		"Body": "fcfcfcff",
		"Legs": "acacacff",
		"Hair": "00fc00ff",
		"Feet": "acacacff",
		"speed": 448,
		"Gun": "Grenades",
		"maxHealth": 40,
		"flags": 2229248,
		"probabilityToMove": 50,
		"probabilityToTrack": 25,
		"probabilityToShoot": 0,
		"actionDelay": 15
	},
	{
		"Class": "Jones",
		"HairType": "professor",
		"Skin": "f4944cff",
		"Arms": "fcfcfcff",
		"Body": "fcfcfcff",
		"Legs": "282828ff",
		"Hair": "c0c0c0ff",
		"Feet": "282828ff",
		"speed": 128,
		"Gun": "Grenades",
		"maxHealth": 40,
		"flags": 2294784,
		"probabilityToMove": 50,
		"probabilityToTrack": 25,
		"probabilityToShoot": 0,
		"actionDelay": 15
	},
	{
		"Class": "Lady",
		"HairType": "ponytail",
		"Skin": "c0ac3cff",
		"Arms": "fcfcfcff",
		"Body": "fcfcfcff",
		"Legs": "5c5c5cff",
		"Hair": "000000ff",
		"Feet": "5c5c5cff",
		"speed": 256,
		"Gun": "Grenades",
		"maxHealth": 40,
		"flags": 2294784,
		"probabilityToMove": 50,
		"probabilityToTrack": 25,
		"probabilityToShoot": 0,
		"actionDelay": 15
	},
	{
		"Class": "Lady",
		"HairType": "ponytail",
		"Skin": "9c4c00ff",
		"Arms": "fcfcfcff",
		"Body": "fcfcfcff",
		"Legs": "282828ff",
		"Hair": "303030ff",
		"Feet": "282828ff",
		"speed": 256,
		"Gun": "Grenades",
		"maxHealth": 40,
		"flags": 35783680,
		"probabilityToMove": 50,
		"probabilityToTrack": 25,
		"probabilityToShoot": 0,
		"actionDelay": 15
	},
	{
		"Class": "Jones",
		"HairType": "beard",
		"Skin": "f4944cff",
		"Arms": "fcfcfcff",
		"Body": "fcfcfcff",
		"Legs": "5c5c5cff",
		"Hair": "603000ff",
		"Feet": "5c5c5cff",
		"speed": 320,
		"Gun": "Grenades",
		"maxHealth": 40,
		"flags": 2229248,
		"probabilityToMove": 50,
		"probabilityToTrack": 25,
		"probabilityToShoot": 0,
		"actionDelay": 15
	},
	{
		"Class": "Jones",
		"HairType": "flattop",
		"Skin": "e08060ff",
		"Arms": "fcfcfcff",
		"Body": "fcfcfcff",
		"Legs": "202020ff",
		"Hair": "fc4000ff",
		"Feet": "202020ff",
		"speed": 192,
		"Gun": "Grenades",
		"maxHealth": 50,
		"flags": 19006464,
		"probabilityToMove": 50,
		"probabilityToTrack": 25,
		"probabilityToShoot": 0,
		"actionDelay": 15
	},
	{
		"Class": "Jones",
		"HairType": "hogan",
		"Skin": "c47038ff",
		"Arms": "fcfcfcff",
		"Body": "404040ff",
		"Legs": "282828ff",
		"Hair": "989898ff",
		"Feet": "282828ff",
		"speed": 256,
		"Gun": "Pistol",
		"maxHealth": 40,
		"flags": 16777216,
		"probabilityToMove": 55,
		"probabilityToTrack": 30,
		"probabilityToShoot": 7,
		"actionDelay": 15
	},
	{
		"Class": "Lady",
		"HairType": "ponytail",
		"Skin": "341c00ff",
		"Arms": "fcfcfcff",
		"Body": "404040ff",
		"Legs": "404040ff",
		"Hair": "484848ff",
		"Feet": "404040ff",
		"speed": 256,
		"Gun": "Pistol",
		"maxHealth": 40,
		"flags": 16777216,
		"probabilityToMove": 50,
		"probabilityToTrack": 40,
		"probabilityToShoot": 22,
		"actionDelay": 12
	},
	{
		"Class": "Jones",
		"HairType": "dutch",
		"Skin": "f4944cff",
		"Arms": "fcfcfcff",
		"Body": "404040ff",
		"Legs": "404040ff",
		"Hair": "fc1800ff",
		"Feet": "404040ff",
		"speed": 256,
		"Gun": "Pistol",
		"maxHealth": 40,
		"flags": 16777216,
		"probabilityToMove": 50,
		"probabilityToTrack": 40,
		"probabilityToShoot": 22,
		"actionDelay": 12
	},
	{
		"Class": "Jones",
		"HairType": "flattop",
		"Skin": "cc6c4cff",
		"Arms": "fcfcfcff",
		"Body": "404040ff",
		"Legs": "404040ff",
		"Hair": "ac5400ff",
		"Feet": "404040ff",
		"speed": 256,
		"Gun": "Pistol",
		"maxHealth": 40,
		"flags": 16777216,
		"probabilityToMove": 50,
		"probabilityToTrack": 40,
		"probabilityToShoot": 22,
		"actionDelay": 12
	},
	{
		"Class": "Jones",
		"HairType": "shades",
		"Skin": "f4944cff",
		"Arms": "e8e8e8ff",
		"Body": "404040ff",
		"Legs": "202020ff",
		"Hair": "004800ff",
		"Feet": "202020ff",
		"speed": 256,
		"Gun": "Pistol",
		"maxHealth": 40,
		"flags": 16777216,
		"probabilityToMove": 50,
		"probabilityToTrack": 35,
		"probabilityToShoot": 27,
		"actionDelay": 15
	},
	{
		"Class": "Jones",
		"HairType": "flattop",
		"Skin": "f4944cff",
		"Arms": "e8e8e8ff",
		"Body": "404040ff",
		"Legs": "202020ff",
		"Hair": "004800ff",
		"Feet": "202020ff",
		"speed": 256,
		"Gun": "Pistol",
		"maxHealth": 40,
		"flags": 16777216,
		"probabilityToMove": 50,
		"probabilityToTrack": 35,
		"probabilityToShoot": 27,
		"actionDelay": 15
	},
	{
		"Class": "Jones",
		"HairType": "hogan",
		"Skin": "f4944cff",
		"Arms": "fcfcfcff",
		"Body": "fcfcfcff",
		"Legs": "3c3c3cff",
		"Hair": "fc1800ff",
		"Feet": "3c3c3cff",
		"speed": 256,
		"Gun": "Chemo gun",
		"maxHealth": 40,
		"flags": 34603008,
		"probabilityToMove": 50,
		"probabilityToTrack": 95,
		"probabilityToShoot": 15,
		"actionDelay": 15
	},
	{
		"Class": "Jones",
		"HairType": "eye_patch",
		"Skin": "9c4c00ff",
		"Arms": "fcfcfcff",
		"Body": "fcfcfcff",
		"Legs": "3c3c3cff",
		"Hair": "fc1800ff",
		"Feet": "3c3c3cff",
		"speed": 256,
		"Gun": "Knife",
		"maxHealth": 40,
		"flags": 16777216,
		"probabilityToMove": 50,
		"probabilityToTrack": 95,
		"probabilityToShoot": 0,
		"actionDelay": 15
	},
	{
		"Class": "Lady",
		"HairType": "ponytail",
		"Skin": "f4944cff",
		"Arms": "3c2c00ff",
		"Body": "0c5c0cff",
		"Legs": "00ac00ff",
		"Hair": "ac5400ff",
		"Feet": "00ac00ff",
		"speed": 256,
		"Gun": "Machine gun",
		"maxHealth": 40,
		"flags": 50332672,
		"probabilityToMove": 60,
		"probabilityToTrack": 10,
		"probabilityToShoot": 7,
		"actionDelay": 15
	},
	{
		"Class": "Jones",
		"HairType": "flattop",
		"Skin": "f4944cff",
		"Arms": "3c2c00ff",
		"Body": "0c5c0cff",
		"Legs": "00ac00ff",
		"Hair": "5c5c5cff",
		"Feet": "00ac00ff",
		"speed": 256,
		"Gun": "Machine gun",
		"maxHealth": 40,
		"flags": 50332672,
		"probabilityToMove": 60,
		"probabilityToTrack": 10,
		"probabilityToShoot": 7,
		"actionDelay": 15
	},
	{
		"Class": "Jones",
		"HairType": "beret",
		"Skin": "f4944cff",
		"Arms": "3c2c00ff",
		"Body": "0c5c0cff",
		"Legs": "00ac00ff",
		"Hair": "000000ff",
		"Feet": "00ac00ff",
		"speed": 256,
		"Gun": "Pistol",
		"maxHealth": 40,
		"flags": 50332672,
		"probabilityToMove": 60,
		"probabilityToTrack": 10,
		"probabilityToShoot": 7,
		"actionDelay": 15
	},
	{
		"Class": "Jones",
		"HairType": "hogan",
		"Skin": "f4944cff",
		"Arms": "3c2c00ff",
		"Body": "0c5c0cff",
		"Legs": "00ac00ff",
		"Hair": "000000ff",
		"Feet": "00ac00ff",
		"speed": 256,
		"Gun": "Shotgun",
		"maxHealth": 40,
		"flags": 50332672,
		"probabilityToMove": 60,
		"probabilityToTrack": 10,
		"probabilityToShoot": 7,
		"actionDelay": 15
	},
	{
		"Class": "Jones",
		"HairType": "beret",
		"Skin": "9c4c00ff",
		"Arms": "3c2c00ff",
		"Body": "0c5c0cff",
		"Legs": "00ac00ff",
		"Hair": "000000ff",
		"Feet": "00ac00ff",
		"speed": 256,
		"Gun": "Machine gun",
		"maxHealth": 40,
		"flags": 50332672,
		"probabilityToMove": 60,
		"probabilityToTrack": 10,
		"probabilityToShoot": 7,
		"actionDelay": 15
	},
	{
		"Class": "Jones",
		"HairType": "riot_helmet",
		"Skin": "9c4c00ff",
		"Arms": "fcfcfcff",
		"Body": "404040ff",
		"Legs": "003c00ff",
		"Hair": "003c00ff",
		"Feet": "003c00ff",
		"speed": 256,
		"Gun": "Chemo gun",
		"maxHealth": 40,
		"flags": 16778240,
		"probabilityToMove": 50,
		"probabilityToTrack": 40,
		"probabilityToShoot": 22,
		"actionDelay": 12
	},
	{
		"Class": "Jones",
		"HairType": "riot_helmet",
		"Skin": "cc6c4cff",
		"Arms": "489848ff",
		"Body": "404040ff",
		"Legs": "404040ff",
		"Hair": "003c00ff",
		"Feet": "404040ff",
		"speed": 256,
		"Gun": "Chemo gun",
		"maxHealth": 40,
		"flags": 16778240,
		"probabilityToMove": 50,
		"probabilityToTrack": 40,
		"probabilityToShoot": 22,
		"actionDelay": 12
	},
	{
		"Class": "Jones",
		"HairType": "riot_helmet",
		"Skin": "f4944cff",
		"Arms": "484848ff",
		"Body": "404040ff",
		"Legs": "00d400ff",
		"Hair": "003c00ff",
		"Feet": "00d400ff",
		"speed": 256,
		"Gun": "Chemo gun",
		"maxHealth": 40,
		"flags": 16778240,
		"probabilityToMove": 50,
		"probabilityToTrack": 40,
		"probabilityToShoot": 22,
		"actionDelay": 12
	},
	{
		"Class": "Jones",
		"HairType": "beret",
		"Skin": "c47038ff",
		"Arms": "fcfcfcff",
		"Body": "00c0c0ff",
		"Legs": "28284cff",
		"Hair": "000000ff",
		"Feet": "28284cff",
		"speed": 384,
		"Gun": "Grenades",
		"maxHealth": 40,
		"flags": 16974848,
		"probabilityToMove": 55,
		"probabilityToTrack": 15,
		"probabilityToShoot": 0,
		"actionDelay": 17
	},
	{
		"Class": "Lady",
		"HairType": "ponytail",
		"Skin": "b85838ff",
		"Arms": "fcfcfcff",
		"Body": "00c0c0ff",
		"Legs": "28284cff",
		"Hair": "ac0000ff",
		"Feet": "28284cff",
		"speed": 384,
		"Gun": "Grenades",
		"maxHealth": 40,
		"flags": 16974848,
		"probabilityToMove": 55,
		"probabilityToTrack": 10,
		"probabilityToShoot": 0,
		"actionDelay": 17
	},
	{
		"Class": "Jones",
		"HairType": "dutch",
		"Skin": "c0ac3cff",
		"Arms": "fcfcfcff",
		"Body": "00c0c0ff",
		"Legs": "28284cff",
		"Hair": "000000ff",
		"Feet": "28284cff",
		"speed": 384,
		"Gun": "Grenades",
		"maxHealth": 40,
		"flags": 16974848,
		"probabilityToMove": 65,
		"probabilityToTrack": 10,
		"probabilityToShoot": 0,
		"actionDelay": 17
	},
	{
		"Class": "Jones",
		"HairType": "riot_helmet",
		"Skin": "f4944cff",
		"Arms": "00fc00ff",
		"Body": "282828ff",
		"Legs": "002000ff",
		"Hair": "002800ff",
		"Feet": "002000ff",
		"speed": 320,
		"Gun": "Flamer",
		"maxHealth": 50,
		"flags": 29360128,
		"probabilityToMove": 15,
		"probabilityToTrack": 65,
		"probabilityToShoot": 25,
		"actionDelay": 17
	},
	{
		"Class": "Jones",
		"HairType": "riot_helmet",
		"Skin": "f4944cff",
		"Arms": "00fc00ff",
		"Body": "282828ff",
		"Legs": "002000ff",
		"Hair": "003c00ff",
		"Feet": "002000ff",
		"speed": 320,
		"Gun": "Shotgun",
		"maxHealth": 50,
		"flags": 29360128,
		"probabilityToMove": 15,
		"probabilityToTrack": 65,
		"probabilityToShoot": 25,
		"actionDelay": 17
	},
	{
		"Class": "Jones",
		"HairType": "riot_helmet",
		"Skin": "c0ac3cff",
		"Arms": "00fc00ff",
		"Body": "282828ff",
		"Legs": "002000ff",
		"Hair": "002000ff",
		"Feet": "002000ff",
		"speed": 320,
		"Gun": "Shotgun",
		"maxHealth": 50,
		"flags": 29360128,
		"probabilityToMove": 15,
		"probabilityToTrack": 65,
		"probabilityToShoot": 25,
		"actionDelay": 17
	},
	{
		"Class": "Jones",
		"HairType": "riot_helmet",
		"Skin": "341c00ff",
		"Arms": "00fc00ff",
		"Body": "282828ff",
		"Legs": "002000ff",
		"Hair": "004800ff",
		"Feet": "002000ff",
		"speed": 320,
		"Gun": "Pistol",
		"maxHealth": 50,
		"flags": 29360128,
		"probabilityToMove": 15,
		"probabilityToTrack": 65,
		"probabilityToShoot": 25,
		"actionDelay": 17
	},
	{
		"Class": "Jones",
		"HairType": "riot_helmet",
		"Skin": "a44424ff",
		"Arms": "3c3c3cff",
		"Body": "282828ff",
		"Legs": "002000ff",
		"Hair": "00282cff",
		"Feet": "002000ff",
		"speed": 320,
		"Gun": "Sniper rifle",
		"maxHealth": 50,
		"flags": 20971520,
		"probabilityToMove": 15,
		"probabilityToTrack": 65,
		"probabilityToShoot": 25,
		"actionDelay": 17
	},
	{
		"Class": "Jones",
		"HairType": "riot_helmet",
		"Skin": "a44424ff",
		"Arms": "282828ff",
		"Body": "282828ff",
		"Legs": "002000ff",
		"Hair": "207020ff",
		"Feet": "002000ff",
		"speed": 448,
		"Gun": "Knife",
		"maxHealth": 60,
		"flags": 20971520,
		"probabilityToMove": 15,
		"probabilityToTrack": 65,
		"probabilityToShoot": 25,
		"actionDelay": 17
	},
	{
		"Class": "Jones",
		"HairType": "professor",
		"Skin": "dc8040ff",
		"Arms": "fcfcfcff",
		"Body": "fcfcfcff",
		"Legs": "989898ff",
		"Hair": "502800ff",
		"Feet": "989898ff",
		"speed": 256,
		"Gun": "Grenades",
		"maxHealth": 40,
		"flags": 19072000,
		"probabilityToMove": 100,
		"probabilityToTrack": 0,
		"probabilityToShoot": 0,
		"actionDelay": 15
	},
	{
		"Class": "Lady",
		"HairType": "ponytail",
		"Skin": "dc8040ff",
		"Arms": "fcfcfcff",
		"Body": "fcfcfcff",
		"Legs": "989898ff",
		"Hair": "fc0000ff",
		"Feet": "989898ff",
		"speed": 256,
		"Gun": "Grenades",
		"maxHealth": 40,
		"flags": 19072000,
		"probabilityToMove": 100,
		"probabilityToTrack": 0,
		"probabilityToShoot": 0,
		"actionDelay": 15
	},
	{
		"Class": "Lady",
		"HairType": "ponytail",
		"Skin": "e08060ff",
		"Arms": "fcfcfcff",
		"Body": "fcfcfcff",
		"Legs": "989898ff",
		"Hair": "989898ff",
		"Feet": "989898ff",
		"speed": 256,
		"Gun": "Grenades",
		"maxHealth": 40,
		"flags": 19072000,
		"probabilityToMove": 100,
		"probabilityToTrack": 0,
		"probabilityToShoot": 0,
		"actionDelay": 15
	},
	{
		"Class": "Jones",
		"HairType": "shades",
		"Skin": "c47038ff",
		"Arms": "fcfcfcff",
		"Body": "fcfcfcff",
		"Legs": "989898ff",
		"Hair": "989898ff",
		"Feet": "989898ff",
		"speed": 256,
		"Gun": "Prototype I",
		"maxHealth": 40,
		"flags": 25166848,
		"probabilityToMove": 100,
		"probabilityToTrack": 5,
		"probabilityToShoot": 5,
		"actionDelay": 15
	},
	{
		"Class": "Jones",
		"HairType": "shades",
		"Skin": "8c4400ff",
		"Arms": "fcfcfcff",
		"Body": "fcfcfcff",
		"Legs": "989898ff",
		"Hair": "989898ff",
		"Feet": "989898ff",
		"speed": 256,
		"Gun": "Prototype II",
		"maxHealth": 40,
		"flags": 25166848,
		"probabilityToMove": 100,
		"probabilityToTrack": 5,
		"probabilityToShoot": 5,
		"actionDelay": 15
	},
	{
		"Class": "Jones",
		"HairType": "shades",
		"Skin": "e08060ff",
		"Arms": "fcfcfcff",
		"Body": "fcfcfcff",
		"Legs": "989898ff",
		"Hair": "989898ff",
		"Feet": "989898ff",
		"speed": 256,
		"Gun": "Prototype III",
		"maxHealth": 40,
		"flags": 25166848,
		"probabilityToMove": 100,
		"probabilityToTrack": 5,
		"probabilityToShoot": 5,
		"actionDelay": 15
	},
	{
		"Class": "Jones",
		"HairType": "riot_helmet",
		"Skin": "94802cff",
		"Arms": "ac9834ff",
		"Body": "ac9834ff",
		"Legs": "94802cff",
		"Hair": "000000ff",
		"Feet": "94802cff",
		"speed": 128,
		"Gun": "Steel Teeth",
		"maxHealth": 20,
		"flags": 1024,
		"probabilityToMove": 60,
		"probabilityToTrack": 25,
		"probabilityToShoot": 20,
		"actionDelay": 15
	},
	{
		"Class": "Jones",
		"HairType": "riot_helmet",
		"Skin": "003c00ff",
		"Arms": "003c00ff",
		"Body": "003c00ff",
		"Legs": "003c00ff",
		"Hair": "000000ff",
		"Feet": "003c00ff",
		"speed": 64,
		"Gun": "Steel Teeth",
		"maxHealth": 20,
		"flags": 1024,
		"probabilityToMove": 65,
		"probabilityToTrack": 50,
		"probabilityToShoot": 30,
		"actionDelay": 15
	},
	{
		"Class": "Jones",
		"HairType": "riot_helmet",
		"Skin": "5c5c5cff",
		"Arms": "5c5c5cff",
		"Body": "707070ff",
		"Legs": "5c5c5cff",
		"Hair": "000000ff",
		"Feet": "5c5c5cff",
		"speed": 192,
		"Gun": "Steel Teeth",
		"maxHealth": 20,
		"flags": 1024,
		"probabilityToMove": 60,
		"probabilityToTrack": 25,
		"probabilityToShoot": 10,
		"actionDelay": 15
	},
	{
		"Class": "Jones",
		"HairType": "riot_helmet",
		"Skin": "0c5c0cff",
		"Arms": "0c5c0cff",
		"Body": "0c5c0cff",
		"Legs": "348434ff",
		"Hair": "000000ff",
		"Feet": "348434ff",
		"speed": 128,
		"Gun": "Steel Teeth",
		"maxHealth": 40,
		"flags": 1024,
		"probabilityToMove": 60,
		"probabilityToTrack": 25,
		"probabilityToShoot": 10,
		"actionDelay": 15
	},
	{
		"Class": "Jones",
		"HairType": "flattop",
		"Skin": "402000ff",
		"Arms": "fcfcfcff",
		"Body": "00c0c0ff",
		"Legs": "28284cff",
		"Hair": "ac8484ff",
		"Feet": "28284cff",
		"speed": 448,
		"Gun": "Grenades",
		"maxHealth": 40,
		"flags": 16974848,
		"probabilityToMove": 55,
		"probabilityToTrack": 10,
		"probabilityToShoot": 0,
		"actionDelay": 17
	},
	{
		"Class": "Jones",
		"HairType": "beard",
		"Skin": "ac8484ff",
		"Arms": "fcfcfcff",
		"Body": "00c0c0ff",
		"Legs": "28284cff",
		"Hair": "ac0000ff",
		"Feet": "28284cff",
		"speed": 448,
		"Gun": "Grenades",
		"maxHealth": 40,
		"flags": 16974848,
		"probabilityToMove": 55,
		"probabilityToTrack": 10,
		"probabilityToShoot": 0,
		"actionDelay": 17
	},
	{
		"Class": "Jones",
		"HairType": "beard",
		"Skin": "b85838ff",
		"Arms": "fcfcfcff",
		"Body": "00c0c0ff",
		"Legs": "28284cff",
		"Hair": "9c4c00ff",
		"Feet": "28284cff",
		"speed": 448,
		"Gun": "Grenades",
		"maxHealth": 40,
		"flags": 16974848,
		"probabilityToMove": 55,
		"probabilityToTrack": 10,
		"probabilityToShoot": 0,
		"actionDelay": 17
	},
	{
		"Class": "Jones",
		"HairType": "professor",
		"Skin": "b85838ff",
		"Arms": "fcfcfcff",
		"Body": "00c0c0ff",
		"Legs": "28284cff",
		"Hair": "00fcfcff",
		"Feet": "28284cff",
		"speed": 384,
		"Gun": "Grenades",
		"maxHealth": 40,
		"flags": 16974848,
		"probabilityToMove": 55,
		"probabilityToTrack": 10,
		"probabilityToShoot": 0,
		"actionDelay": 17
	},
	{
		"Class": "Jones",
		"Skin": "b85838ff",
		"Arms": "fcfcfcff",
		"Body": "00c0c0ff",
		"Legs": "28284cff",
		"Hair": "ac0000ff",
		"Feet": "28284cff",
		"speed": 384,
		"Gun": "Grenades",
		"maxHealth": 40,
		"flags": 16974848,
		"probabilityToMove": 55,
		"probabilityToTrack": 10,
		"probabilityToShoot": 0,
		"actionDelay": 17
	},
	{
		"Class": "Lady",
		"HairType": "ponytail",
		"Skin": "ac5400ff",
		"Arms": "fcfcfcff",
		"Body": "00c0c0ff",
		"Legs": "28284cff",
		"Hair": "502800ff",
		"Feet": "28284cff",
		"speed": 384,
		"Gun": "Grenades",
		"maxHealth": 40,
		"flags": 16974848,
		"probabilityToMove": 55,
		"probabilityToTrack": 10,
		"probabilityToShoot": 0,
		"actionDelay": 17
	},
	{
		"Class": "Lady",
		"HairType": "ponytail",
		"Skin": "b85838ff",
		"Arms": "fcfcfcff",
		"Body": "00c0c0ff",
		"Legs": "28284cff",
		"Hair": "000000ff",
		"Feet": "28284cff",
		"speed": 384,
		"Gun": "Grenades",
		"maxHealth": 40,
		"flags": 16974848,
		"probabilityToMove": 55,
		"probabilityToTrack": 10,
		"probabilityToShoot": 0,
		"actionDelay": 17
	},
	{
		"Class": "Cyborg",
		"HairType": "cyborg",
		"Skin": "848484ff",
		"Arms": "404040ff",
		"Body": "404040ff",
		"Legs": "404040ff",
		"Hair": "ff0000ff",
		"Feet": "404040ff",
		"speed": 448,
		"Gun": "Powergun",
		"maxHealth": 100,
		"flags": 1024,
		"probabilityToMove": 50,
		"probabilityToTrack": 25,
		"probabilityToShoot": 12,
		"actionDelay": 15
	},
	{
		"Class": "Cyborg",
		"HairType": "cyborg",
		"Skin": "ac0000ff",
		"Arms": "404040ff",
		"Body": "404040ff",
		"Legs": "404040ff",
		"Hair": "ff0000ff",
		"Feet": "404040ff",
		"speed": 448,
		"Gun": "Flamer",
		"maxHealth": 100,
		"flags": 1024,
		"probabilityToMove": 50,
		"probabilityToTrack": 25,
		"probabilityToShoot": 12,
		"actionDelay": 15
	},
	{
		"Class": "Cyborg",
		"HairType": "cyborg",
		"Skin": "348434ff",
		"Arms": "404040ff",
		"Body": "404040ff",
		"Legs": "404040ff",
		"Hair": "ff0000ff",
		"Feet": "404040ff",
		"speed": 448,
		"Gun": "Chemo gun",
		"maxHealth": 70,
		"flags": 1024,
		"probabilityToMove": 50,
		"probabilityToTrack": 25,
		"probabilityToShoot": 12,
		"actionDelay": 15
	},
	{
		"Class": "Cyborg",
		"HairType": "cyborg",
		"Skin": "000000ff",
		"Arms": "404040ff",
		"Body": "404040ff",
		"Legs": "404040ff",
		"Hair": "ff0000ff",
		"Feet": "404040ff",
		"speed": 448,
		"Gun": "Swarmer",
		"maxHealth": 100,
		"flags": 1024,
		"probabilityToMove": 50,
		"probabilityToTrack": 25,
		"probabilityToShoot": 12,
		"actionDelay": 15
	},
	{
		"Class": "Jones",
		"HairType": "beret",
		"Skin": "c0ac3cff",
		"Arms": "fcfcfcff",
		"Body": "404040ff",
		"Legs": "282828ff",
		"Hair": "989898ff",
		"Feet": "282828ff",
		"speed": 256,
		"Gun": "Machine Pistol",
		"maxHealth": 40,
		"flags": 16777216,
		"probabilityToMove": 55,
		"probabilityToTrack": 30,
		"probabilityToShoot": 7,
		"actionDelay": 15
	},
	{
		"Class": "Jones",
		"Skin": "f4944cff",
		"Arms": "fcfcfcff",
		"Body": "404040ff",
		"Legs": "282828ff",
		"Hair": "989898ff",
		"Feet": "282828ff",
		"speed": 256,
		"Gun": "Machine Pistol",
		"maxHealth": 40,
		"flags": 16777216,
		"probabilityToMove": 55,
		"probabilityToTrack": 30,
		"probabilityToShoot": 7,
		"actionDelay": 15
	},
	{
		"Class": "Jones",
		"HairType": "beret",
		"Skin": "402000ff",
		"Arms": "fcfcfcff",
		"Body": "404040ff",
		"Legs": "282828ff",
		"Hair": "989898ff",
		"Feet": "282828ff",
		"speed": 256,
		"Gun": "Machine Pistol",
		"maxHealth": 40,
		"flags": 16777216,
		"probabilityToMove": 55,
		"probabilityToTrack": 30,
		"probabilityToShoot": 7,
		"actionDelay": 15
	},
	{
		"Class": "Jones",
		"HairType": "beret",
		"Skin": "e08060ff",
		"Arms": "fcfcfcff",
		"Body": "404040ff",
		"Legs": "282828ff",
		"Hair": "989898ff",
		"Feet": "282828ff",
		"speed": 256,
		"Gun": "Machine Pistol",
		"maxHealth": 40,
		"flags": 16777216,
		"probabilityToMove": 55,
		"probabilityToTrack": 30,
		"probabilityToShoot": 7,
		"actionDelay": 15
	},
	{
		"Class": "Jones",
		"HairType": "flattop",
		"Skin": "e08060ff",
		"Arms": "fcfcfcff",
		"Body": "404040ff",
		"Legs": "282828ff",
		"Hair": "989898ff",
		"Feet": "282828ff",
		"speed": 256,
		"Gun": "Machine Pistol",
		"maxHealth": 40,
		"flags": 16777216,
		"probabilityToMove": 55,
		"probabilityToTrack": 30,
		"probabilityToShoot": 7,
		"actionDelay": 15
	},
	{
		"Class": "Jones",
		"HairType": "beard",
		"Skin": "ac5c2cff",
		"Arms": "fcfcfcff",
		"Body": "404040ff",
		"Legs": "282828ff",
		"Hair": "603000ff",
		"Feet": "282828ff",
		"speed": 256,
		"Gun": "Machine Pistol",
		"maxHealth": 40,
		"flags": 16777216,
		"probabilityToMove": 55,
		"probabilityToTrack": 30,
		"probabilityToShoot": 7,
		"actionDelay": 15
	},
	{
		"Class": "Jones",
		"HairType": "hogan",
		"Skin": "ac5c2cff",
		"Arms": "fcfcfcff",
		"Body": "404040ff",
		"Legs": "282828ff",
		"Hair": "845c5cff",
		"Feet": "282828ff",
		"speed": 256,
		"Gun": "Machine Pistol",
		"maxHealth": 40,
		"flags": 16777216,
		"probabilityToMove": 55,
		"probabilityToTrack": 30,
		"probabilityToShoot": 7,
		"actionDelay": 15
	},
	{
		"Class": "Lady",
		"HairType": "ponytail",
		"Skin": "a44424ff",
		"Arms": "fcfcfcff",
		"Body": "404040ff",
		"Legs": "282828ff",
		"Hair": "fce000ff",
		"Feet": "282828ff",
		"speed": 256,
		"Gun": "Machine Pistol",
		"maxHealth": 40,
		"flags": 16777216,
		"probabilityToMove": 55,
		"probabilityToTrack": 30,
		"probabilityToShoot": 7,
		"actionDelay": 15
	},
	{
		"Class": "Bug-eye",
		"Skin": "004870ff",
		"Arms": "fcfcfcff",
		"Body": "fcfcfcff",
		"Legs": "fcfcfcff",
		"Hair": "845c5cff",
		"Feet": "fcfcfcff",
		"speed": 256,
		"Gun": "Fire Breath",
		"maxHealth": 40,
		"flags": 20841984,
		"probabilityToMove": 100,
		"probabilityToTrack": 0,
		"probabilityToShoot": 0,
		"actionDelay": 50
	},
	{
		"Class": "Lady",
		"HairType": "ponytail",
		"Skin": "c47038ff",
		"Arms": "fcfcfcff",
		"Body": "fcfcfcff",
		"Legs": "848484ff",
		"Hair": "fc6800ff",
		"Feet": "848484ff",
		"speed": 256,
		"Gun": "Fire Breath",
		"maxHealth": 40,
		"flags": 20841984,
		"probabilityToMove": 100,
		"probabilityToTrack": 0,
		"probabilityToShoot": 0,
		"actionDelay": 50
	},
	{
		"Class": "Mad bug-eye",
		"Skin": "f4944cff",
		"Arms": "00fc00ff",
		"Body": "282828ff",
		"Legs": "002000ff",
		"Hair": "003c00ff",
		"Feet": "002000ff",
		"speed": 384,
		"Gun": "Shotgun",
		"maxHealth": 200,
		"flags": 29362176,
		"probabilityToMove": 15,
		"probabilityToTrack": 65,
		"probabilityToShoot": 25,
		"actionDelay": 17
	}]
}