<?xml version="1.0"?>
<!DOCTYPE msxconfig SYSTEM "msxconfig2.dtd">
<msxconfig>
  <info>
    <name>Chakkari Copy</name>
    <manufacturer>Epson</manufacturer>
    <code></code>
    <release_year>1985</release_year>
    <description>Screen dumping cartridge. This extension makes 3 settings available to operate its two physical buttons and switch: "Chakkari Copy COPY button pressed", "Chakkary Copy PAUSE button pressed" and "Chakkari Copy mode".</description>
    <type>screen dump cartridge</type>
  </info>

  <devices>
    <primary slot="any">
      <secondary slot="any">
        <ChakkariCopy id="Chakkari Copy">
          <io base="0x7F" num="1"/>
          <rom>
            <sha1>aa98b0822d768acb73ab729d736c8fb682685492</sha1>
            <filename>chakkari.rom</filename>
          </rom>
          <mem base="0x0000" size="0x8000"/>
        </ChakkariCopy>
      </secondary>
    </primary>
  </devices>
</msxconfig>
