<?xml version="1.0" ?>
<!DOCTYPE msxconfig SYSTEM 'msxconfig2.dtd'>
<msxconfig>
  <info>
    <name>Snatcher Sound Cartridge</name>
    <manufacturer>Konami</manufacturer>
    <code>RA-004</code>
    <release_year>1988</release_year>
    <description>Snatcher sound cartridge (a.k.a.: SCC+).</description>
    <type>sound expansion</type>
  </info>
  <devices>
    <primary slot="any">
      <secondary slot="any">
        <SCCplus id="Konami Snatcher SCC+ Cartridge">
          <mem base="0x4000" size="0x8000"/>
          <subtype>Snatcher</subtype>
          <sound>
            <volume>13000</volume>
          </sound>
        </SCCplus>
      </secondary>
    </primary>
  </devices>
</msxconfig>
