<?xml version="1.0" ?>
<!DOCTYPE msxconfig SYSTEM 'msxconfig2.dtd'>
<msxconfig>
  <info>
    <name>MegaFlashROM SCC</name>
    <manufacturer>Manuel Pazos</manufacturer>
    <code/>
    <release_year>2003</release_year>
    <description>MSX Flash cartridge with SCC.</description>
    <type>Flash cartridge</type>
  </info>
  <devices>
    <primary slot="any">
      <secondary slot="any">
        <ROM id="MegaFlashRom SCC">
          <mem base="0x4000" size="0x8000"/>
          <sound>
            <volume>9000</volume>
          </sound>
          <rom>
            <!--<filename>initial-content</filename>-->
            <size>512</size>
          </rom>
          <sramname>megaflashromscc.sram</sramname>
          <mappertype>MegaFlashRomScc</mappertype>
        </ROM>
      </secondary>
    </primary>
  </devices>
</msxconfig>
