<?xml version="1.0" ?>
<!DOCTYPE msxconfig SYSTEM 'msxconfig2.dtd'>
<msxconfig>
  <info>
    <name>PAC</name>
    <manufacturer>Panasoft</manufacturer>
    <code>SW-M001</code>
    <release_year>1989</release_year>
    <description>SRAM game save cartridge.</description>
    <type>SRAM cartridge</type>
  </info>
  <devices>
    <primary slot="any">
      <secondary slot="any">
        <PAC id="Panasoft SW-M001 PAC">
          <mem base="0x4000" size="0x4000"/>
          <sramname>pac.pac</sramname>
        </PAC>
      </secondary>
    </primary>
  </devices>
</msxconfig>
