<?xml version="1.0" ?>
<!DOCTYPE msxconfig SYSTEM 'msxconfig2.dtd'>
<msxconfig>
  <info>
    <name>ROM Hunter Mk2</name>
    <manufacturer>Daito Micom System</manufacturer>
    <code/>
    <release_year>1986</release_year>
    <description>ROM backup utility</description>
    <type>RAM expansion</type>
  </info>
  <devices>
    <primary slot="any">
      <secondary slot="any">
        <ROM id="ROM Hunter Mk2">
          <mem base="0x0000" size="0x10000"/>
          <rom>
            <sha1>77b886b3ed4048a099099d6b9b0d4cca3a05dce1</sha1>
            <filename>ROM_Hunter_Mk2.rom</filename>
          </rom>
          <mappertype>ROMHunterMk2</mappertype>
        </ROM>
      </secondary>
    </primary>
  </devices>
</msxconfig>
