<?xml version="1.0" ?>
<!DOCTYPE msxconfig SYSTEM 'msxconfig2.dtd'>
<msxconfig>
  <info>
    <name>SCC+</name>
    <manufacturer>Konami</manufacturer>
    <code/>
    <release_year>1988</release_year>
    <description>Generic expanded Konami SCC+ cartridge.</description>
    <type>sound expansion</type>
  </info>
  <devices>
    <primary slot="any">
      <secondary slot="any">
        <SCCplus id="Konami SCC+ Cartridge with expanded RAM">
          <mem base="0x4000" size="0x8000"/>
          <subtype>expanded</subtype>
          <sound>
            <volume>13000</volume>
          </sound>
        </SCCplus>
      </secondary>
    </primary>
  </devices>
</msxconfig>
