<?xml version="1.0" ?>
<!DOCTYPE msxconfig SYSTEM 'msxconfig2.dtd'>
<msxconfig>
  <info>
    <name>Micro Floppydisk Drive</name>
    <manufacturer>Sony</manufacturer>
    <code>HBK-30</code>
    <release_year>1985</release_year>
    <description>External Double Sided Double Density 3.5" disk drive HBD-30W connected via HBK-30 MFDD Interface Cable.</description>
    <type>external disk drive</type>
  </info>
  <devices>
    <primary slot="any">
      <secondary slot="any">
        <WD2793 id="Sony HBK-30 diskROM/FDC">
          <connectionstyle>Philips</connectionstyle>
          <motor_off_timeout_ms>4000</motor_off_timeout_ms>
          <mem base="0x4000" size="0x8000"/>
          <rom>
            <sha1>ba83a80a0041e3a8fb5c075a9b4a29ee92255d62</sha1>
            <filename>hbk-30.rom</filename>
          </rom>
          <drives>1</drives>
        </WD2793>
      </secondary>
    </primary>
  </devices>
</msxconfig>
