<?xml version="1.0" ?>
<!DOCTYPE msxconfig SYSTEM 'msxconfig2.dtd'>
<msxconfig>
  <info>
    <!-- Note: based on https://uniabis.net/pico/msx/hbij1/ -->
    <name>Kanji ROM Cartridge</name>
    <manufacturer>Sony</manufacturer>
    <code>HBI-J1</code>
    <release_year>1988</release_year>
    <description>Sony MSX-JE, Kanji BASIC and Kanji ROM JIS level 1 and 2.</description>
    <type>kanji font expansion</type>
  </info>
  <devices>
    <Kanji id="Kanji ROM">
      <rom>
        <filename>hbi-j1_kanjifont.rom</filename>
        <sha1>218d91eb6df2823c924d3774a9f455492a10aecb</sha1>
      </rom>
      <io base="0xD8" num="2" type="O"/>
      <io base="0xD9" num="1" type="I"/>
      <io base="0xDA" num="2" type="O"/>
      <io base="0xDB" num="1" type="I"/>
    </Kanji>
    <primary slot="any">
      <secondary slot="0">
        <ROM id="HBI-J1 MSX-JE">
          <rom>
            <filename>hbi-j1_msx-je.rom</filename>
            <sha1>ade0c5ba5574f8114d7079050317099b4519e88f</sha1>
          </rom>
          <mem base="0x0000" size="0x10000"/>
          <sramname>hbi-j1_msx-je.sram</sramname>
          <mappertype>Halnote</mappertype>
        </ROM>
      </secondary>
      <secondary slot="1">
        <ROM id="MSX Kanji Driver with BASIC">
          <rom>
            <filename>hbi-j1_kanjibasic.rom</filename>
            <sha1>1ef3956f7f918873fb9b031339bba45d1e5e5878</sha1>
          </rom>
          <mem base="0x4000" size="0x8000"/>
        </ROM>
     </secondary>
    </primary>
  </devices>
</msxconfig>
