{
	"Version": 13,
	"Characters": [{
		"Class": "Jones",
		"HairType": "flattop",
		"Skin": "d25106ff",
		"Arms": "ffffffff",
		"Body": "ffffffff",
		"Legs": "58589cff",
		"Hair": "b79536ff",
		"speed": 384,
		"Gun": "Confusion bombs",
		"maxHealth": 20,
		"flags": 6356992,
		"probabilityToMove": 100,
		"probabilityToTrack": 25,
		"probabilityToShoot": 0,
		"actionDelay": 15
	},
	{
		"Class": "Jones",
		"PlayerTemplateName": "Scientist",
		"HairType": "professor",
		"Skin": "d25106ff",
		"Arms": "ffffffff",
		"Body": "ffffffff",
		"Legs": "58589cff",
		"Hair": "ffffffff",
		"speed": 384,
		"Gun": "Confusion bombs",
		"maxHealth": 20,
		"flags": 6356992,
		"probabilityToMove": 100,
		"probabilityToTrack": 25,
		"probabilityToShoot": 0,
		"actionDelay": 15
	},
	{
		"Class": "Jones",
		"HairType": "beard",
		"Skin": "882800ff",
		"Arms": "ffffffff",
		"Body": "ffffffff",
		"Legs": "58589cff",
		"Hair": "9c9c9cff",
		"speed": 384,
		"Gun": "Confusion bombs",
		"maxHealth": 20,
		"flags": 6356992,
		"probabilityToMove": 100,
		"probabilityToTrack": 25,
		"probabilityToShoot": 0,
		"actionDelay": 15
	},
	{
		"Class": "Jones",
		"HairType": "flattop",
		"Skin": "882800ff",
		"Arms": "ffffffff",
		"Body": "ffffffff",
		"Legs": "58589cff",
		"Hair": "000000ff",
		"speed": 384,
		"Gun": "Confusion bombs",
		"maxHealth": 20,
		"flags": 6356992,
		"probabilityToMove": 100,
		"probabilityToTrack": 25,
		"probabilityToShoot": 0,
		"actionDelay": 15
	},
	{
		"Class": "Jones",
		"HairType": "flattop",
		"Skin": "ff8136ff",
		"Arms": "ffffffff",
		"Body": "ffffffff",
		"Legs": "58589cff",
		"Hair": "000000ff",
		"speed": 384,
		"Gun": "Confusion bombs",
		"maxHealth": 20,
		"flags": 6356992,
		"probabilityToMove": 100,
		"probabilityToTrack": 25,
		"probabilityToShoot": 0,
		"actionDelay": 15
	},
	{
		"Class": "Jones",
		"HairType": "flattop",
		"Skin": "d25106ff",
		"Arms": "ffffffff",
		"Body": "ffffffff",
		"Legs": "58589cff",
		"Hair": "9c0000ff",
		"speed": 384,
		"Gun": "Confusion bombs",
		"maxHealth": 20,
		"flags": 6356992,
		"probabilityToMove": 100,
		"probabilityToTrack": 25,
		"probabilityToShoot": 0,
		"actionDelay": 15
	},
	{
		"Class": "Jones",
		"HairType": "flattop",
		"Skin": "d25106ff",
		"Arms": "ffffffff",
		"Body": "ffffffff",
		"Legs": "58589cff",
		"Hair": "9c0000ff",
		"speed": 256,
		"Gun": "Knife",
		"maxHealth": 20,
		"flags": 0,
		"probabilityToMove": 100,
		"probabilityToTrack": 50,
		"probabilityToShoot": 0,
		"actionDelay": 15
	},
	{
		"Class": "Jones",
		"HairType": "professor",
		"Skin": "ff8136ff",
		"Arms": "ffffffff",
		"Body": "ffffffff",
		"Legs": "58589cff",
		"Hair": "000000ff",
		"speed": 256,
		"Gun": "Knife",
		"maxHealth": 20,
		"flags": 0,
		"probabilityToMove": 100,
		"probabilityToTrack": 50,
		"probabilityToShoot": 0,
		"actionDelay": 15
	},
	{
		"Class": "Jones",
		"HairType": "dutch",
		"Skin": "882800ff",
		"Arms": "ffffffff",
		"Body": "ffffffff",
		"Legs": "58589cff",
		"Hair": "000000ff",
		"speed": 256,
		"Gun": "Knife",
		"maxHealth": 20,
		"flags": 0,
		"probabilityToMove": 100,
		"probabilityToTrack": 50,
		"probabilityToShoot": 0,
		"actionDelay": 15
	},
	{
		"Class": "Robot",
		"Skin": "363636ff",
		"Arms": "363636ff",
		"Body": "363636ff",
		"Legs": "363636ff",
		"Hair": "000000ff",
		"speed": 320,
		"Gun": "Knife",
		"maxHealth": 40,
		"flags": 1024,
		"probabilityToMove": 90,
		"probabilityToTrack": 60,
		"probabilityToShoot": 0,
		"actionDelay": 10
	},
	{
		"Class": "Robot",
		"Skin": "363636ff",
		"Arms": "363636ff",
		"Body": "363636ff",
		"Legs": "363636ff",
		"Hair": "9c0000ff",
		"speed": 320,
		"Gun": "Knife",
		"maxHealth": 40,
		"flags": 1536,
		"probabilityToMove": 100,
		"probabilityToTrack": 60,
		"probabilityToShoot": 20,
		"actionDelay": 10
	},
	{
		"Class": "Robot",
		"Skin": "363636ff",
		"Arms": "363636ff",
		"Body": "363636ff",
		"Legs": "363636ff",
		"Hair": "ff6c00ff",
		"speed": 384,
		"Gun": "Knife",
		"maxHealth": 40,
		"flags": 1024,
		"probabilityToMove": 100,
		"probabilityToTrack": 60,
		"probabilityToShoot": 0,
		"actionDelay": 10
	},
	{
		"Class": "Robot",
		"Skin": "363636ff",
		"Arms": "363636ff",
		"Body": "363636ff",
		"Legs": "363636ff",
		"Hair": "149c14ff",
		"speed": 320,
		"Gun": "Chemo bombs",
		"maxHealth": 40,
		"flags": 8389632,
		"probabilityToMove": 90,
		"probabilityToTrack": 60,
		"probabilityToShoot": 10,
		"actionDelay": 10
	},
	{
		"Class": "Lady",
		"HairType": "ponytail",
		"Skin": "d25106ff",
		"Arms": "ffffffff",
		"Body": "ffffffff",
		"Legs": "58589cff",
		"Hair": "ff6c00ff",
		"speed": 256,
		"Gun": "Confusion bombs",
		"maxHealth": 40,
		"flags": 1835008,
		"probabilityToMove": 60,
		"probabilityToTrack": 25,
		"probabilityToShoot": 0,
		"actionDelay": 5
	},
	{
		"Class": "Jones",
		"HairType": "beret",
		"Skin": "882800ff",
		"Arms": "149c14ff",
		"Body": "149c14ff",
		"Legs": "149c14ff",
		"Hair": "ff0000ff",
		"speed": 256,
		"Gun": "Flamer",
		"maxHealth": 40,
		"flags": 4325376,
		"probabilityToMove": 50,
		"probabilityToTrack": 0,
		"probabilityToShoot": 10,
		"actionDelay": 15
	},
	{
		"Class": "Jones",
		"HairType": "beret",
		"Skin": "ff8136ff",
		"Arms": "149c14ff",
		"Body": "149c14ff",
		"Legs": "149c14ff",
		"Hair": "ff0000ff",
		"speed": 256,
		"Gun": "Powergun",
		"maxHealth": 40,
		"flags": 4325376,
		"probabilityToMove": 50,
		"probabilityToTrack": 0,
		"probabilityToShoot": 10,
		"actionDelay": 15
	},
	{
		"Class": "Jones",
		"HairType": "beret",
		"Skin": "d25106ff",
		"Arms": "149c14ff",
		"Body": "149c14ff",
		"Legs": "149c14ff",
		"Hair": "ff0000ff",
		"speed": 256,
		"Gun": "Machine gun",
		"maxHealth": 40,
		"flags": 4325376,
		"probabilityToMove": 50,
		"probabilityToTrack": 0,
		"probabilityToShoot": 10,
		"actionDelay": 15
	},
	{
		"Class": "Robot",
		"Skin": "363636ff",
		"Arms": "363636ff",
		"Body": "363636ff",
		"Legs": "363636ff",
		"Hair": "9c589cff",
		"speed": 320,
		"Gun": "Confusion bombs",
		"maxHealth": 40,
		"flags": 1024,
		"probabilityToMove": 90,
		"probabilityToTrack": 60,
		"probabilityToShoot": 10,
		"actionDelay": 10
	},
	{
		"Class": "Jones",
		"PlayerTemplateName": "Alpha Commando",
		"HairType": "eye_patch",
		"Skin": "d25106ff",
		"Arms": "363636ff",
		"Body": "149c14ff",
		"Legs": "149c14ff",
		"Hair": "000000ff",
		"speed": 256,
		"Gun": "Powergun",
		"maxHealth": 100,
		"flags": 41943040,
		"probabilityToMove": 80,
		"probabilityToTrack": 90,
		"probabilityToShoot": 25,
		"actionDelay": 5
	},
	{
		"Class": "Jones",
		"PlayerTemplateName": "Alpha Marksman",
		"HairType": "flattop",
		"Skin": "d25106ff",
		"Arms": "149c14ff",
		"Body": "149c14ff",
		"Legs": "149c14ff",
		"Hair": "000000ff",
		"speed": 256,
		"Gun": "Machine gun",
		"maxHealth": 40,
		"flags": 4325376,
		"probabilityToMove": 50,
		"probabilityToTrack": 0,
		"probabilityToShoot": 10,
		"actionDelay": 15
	},
	{
		"Class": "Jones",
		"PlayerTemplateName": "Alpha Leader",
		"HairType": "flattop",
		"Skin": "ff8136ff",
		"Arms": "149c14ff",
		"Body": "149c14ff",
		"Legs": "149c14ff",
		"Hair": "000000ff",
		"speed": 256,
		"Gun": "Flamer",
		"maxHealth": 40,
		"flags": 4325376,
		"probabilityToMove": 50,
		"probabilityToTrack": 0,
		"probabilityToShoot": 10,
		"actionDelay": 15
	},
	{
		"Class": "Jones",
		"HairType": "flattop",
		"Skin": "882800ff",
		"Arms": "149c14ff",
		"Body": "149c14ff",
		"Legs": "149c14ff",
		"Hair": "000000ff",
		"speed": 256,
		"Gun": "Shotgun",
		"maxHealth": 40,
		"flags": 4325376,
		"probabilityToMove": 50,
		"probabilityToTrack": 0,
		"probabilityToShoot": 10,
		"actionDelay": 15
	},
	{
		"Class": "Jones",
		"Skin": "d25106ff",
		"Arms": "149c14ff",
		"Body": "149c14ff",
		"Legs": "149c14ff",
		"Hair": "000000ff",
		"speed": 256,
		"Gun": "Machine gun",
		"maxHealth": 40,
		"flags": 4325376,
		"probabilityToMove": 50,
		"probabilityToTrack": 0,
		"probabilityToShoot": 10,
		"actionDelay": 15
	},
	{
		"Class": "Jones",
		"Skin": "ff8136ff",
		"Arms": "149c14ff",
		"Body": "149c14ff",
		"Legs": "149c14ff",
		"Hair": "000000ff",
		"speed": 256,
		"Gun": "Powergun",
		"maxHealth": 40,
		"flags": 4325376,
		"probabilityToMove": 50,
		"probabilityToTrack": 0,
		"probabilityToShoot": 10,
		"actionDelay": 15
	},
	{
		"Class": "Jones",
		"Skin": "882800ff",
		"Arms": "149c14ff",
		"Body": "149c14ff",
		"Legs": "149c14ff",
		"Hair": "000000ff",
		"speed": 256,
		"Gun": "Machine gun",
		"maxHealth": 40,
		"flags": 4325376,
		"probabilityToMove": 50,
		"probabilityToTrack": 0,
		"probabilityToShoot": 10,
		"actionDelay": 15
	},
	{
		"Class": "Jones",
		"HairType": "beret",
		"Skin": "d25106ff",
		"Arms": "149c14ff",
		"Body": "149c14ff",
		"Legs": "149c14ff",
		"Hair": "ff0000ff",
		"speed": 256,
		"Gun": "Flamer",
		"maxHealth": 40,
		"flags": 4194304,
		"probabilityToMove": 50,
		"probabilityToTrack": 0,
		"probabilityToShoot": 10,
		"actionDelay": 15
	},
	{
		"Class": "Jones",
		"HairType": "beret",
		"Skin": "d25106ff",
		"Arms": "149c14ff",
		"Body": "149c14ff",
		"Legs": "149c14ff",
		"Hair": "ff0000ff",
		"speed": 256,
		"Gun": "Shotgun",
		"maxHealth": 40,
		"flags": 4194304,
		"probabilityToMove": 50,
		"probabilityToTrack": 0,
		"probabilityToShoot": 10,
		"actionDelay": 15
	},
	{
		"Class": "Jones",
		"HairType": "beret",
		"Skin": "882800ff",
		"Arms": "149c14ff",
		"Body": "149c14ff",
		"Legs": "149c14ff",
		"Hair": "ff0000ff",
		"speed": 256,
		"Gun": "Powergun",
		"maxHealth": 40,
		"flags": 4194304,
		"probabilityToMove": 50,
		"probabilityToTrack": 0,
		"probabilityToShoot": 10,
		"actionDelay": 15
	},
	{
		"Class": "Jones",
		"HairType": "beret",
		"Skin": "882800ff",
		"Arms": "149c14ff",
		"Body": "149c14ff",
		"Legs": "149c14ff",
		"Hair": "ff0000ff",
		"speed": 256,
		"Gun": "Machine gun",
		"maxHealth": 40,
		"flags": 4194304,
		"probabilityToMove": 50,
		"probabilityToTrack": 0,
		"probabilityToShoot": 10,
		"actionDelay": 15
	},
	{
		"Class": "Jones",
		"HairType": "beret",
		"Skin": "ff8136ff",
		"Arms": "149c14ff",
		"Body": "149c14ff",
		"Legs": "149c14ff",
		"Hair": "ff0000ff",
		"speed": 256,
		"Gun": "Powergun",
		"maxHealth": 40,
		"flags": 4194304,
		"probabilityToMove": 50,
		"probabilityToTrack": 0,
		"probabilityToShoot": 10,
		"actionDelay": 15
	},
	{
		"Class": "Jones",
		"HairType": "beret",
		"Skin": "ff8136ff",
		"Arms": "149c14ff",
		"Body": "149c14ff",
		"Legs": "149c14ff",
		"Hair": "ff0000ff",
		"speed": 256,
		"Gun": "Shrapnel bombs",
		"maxHealth": 40,
		"flags": 4194304,
		"probabilityToMove": 50,
		"probabilityToTrack": 0,
		"probabilityToShoot": 10,
		"actionDelay": 15
	}]
}