{
	"Version": 13,
	"Characters": [{
		"Class": "Jones",
		"PlayerTemplateName": "Soldier",
		"HairType": "beret",
		"Skin": "d25106ff",
		"Arms": "149c14ff",
		"Body": "149c14ff",
		"Legs": "149c14ff",
		"Hair": "ff0000ff",
		"speed": 256,
		"Gun": "Powergun",
		"maxHealth": 40,
		"flags": 33685504,
		"probabilityToMove": 50,
		"probabilityToTrack": 0,
		"probabilityToShoot": 15,
		"actionDelay": 15
	},
	{
		"Class": "Jones",
		"HairType": "beret",
		"Skin": "882800ff",
		"Arms": "149c14ff",
		"Body": "149c14ff",
		"Legs": "149c14ff",
		"Hair": "ff0000ff",
		"speed": 256,
		"Gun": "Machine gun",
		"maxHealth": 40,
		"flags": 33685504,
		"probabilityToMove": 50,
		"probabilityToTrack": 0,
		"probabilityToShoot": 15,
		"actionDelay": 15
	},
	{
		"Class": "Jones",
		"HairType": "beret",
		"Skin": "ff8136ff",
		"Arms": "149c14ff",
		"Body": "149c14ff",
		"Legs": "149c14ff",
		"Hair": "ff0000ff",
		"speed": 256,
		"Gun": "Flamer",
		"maxHealth": 40,
		"flags": 33685504,
		"probabilityToMove": 50,
		"probabilityToTrack": 0,
		"probabilityToShoot": 15,
		"actionDelay": 15
	},
	{
		"Class": "Jones",
		"PlayerTemplateName": "Concerned citizen",
		"HairType": "flattop",
		"Skin": "d25106ff",
		"Arms": "ffffffff",
		"Body": "ffffffff",
		"Legs": "363636ff",
		"Hair": "ff6c00ff",
		"speed": 256,
		"Gun": "Confusion bombs",
		"maxHealth": 20,
		"flags": 6356992,
		"probabilityToMove": 100,
		"probabilityToTrack": 50,
		"probabilityToShoot": 0,
		"actionDelay": 15
	},
	{
		"Class": "Jones",
		"HairType": "flattop",
		"Skin": "882800ff",
		"Arms": "ffffffff",
		"Body": "ffffffff",
		"Legs": "363636ff",
		"Hair": "000000ff",
		"speed": 256,
		"Gun": "Confusion bombs",
		"maxHealth": 20,
		"flags": 6356992,
		"probabilityToMove": 100,
		"probabilityToTrack": 50,
		"probabilityToShoot": 0,
		"actionDelay": 15
	},
	{
		"Class": "Jones",
		"HairType": "hogan",
		"Skin": "ff8136ff",
		"Arms": "ffffffff",
		"Body": "9c9c9cff",
		"Legs": "363636ff",
		"Hair": "9c9c9cff",
		"speed": 256,
		"Gun": "Confusion bombs",
		"maxHealth": 20,
		"flags": 6356992,
		"probabilityToMove": 100,
		"probabilityToTrack": 50,
		"probabilityToShoot": 0,
		"actionDelay": 15
	},
	{
		"Class": "Jones",
		"HairType": "beard",
		"Skin": "d25106ff",
		"Arms": "ffffffff",
		"Body": "ff8136ff",
		"Legs": "363636ff",
		"Hair": "363636ff",
		"speed": 256,
		"Gun": "Confusion bombs",
		"maxHealth": 20,
		"flags": 6356992,
		"probabilityToMove": 100,
		"probabilityToTrack": 50,
		"probabilityToShoot": 0,
		"actionDelay": 15
	},
	{
		"Class": "Lady",
		"PlayerTemplateName": "Innocent bystander",
		"HairType": "ponytail",
		"Skin": "d25106ff",
		"Arms": "363636ff",
		"Body": "9c0000ff",
		"Legs": "b79536ff",
		"Hair": "9c0000ff",
		"speed": 256,
		"Gun": "Confusion bombs",
		"maxHealth": 20,
		"flags": 6356992,
		"probabilityToMove": 100,
		"probabilityToTrack": 50,
		"probabilityToShoot": 0,
		"actionDelay": 15
	},
	{
		"Class": "Jones",
		"HairType": "flattop",
		"Skin": "d25106ff",
		"Arms": "ffffffff",
		"Body": "ff8136ff",
		"Legs": "363636ff",
		"Hair": "9c0000ff",
		"speed": 256,
		"Gun": "Confusion bombs",
		"maxHealth": 20,
		"flags": 6356992,
		"probabilityToMove": 100,
		"probabilityToTrack": 50,
		"probabilityToShoot": 0,
		"actionDelay": 15
	},
	{
		"Class": "Jones",
		"HairType": "flattop",
		"Skin": "d25106ff",
		"Arms": "ffffffff",
		"Body": "58589cff",
		"Legs": "363636ff",
		"Hair": "ff8136ff",
		"speed": 256,
		"Gun": "Confusion bombs",
		"maxHealth": 20,
		"flags": 6356992,
		"probabilityToMove": 100,
		"probabilityToTrack": 50,
		"probabilityToShoot": 0,
		"actionDelay": 15
	},
	{
		"Class": "Bug-eye",
		"Skin": "9c589cff",
		"Arms": "9c589cff",
		"Body": "58589cff",
		"Legs": "9c589cff",
		"Hair": "000000ff",
		"speed": 256,
		"Gun": "Browny gun",
		"maxHealth": 40,
		"flags": 1024,
		"probabilityToMove": 35,
		"probabilityToTrack": 25,
		"probabilityToShoot": 12,
		"actionDelay": 15
	},
	{
		"Class": "Bug-eye",
		"Skin": "9c0000ff",
		"Arms": "9c0000ff",
		"Body": "58589cff",
		"Legs": "9c0000ff",
		"Hair": "000000ff",
		"speed": 256,
		"Gun": "Browny gun",
		"maxHealth": 40,
		"flags": 0,
		"probabilityToMove": 50,
		"probabilityToTrack": 40,
		"probabilityToShoot": 27,
		"actionDelay": 15
	},
	{
		"Class": "Bug-eye",
		"Skin": "149c14ff",
		"Arms": "149c14ff",
		"Body": "58589cff",
		"Legs": "149c14ff",
		"Hair": "000000ff",
		"speed": 256,
		"Gun": "Browny gun",
		"maxHealth": 40,
		"flags": 0,
		"probabilityToMove": 85,
		"probabilityToTrack": 70,
		"probabilityToShoot": 27,
		"actionDelay": 15
	},
	{
		"Class": "Bug-eye",
		"Skin": "9c589cff",
		"Arms": "9c589cff",
		"Body": "58589cff",
		"Legs": "9c589cff",
		"Hair": "000000ff",
		"speed": 256,
		"Gun": "Petrify gun",
		"maxHealth": 40,
		"flags": 1024,
		"probabilityToMove": 20,
		"probabilityToTrack": 55,
		"probabilityToShoot": 32,
		"actionDelay": 15
	},
	{
		"Class": "Bug-eye",
		"Skin": "b79536ff",
		"Arms": "b79536ff",
		"Body": "58589cff",
		"Legs": "b79536ff",
		"Hair": "000000ff",
		"speed": 256,
		"Gun": "Chemo gun",
		"maxHealth": 40,
		"flags": 1024,
		"probabilityToMove": 35,
		"probabilityToTrack": 25,
		"probabilityToShoot": 12,
		"actionDelay": 15
	},
	{
		"Class": "Mad bug-eye",
		"Skin": "9c9c9cff",
		"Arms": "9c9c9cff",
		"Body": "9c0000ff",
		"Legs": "9c9c9cff",
		"Hair": "000000ff",
		"speed": 256,
		"Gun": "Powergun",
		"maxHealth": 80,
		"flags": 8389632,
		"probabilityToMove": 50,
		"probabilityToTrack": 50,
		"probabilityToShoot": 12,
		"actionDelay": 10
	},
	{
		"Class": "Mad bug-eye",
		"Skin": "ff8136ff",
		"Arms": "ff8136ff",
		"Body": "9c5858ff",
		"Legs": "ff8136ff",
		"Hair": "000000ff",
		"speed": 384,
		"Gun": "Knife",
		"maxHealth": 40,
		"flags": 1024,
		"probabilityToMove": 100,
		"probabilityToTrack": 80,
		"probabilityToShoot": 0,
		"actionDelay": 10
	},
	{
		"Class": "Bug-eye",
		"Skin": "9c589cff",
		"Arms": "9c589cff",
		"Body": "58589cff",
		"Legs": "9c589cff",
		"Hair": "000000ff",
		"speed": 256,
		"Gun": "Confusion bombs",
		"maxHealth": 40,
		"flags": 1024,
		"probabilityToMove": 35,
		"probabilityToTrack": 25,
		"probabilityToShoot": 5,
		"actionDelay": 15
	},
	{
		"Class": "Bug-eye",
		"Skin": "b79536ff",
		"Arms": "b79536ff",
		"Body": "58589cff",
		"Legs": "b79536ff",
		"Hair": "000000ff",
		"speed": 256,
		"Gun": "Chemo bombs",
		"maxHealth": 40,
		"flags": 1024,
		"probabilityToMove": 35,
		"probabilityToTrack": 25,
		"probabilityToShoot": 10,
		"actionDelay": 15
	},
	{
		"Class": "Bug-eye",
		"Skin": "ffffffff",
		"Arms": "ffffffff",
		"Body": "58589cff",
		"Legs": "ffffffff",
		"Hair": "000000ff",
		"speed": 256,
		"Gun": "Knife",
		"maxHealth": 40,
		"flags": 0,
		"probabilityToMove": 55,
		"probabilityToTrack": 25,
		"probabilityToShoot": 0,
		"actionDelay": 15
	},
	{
		"Class": "Bug-eye",
		"Skin": "9c0000ff",
		"Arms": "9c0000ff",
		"Body": "58589cff",
		"Legs": "9c0000ff",
		"Hair": "000000ff",
		"speed": 256,
		"Gun": "Flamer",
		"maxHealth": 40,
		"flags": 0,
		"probabilityToMove": 50,
		"probabilityToTrack": 40,
		"probabilityToShoot": 27,
		"actionDelay": 15
	},
	{
		"Class": "Bug-eye",
		"Skin": "9c9c9cff",
		"Arms": "9c9c9cff",
		"Body": "9c9c9cff",
		"Legs": "9c9c9cff",
		"Hair": "000000ff",
		"speed": 256,
		"Gun": "Browny gun",
		"maxHealth": 40,
		"flags": 2048,
		"probabilityToMove": 35,
		"probabilityToTrack": 25,
		"probabilityToShoot": 12,
		"actionDelay": 15
	},
	{
		"Class": "Bug-eye",
		"Skin": "9c9c9cff",
		"Arms": "9c9c9cff",
		"Body": "9c9c9cff",
		"Legs": "9c9c9cff",
		"Hair": "000000ff",
		"speed": 256,
		"Gun": "Knife",
		"maxHealth": 40,
		"flags": 2048,
		"probabilityToMove": 60,
		"probabilityToTrack": 25,
		"probabilityToShoot": 0,
		"actionDelay": 15
	},
	{
		"Class": "Jones",
		"PlayerTemplateName": "Scientist",
		"HairType": "professor",
		"Skin": "882800ff",
		"Arms": "ffffffff",
		"Body": "ffffffff",
		"Legs": "363636ff",
		"Hair": "000000ff",
		"speed": 256,
		"Gun": "Confusion bombs",
		"maxHealth": 20,
		"flags": 6356992,
		"probabilityToMove": 100,
		"probabilityToTrack": 5,
		"probabilityToShoot": 0,
		"actionDelay": 20
	},
	{
		"Class": "Jones",
		"HairType": "professor",
		"Skin": "ff8136ff",
		"Arms": "ffffffff",
		"Body": "ffffffff",
		"Legs": "363636ff",
		"Hair": "9c9c9cff",
		"speed": 256,
		"Gun": "Confusion bombs",
		"maxHealth": 20,
		"flags": 6356992,
		"probabilityToMove": 100,
		"probabilityToTrack": 5,
		"probabilityToShoot": 0,
		"actionDelay": 20
	},
	{
		"Class": "Jones",
		"HairType": "dutch",
		"Skin": "d25106ff",
		"Arms": "ffffffff",
		"Body": "ffffffff",
		"Legs": "363636ff",
		"Hair": "ffffffff",
		"speed": 256,
		"Gun": "Confusion bombs",
		"maxHealth": 20,
		"flags": 6356992,
		"probabilityToMove": 100,
		"probabilityToTrack": 5,
		"probabilityToShoot": 0,
		"actionDelay": 20
	},
	{
		"Class": "Jones",
		"HairType": "beard",
		"Skin": "d25106ff",
		"Arms": "ffffffff",
		"Body": "ffffffff",
		"Legs": "363636ff",
		"Hair": "9c0000ff",
		"speed": 256,
		"Gun": "Confusion bombs",
		"maxHealth": 20,
		"flags": 6356992,
		"probabilityToMove": 100,
		"probabilityToTrack": 5,
		"probabilityToShoot": 0,
		"actionDelay": 20
	},
	{
		"Class": "Lady",
		"HairType": "ponytail",
		"Skin": "ff8136ff",
		"Arms": "ffffffff",
		"Body": "ffffffff",
		"Legs": "363636ff",
		"Hair": "363636ff",
		"speed": 256,
		"Gun": "Confusion bombs",
		"maxHealth": 20,
		"flags": 6356992,
		"probabilityToMove": 100,
		"probabilityToTrack": 5,
		"probabilityToShoot": 0,
		"actionDelay": 20
	},
	{
		"Class": "Mad bug-eye",
		"Skin": "ff6c00ff",
		"Arms": "ff6c00ff",
		"Body": "ff6c00ff",
		"Legs": "ff6c00ff",
		"Hair": "000000ff",
		"speed": 384,
		"Gun": "Molotovs",
		"maxHealth": 500,
		"flags": 41944576,
		"probabilityToMove": 80,
		"probabilityToTrack": 80,
		"probabilityToShoot": 10,
		"actionDelay": 10
	}]
}