<theme>
<formatVersion>7</formatVersion>
<include>./../theme.xml</include>

<view name="basic, detailed, video, grid">
    <text name="nameLabel" extra="true">
    <text>TurboGrafx-16</text>
  </text>
</view>    

<view name="system">
  <text name="sys_line2" extra="true">
    <text>TurboGrafx-16</text>

  </text>   
  <text name="shortdescription" extra="true">
   <text>1987  ·  16-bit Console</text>
  </text>
  <text name="longdescription" extra="true">
   <text>Originally intended to compete with the NES, it ended up competing with the Sega Genesis, and later on the Super Nintendo</text>
  </text>
 </view>
</theme>
