{
  "Version": 2,
  "Bullets": [
    {
      "Name": "knife",
      "Power": 8,
      "HitSounds": {
        "Object": "hits/knife_hard",
        "Flesh": "hits/knife_flesh"
      },
      "HitsObjects": false
    },
    {
      "Name": "bullet",
      "Pic": {
        "Type": "Normal",
        "Pic": ""
      },
      "Trail": {
        "Particle": "trail",
        "Width": 1.0
      },
      "OutOfRangeSpark": "spark",
      "WallMark": "bullet_hole",
      "HitsObjects": false,
      "Speed": 35000,
      "Range": 1,
      "Power": 21,
      "Mass": 0.2
    },
    {
      "Name": "bullet_enemy",
      "Pic": {
        "Type": "Normal",
        "Pic": ""
      },
      "Trail": {
        "Particle": "trail",
        "Width": 1.0
      },
      "OutOfRangeSpark": "spark",
      "WallMark": "bullet_hole",
      "HitsObjects": false,
      "Speed": 35000,
      "Range": 1,
      "Power": 16,
      "Mass": 0.2
    },
    {
      "Name": "bullet_boss",
      "Pic": {
        "Type": "Normal",
        "Pic": ""
      },
      "Trail": {
        "Particle": "trail",
        "Width": 1.0
      },
      "OutOfRangeSpark": "spark",
      "WallMark": "bullet_hole",
      "HitsObjects": false,
      "Speed": 35000,
      "Range": 1,
      "Power": 24,
      "Mass": 0.2
    },
    {
      "Name": "dog_bite",
      "Power": 11,
      "Mass": 1.0,
      "HitSounds": {
        "Object": "hits/dog_growl",
        "Flesh": "hits/dog_growl"
      }
    },
    {
      "Name": "ghost_drain",
      "Power": 3,
      "Mass": 0,
      "HitSounds": {
        "Object": "hits/knife_hard",
        "Flesh": "hits/knife_flesh"
      }
    }
  ]
}
