{
	"Version": 13,
	"Characters": [{
		"Class": "Jones",
		"PlayerTemplateName": "B.J.Blazkowicz",
		"HairType": "flattop",
		"Skin": "ffb26aff",
		"Arms": "878787ff",
		"Body": "918f8fff",
		"Legs": "878787ff",
		"Hair": "fc7e04ff",
		"Feet": "747474ff",
		"speed": 256,
		"Gun": "Machine gun",
		"maxHealth": 40,
		"flags": 0,
		"probabilityToMove": 50,
		"probabilityToTrack": 25,
		"probabilityToShoot": 2,
		"actionDelay": 15
	},
	{
		"Class": "Guard",
		"HairType": "combat_helmet",
		"Skin": "ff9e40ff",
		"Arms": "db9642ff",
		"Body": "de9b4bff",
		"Legs": "e2964dff",
		"Hair": "9a9a9aff",
		"Feet": "353787ff",
		"speed": 256,
		"Gun": "Guard Pistol",
		"maxHealth": 25,
		"flags": 128,
		"probabilityToMove": 50,
		"probabilityToTrack": 25,
		"probabilityToShoot": 2,
		"actionDelay": 15
	},
	{
		"Class": "Killer Dog",
		"Skin": "d9822dff",
		"Arms": "404040ff",
		"Body": "404040ff",
		"Legs": "404040ff",
		"Hair": "565555ff",
		"Feet": "404040ff",
		"speed": 256,
		"Gun": "Dog Bite",
		"maxHealth": 1,
		"flags": 128,
		"probabilityToMove": 50,
		"probabilityToTrack": 25,
		"probabilityToShoot": 0,
		"actionDelay": 15
	},
	{
		"Class": "SS",
		"HairType": "beret",
		"Skin": "ffa83bff",
		"Arms": "0b2effff",
		"Body": "041af5ff",
		"Legs": "0c06fcff",
		"Hair": "181effff",
		"Feet": "404040ff",
		"speed": 256,
		"Gun": "SS Machine Gun",
		"maxHealth": 100,
		"flags": 128,
		"probabilityToMove": 50,
		"probabilityToTrack": 25,
		"probabilityToShoot": 2,
		"actionDelay": 15
	},
	{
		"Class": "Mutant",
		"HairType": "flattop",
		"Skin": "e9e9e9ff",
		"Arms": "093f00ff",
		"Body": "003f06ff",
		"Legs": "003c08ff",
		"Hair": "000000ff",
		"Feet": "404040ff",
		"speed": 256,
		"Gun": "Guard Pistol",
		"maxHealth": 55,
		"flags": 1152,
		"probabilityToMove": 50,
		"probabilityToTrack": 25,
		"probabilityToShoot": 2,
		"actionDelay": 15
	},
	{
		"Class": "Officer",
		"HairType": "peak_cap",
		"Skin": "ffa83bff",
		"Arms": "ecececff",
		"Body": "f8f8ffff",
		"Legs": "fcfcfcff",
		"Hair": "ff1709ff",
		"Feet": "404040ff",
		"speed": 256,
		"Gun": "Guard Pistol",
		"maxHealth": 50,
		"flags": 128,
		"probabilityToMove": 50,
		"probabilityToTrack": 25,
		"probabilityToShoot": 2,
		"actionDelay": 15
	},
	{
		"Class": "Pacman Ghost",
		"HairType": "pacman_ghost",
		"Skin": "00ff00ff",
		"Arms": "404040ff",
		"Body": "404040ff",
		"Legs": "404040ff",
		"Hair": "ad0000ff",
		"Feet": "404040ff",
		"speed": 256,
		"Gun": "Ghost Drain",
		"maxHealth": 40,
		"flags": 525440,
		"probabilityToMove": 50,
		"probabilityToTrack": 25,
		"probabilityToShoot": 2,
		"actionDelay": 15
	},
	{
		"Class": "Pacman Ghost",
		"HairType": "pacman_ghost",
		"Skin": "00ff00ff",
		"Arms": "404040ff",
		"Body": "404040ff",
		"Legs": "404040ff",
		"Hair": "fca600ff",
		"Feet": "404040ff",
		"speed": 256,
		"Gun": "Ghost Drain",
		"maxHealth": 40,
		"flags": 525440,
		"probabilityToMove": 50,
		"probabilityToTrack": 25,
		"probabilityToShoot": 2,
		"actionDelay": 15
	},
	{
		"Class": "Pacman Ghost",
		"HairType": "pacman_ghost",
		"Skin": "00ff00ff",
		"Arms": "404040ff",
		"Body": "404040ff",
		"Legs": "404040ff",
		"Hair": "4147fcff",
		"Feet": "404040ff",
		"speed": 256,
		"Gun": "Ghost Drain",
		"maxHealth": 40,
		"flags": 525440,
		"probabilityToMove": 50,
		"probabilityToTrack": 25,
		"probabilityToShoot": 2,
		"actionDelay": 15
	},
	{
		"Class": "Pacman Ghost",
		"HairType": "pacman_ghost",
		"Skin": "00ff00ff",
		"Arms": "404040ff",
		"Body": "404040ff",
		"Legs": "404040ff",
		"Hair": "ff6c84ff",
		"Feet": "404040ff",
		"speed": 256,
		"Gun": "Ghost Drain",
		"maxHealth": 40,
		"flags": 525440,
		"probabilityToMove": 50,
		"probabilityToTrack": 25,
		"probabilityToShoot": 2,
		"actionDelay": 15
	},
	{
		"Class": "Hans Grosse",
		"HairType": "flattop",
		"Skin": "ffbf73ff",
		"Arms": "0c08f0ff",
		"Body": "0016ffff",
		"Legs": "0820fcff",
		"Hair": "fcfa0aff",
		"Feet": "0200f7ff",
		"speed": 256,
		"Gun": "Dual Chain Gun",
		"maxHealth": 1000,
		"flags": 128,
		"probabilityToMove": 50,
		"probabilityToTrack": 25,
		"probabilityToShoot": 2,
		"actionDelay": 15
	},
	{
		"Class": "Dr Schabbs",
		"HairType": "goggles",
		"Skin": "ffc785ff",
		"Arms": "f7f5f5ff",
		"Body": "fffafaff",
		"Legs": "fffcfcff",
		"Hair": "fcfcfcff",
		"Feet": "fffcfcff",
		"speed": 256,
		"Gun": "Dual Chain Gun",
		"maxHealth": 1250,
		"flags": 1152,
		"probabilityToMove": 50,
		"probabilityToTrack": 25,
		"probabilityToShoot": 2,
		"actionDelay": 15
	},
	{
		"Class": "Fake Hitler",
		"HairType": "hitler",
		"Skin": "ffb871ff",
		"Arms": "ffe841ff",
		"Body": "404040ff",
		"Legs": "850000ff",
		"Hair": "000000ff",
		"Feet": "404040ff",
		"speed": 256,
		"Gun": "Flamer",
		"maxHealth": 350,
		"flags": 1152,
		"probabilityToMove": 50,
		"probabilityToTrack": 25,
		"probabilityToShoot": 2,
		"actionDelay": 15
	},
	{
		"Class": "Mecha Hitler",
		"HairType": "hitler",
		"Skin": "ffb871ff",
		"Arms": "007a83ff",
		"Body": "007f83ff",
		"Legs": "007a7eff",
		"Hair": "000000ff",
		"Feet": "006a74ff",
		"speed": 256,
		"Gun": "Dual Chain Gun",
		"maxHealth": 1000,
		"flags": 1152,
		"probabilityToMove": 50,
		"probabilityToTrack": 25,
		"probabilityToShoot": 2,
		"actionDelay": 15
	},
	{
		"Class": "Hitler",
		"HairType": "hitler",
		"Skin": "ffb871ff",
		"Arms": "d99b3cff",
		"Body": "d9a644ff",
		"Legs": "d29a2eff",
		"Hair": "000000ff",
		"Feet": "020100ff",
		"speed": 256,
		"Gun": "Dual Chain Gun",
		"maxHealth": 750,
		"flags": 1152,
		"probabilityToMove": 50,
		"probabilityToTrack": 25,
		"probabilityToShoot": 2,
		"actionDelay": 15
	},
	{
		"Class": "Otto Giftmacher",
		"HairType": "peak_cap",
		"Skin": "ffbb63ff",
		"Arms": "ecececff",
		"Body": "f8f8ffff",
		"Legs": "fcfcfcff",
		"Hair": "ffededff",
		"Feet": "404040ff",
		"speed": 256,
		"Gun": "Dual Chain Gun",
		"maxHealth": 1000,
		"flags": 128,
		"probabilityToMove": 50,
		"probabilityToTrack": 25,
		"probabilityToShoot": 2,
		"actionDelay": 15
	},
	{
		"Class": "Gretel Grosse",
		"HairType": "pigtails",
		"Skin": "ffbf73ff",
		"Arms": "f00d00ff",
		"Body": "ff0000ff",
		"Legs": "fc0808ff",
		"Hair": "fcfa0aff",
		"Feet": "f70d00ff",
		"speed": 256,
		"Gun": "Dual Chain Gun",
		"maxHealth": 1000,
		"flags": 128,
		"probabilityToMove": 50,
		"probabilityToTrack": 25,
		"probabilityToShoot": 2,
		"actionDelay": 15
	},
	{
		"Class": "General Fettgesicht",
		"HairType": "peak_cap",
		"Skin": "ffbb63ff",
		"Arms": "ffbf5fff",
		"Body": "ffc26aff",
		"Legs": "ffb965ff",
		"Hair": "ffd073ff",
		"Feet": "404040ff",
		"speed": 256,
		"Gun": "Dual Chain Gun",
		"maxHealth": 1000,
		"flags": 128,
		"probabilityToMove": 50,
		"probabilityToTrack": 25,
		"probabilityToShoot": 2,
		"actionDelay": 15
	},
	{
		"Class": "Trans Grosse",
		"HairType": "flattop",
		"Skin": "ffbf73ff",
		"Arms": "368700ff",
		"Body": "00850cff",
		"Legs": "028707ff",
		"Hair": "c47300ff",
		"Feet": "027b0cff",
		"speed": 256,
		"Gun": "Dual Chain Gun",
		"maxHealth": 1000,
		"flags": 128,
		"probabilityToMove": 50,
		"probabilityToTrack": 25,
		"probabilityToShoot": 2,
		"actionDelay": 15
	},
	{
		"Class": "Barnacle Wilhelm",
		"HairType": "donut",
		"Skin": "ffbf73ff",
		"Arms": "ffc368ff",
		"Body": "2c53ffff",
		"Legs": "04ff0bff",
		"Hair": "fcf678ff",
		"Feet": "00187bff",
		"speed": 256,
		"Gun": "Dual Chain Gun",
		"maxHealth": 1100,
		"flags": 128,
		"probabilityToMove": 50,
		"probabilityToTrack": 25,
		"probabilityToShoot": 2,
		"actionDelay": 15
	},
	{
		"Class": "Ubermutant",
		"HairType": "flattop",
		"Skin": "e9e9e9ff",
		"Arms": "093f00ff",
		"Body": "003f06ff",
		"Legs": "003c08ff",
		"Hair": "000000ff",
		"Feet": "404040ff",
		"speed": 256,
		"Gun": "Dual Chain Gun",
		"maxHealth": 1200,
		"flags": 1152,
		"probabilityToMove": 50,
		"probabilityToTrack": 25,
		"probabilityToShoot": 2,
		"actionDelay": 15
	},
	{
		"Class": "Death Knight",
		"HairType": "helmet",
		"Skin": "ffbf73ff",
		"Arms": "545454ff",
		"Body": "4f4f4fff",
		"Legs": "3e3f3eff",
		"Hair": "4a4a4aff",
		"Feet": "494a4aff",
		"speed": 256,
		"Gun": "Dual Chain Gun",
		"maxHealth": 1400,
		"flags": 128,
		"probabilityToMove": 50,
		"probabilityToTrack": 25,
		"probabilityToShoot": 2,
		"actionDelay": 15
	},
	{
		"Class": "Ghost",
		"HairType": "ghost",
		"Skin": "00ff00ff",
		"Arms": "404040ff",
		"Body": "404040ff",
		"Legs": "404040ff",
		"Hair": "ad0000ff",
		"Feet": "404040ff",
		"speed": 256,
		"Gun": "Ghost Drain",
		"maxHealth": 12,
		"flags": 3200,
		"probabilityToMove": 50,
		"probabilityToTrack": 25,
		"probabilityToShoot": 2,
		"actionDelay": 15
	},
	{
		"Class": "Angel of Death",
		"Skin": "ff0000ff",
		"Arms": "ff0000ff",
		"Body": "e90a0aff",
		"Legs": "f70000ff",
		"Hair": "000000ff",
		"Feet": "ee0000ff",
		"speed": 256,
		"Gun": "Dual Chain Gun",
		"maxHealth": 1600,
		"flags": 1152,
		"probabilityToMove": 50,
		"probabilityToTrack": 25,
		"probabilityToShoot": 2,
		"actionDelay": 15
	}]
}