{
  "Version": 3,
  "Guns": [
    {
      "Pic": "knife",
      "Icon": "knife",
      "Name": "Knife",
      "Bullet": "knife",
      "Cost": 0,
      "Lock": 30,
      "Sound": "",
      "SwitchSound": "knife_switch",
      "CanShoot": false
    },
    {
      "Name": "Pistol",
      "Icon": "pistol",
      "Bullet": "bullet",
      "Cost": 1,
      "Lock": 30,
      "Sound": "pistol",
      "SwitchSound": "pistol_switch",
      "Recoil": 0.1,
      "Brass": "brass",
      "Ammo": "Ammo"
    },
    {
      "Name": "Machine Gun",
      "Icon": "assault_rifle",
      "Bullet": "bullet",
      "Cost": 1,
      "Lock": 12,
      "Sound": "machine_gun",
      "SwitchSound": "shotgun_r",
      "Recoil": 0.17,
      "Brass": "brass",
      "Ammo": "Ammo"
    },
    {
      "Name": "Chain Gun",
      "Icon": "machine_gun",
      "Bullet": "bullet",
      "Cost": 1,
      "Lock": 6,
      "Sound": "chain_gun",
      "SwitchSound": "mg_switch",
      "Recoil": 0.23,
      "Brass": "brass",
      "Ammo": "Ammo"
    },
    {
      "Name": "Guard Pistol",
      "Icon": "pistol",
      "Bullet": "bullet_enemy",
      "Cost": 1,
      "Lock": 70,
      "Sound": "pistol_guard",
      "SwitchSound": "pistol_switch",
      "Recoil": 0.3,
      "Brass": "brass",
      "Ammo": "Ammo",
      "CanDrop": false
    },
    {
      "Name": "SS Machine Gun",
      "Icon": "assault_rifle",
      "Bullet": "bullet_boss",
      "Cost": 1,
      "Lock": 6,
      "Sound": "machine_gun_burst",
      "SwitchSound": "shotgun_r",
      "Recoil": 0.3,
      "Brass": "brass",
      "Ammo": "Ammo",
      "CanDrop": false
    },
    {
      "Name": "Dual Chain Gun",
      "Icon": "machine_gun",
      "Bullet": "bullet_boss",
      "Cost": 1,
      "Lock": 6,
      "Sound": "dual_chain_gun",
      "SwitchSound": "mg_switch",
      "Recoil": 0.3,
      "Brass": "brass",
      "CanDrop": false,
      "Barrel": {
        "Count": 2,
        "Lock": 3
      }
    },
    {
      "Pic": "",
      "Name": "Dog Bite",
      "Bullet": "dog_bite",
      "Cost": 0,
      "Lock": 80,
      "Sound": "",
      "CanShoot": false,
      "CanDrop": false
    },
    {
      "Pic": "",
      "Name": "Ghost Drain",
      "Bullet": "ghost_drain",
      "Cost": 0,
      "Sound": "",
      "SoundLockLength": 10,
      "CanShoot": false,
      "CanDrop": false
    }
  ]
}
