{
  "Version": 2,
  "Pickups": [
    {
      "Name": "dogfood",
      "Pic": {
        "Type": "Normal",
        "Pic": "dogfood"
      },
      "Type": "Health",
      "Health": 4
    },
    {
      "Name": "meal",
      "Pic": {
        "Type": "Normal",
        "Pic": "meal"
      },
      "Type": "Health",
      "Health": 10
    },
    {
      "Name": "heart",
      "Pic": {
        "Type": "Normal",
        "Pic": "heart"
      },
      "Type": "Health",
      "Health": 100
    },
    {
      "Name": "cross",
      "Pic": {
        "Type": "Normal",
        "Pic": "cross"
      },
      "Type": "Score",
      "Score": 100
    },
    {
      "Name": "chalice",
      "Pic": {
        "Type": "Normal",
        "Pic": "chalice"
      },
      "Type": "Score",
      "Score": 500
    },
    {
      "Name": "chest",
      "Pic": {
        "Type": "Normal",
        "Pic": "chest"
      },
      "Type": "Score",
      "Score": 1000
    },
    {
      "Name": "crown",
      "Pic": {
        "Type": "Normal",
        "Pic": "crown"
      },
      "Type": "Score",
      "Score": 5000
    },
    {
      "Name": "ammo_box",
      "Pic": {
        "Type": "Normal",
        "Pic": "ammo_box"
      },
      "Type": "Ammo",
      "Ammo": "Ammo",
      "Amount": 25
    },
    {
      "Name": "spear",
      "Pic": {
        "Type": "Normal",
        "Pic": "spear"
      },
      "Type": "Score"
    }
  ]
}
