{
	"Missions": [{
		"Title": "Mission 1",
		"Description": "",
		"Type": "Classic",
		"Width": 38,
		"Height": 38,
		"WallStyle": "plasteel",
		"FloorStyle": "tile",
		"RoomStyle": "recessed",
		"ExitStyle": "hazard",
		"KeyStyle": "office",
		"DoorStyle": "office",
		"Objectives": [],
		"Enemies": [0],
		"SpecialChars": [],
		"MapObjectDensities": [{
			"MapObject": "barrel_blue",
			"Density": 105
		},
		{
			"MapObject": "box",
			"Density": 55
		}],
		"EnemyDensity": 35,
		"Weapons": ["Knife",
		"Machine gun",
		"Grenades",
		"Flamer",
		"Shotgun",
		"Powergun",
		"Shrapnel bombs",
		"Molotovs",
		"Sniper rifle",
		"Prox. mine",
		"Dynamite",
		"Chemo bombs",
		"Petrify gun",
		"Browny gun",
		"Confusion bombs",
		"Chemo gun",
		"Pulse rifle",
		"Heatseeker",
		"Swarmer",
		"Launcher",
		"Pistol",
		"Spread Gun",
		"Chaser2",
		"Stick Grenade",
		"Vulcan",
		"Nuclear Strike",
		"Booby Trap",
		"Scorpion Spear",
		"Laser Pointer",
	"Akimbo Pistols"],
		"Song": "",
		"WallMask": "343448",
		"FloorMask": "5c5c84",
		"RoomMask": "840000",
		"AltMask": "840000",
		"Walls": 10,
		"WallLength": 8,
		"CorridorWidth": 2,
		"Rooms": {
			"Count": 0,
			"Min": 0,
			"Max": 0,
			"Edge": false,
			"Overlap": false,
			"Walls": 0,
			"WallLength": 0,
			"WallPad": 0
		},
		"Squares": 0,
		"Doors": {
			"Enabled": false,
			"Min": 0,
			"Max": 0
		},
		"Pillars": {
			"Count": 0,
			"Min": 0,
			"Max": 0
		}
	}]
}
