<?xml version="1.0" encoding="utf-8" ?>
<settings version="1">
  <section id="system">
    <category id="display">
      <group id="1">
        <setting id="videoscreen.screen">
          <visible>false</visible>
        </setting>
        <setting id="videoscreen.fakefullscreen">
          <visible>false</visible>
        </setting>
        <setting id="videoscreen.blankdisplays">
          <visible>false</visible>
        </setting>
        <setting id="videoscreen.limitgui" type="integer" label="37021" help="36548">
          <level>2</level>
          <default>0</default>
          <constraints>
            <options>
              <option label="37026">0</option>    <!-- auto -->
              <option label="37028">720</option>  <!-- 720 -->
              <option label="37046">1080</option>  <!-- 1080 -->
              <option label="37030">9999</option> <!-- unlimited -->
            </options>
          </constraints>
          <control type="spinner" format="string" />
          <control type="edit" format="integer" />
        </setting>
      </group>
    </category>
  </section>
  <section id="interface">
    <category id="regional">
      <group id="2">
        <setting id="locale.timezonecountry">
          <visible>false</visible>
        </setting>
        <setting id="locale.timezone">
          <visible>false</visible>
        </setting>
      </group>
    </category>
  </section>
</settings>
