<?xml version="1.0" encoding="utf-8" ?>
<settings version="1">
  <section id="system">
    <category id="display">
      <group id="1">
        <setting id="videoscreen.fakefullscreen">
          <default>true</default>
          <visible>false</visible>
        </setting>
        <setting id="videoscreen.blankdisplays">
          <default>false</default>
          <visible>false</visible>
        </setting>
        <setting id="videoscreen.monitor">
          <visible>false</visible>
        </setting>
      </group>
    </category>
    <category id="audio">
      <group id="1">
        <setting id="audiooutput.audiodevice">
          <level>0</level>
          <default>XAUDIO:default</default>
        </setting>
      </group>
      <group id="3">
        <setting id="audiooutput.passthroughdevice">
          <level>1</level>
          <default>WASAPI:default</default>
        </setting>
      </group>
    </category>
  </section>
  <section id="pvr">
    <category id="pvrpowermanagement">
      <setting id="pvrpowermanagement.setwakeupcmd">
        <default></default>
        <visible>false</visible>
      </setting>
    </category>
  </section>
  <section id="games">
    <category id="gamesgeneral">
      <group id="1">
        <setting id="gamesgeneral.enable">
          <default>false</default>
        </setting>
      </group>
    </category>
  </section>
</settings>
