{
	"Characters": [{
		"Class": "Ogre",
		"Skin": "00ff00",
		"Arms": "404040",
		"Body": "404040",
		"Legs": "404040",
		"Hair": "000000",
		"speed": 256,
		"Gun": "Machine gun",
		"maxHealth": 40,
		"flags": 33555456,
		"probabilityToMove": 50,
		"probabilityToTrack": 25,
		"probabilityToShoot": 2,
		"actionDelay": 15
	},
	{
		"Class": "Ogre",
		"Skin": "ac0000",
		"Arms": "404040",
		"Body": "404040",
		"Legs": "404040",
		"Hair": "000000",
		"speed": 256,
		"Gun": "Machine gun",
		"maxHealth": 40,
		"flags": 33817600,
		"probabilityToMove": 50,
		"probabilityToTrack": 25,
		"probabilityToShoot": 2,
		"actionDelay": 15
	},
	{
		"Class": "Ogre",
		"Skin": "8484ac",
		"Arms": "404040",
		"Body": "404040",
		"Legs": "404040",
		"Hair": "000000",
		"speed": 256,
		"Gun": "Machine gun",
		"maxHealth": 40,
		"flags": 34604032,
		"probabilityToMove": 50,
		"probabilityToTrack": 25,
		"probabilityToShoot": 2,
		"actionDelay": 15
	},
	{
		"Class": "Ogre",
		"Skin": "fce000",
		"Arms": "404040",
		"Body": "404040",
		"Legs": "404040",
		"Hair": "000000",
		"speed": 256,
		"Gun": "Machine gun",
		"maxHealth": 40,
		"flags": 34866176,
		"probabilityToMove": 50,
		"probabilityToTrack": 25,
		"probabilityToShoot": 2,
		"actionDelay": 15
	}]
}