{
	"Missions": [{
		"Title": "Rescue (no flags)",
		"Description": "",
		"Type": "Static",
		"Width": 28,
		"Height": 28,
		"WallStyle": 0,
		"FloorStyle": 0,
		"RoomStyle": 0,
		"ExitStyle": 0,
		"KeyStyle": 0,
		"DoorStyle": "office",
		"Objectives": [{
			"Description": "Rescue (no flags)",
			"Type": "Rescue",
			"Index": 0,
			"Count": 2,
			"Required": 2,
			"Flags": 0
		}],
		"Enemies": [],
		"SpecialChars": [],
		"MapObjectDensities": [],
		"EnemyDensity": 0,
		"Weapons": ["Knife",
		"Machine gun",
		"Grenades",
		"Flamer",
		"Shotgun",
		"Powergun",
		"Shrapnel bombs",
		"Molotovs",
		"Sniper rifle",
		"Prox. mine",
		"Dynamite",
		"Chemo bombs",
		"Petrify gun",
		"Browny gun",
		"Confusion bombs",
		"Chemo gun",
		"Pulse rifle",
		"Heatseeker",
		"Swarmer",
		"Launcher",
		"Pistol"],
		"Song": "",
		"WallMask": "848484",
		"FloorMask": "484848",
		"RoomMask": "707070",
		"AltMask": "008400",
		"Tiles": "1,1,1,1,1,1,1,1,1,1,1,1,1,1,1,1,1,1,1,1,1,1,1,1,1,1,1,1,1,0,0,0,0,0,0,0,0,0,0,0,0,0,0,0,0,0,0,0,0,0,0,0,0,0,0,1,1,0,0,0,0,0,0,0,0,0,0,0,0,0,0,0,0,0,0,0,0,0,0,0,0,0,0,1,1,0,0,0,0,0,0,0,0,0,0,0,0,0,0,0,0,0,0,0,0,0,0,0,0,0,0,1,1,0,0,0,0,0,0,0,0,0,0,0,0,0,0,0,0,0,0,0,0,0,0,0,0,0,0,1,1,0,0,0,0,0,0,0,0,0,0,0,0,0,0,0,0,0,0,0,0,0,0,0,0,0,0,1,1,0,0,0,0,0,0,0,0,0,0,0,0,0,0,0,0,0,0,0,0,0,0,0,0,0,0,1,1,0,0,0,0,0,0,0,0,0,0,0,0,0,0,0,0,0,0,0,0,0,0,0,0,0,0,1,1,0,0,0,0,0,0,0,0,0,0,0,0,0,0,0,0,0,0,0,0,0,0,0,0,0,0,1,1,0,0,0,0,0,0,0,0,0,0,0,0,0,0,0,0,0,0,0,0,0,0,0,0,0,0,1,1,0,0,0,0,0,0,0,0,0,0,0,0,0,0,0,0,0,0,0,0,0,0,0,0,0,0,1,1,0,0,0,0,0,0,0,0,0,0,0,0,0,0,0,0,0,0,0,0,0,0,0,0,0,0,1,1,0,1,1,258,1,1,1,0,0,0,0,0,0,0,0,0,0,0,0,0,0,0,0,0,0,0,1,1,0,1,3,3,3,3,1,0,0,0,0,0,0,0,0,0,0,0,0,0,0,0,0,0,0,0,1,1,0,1,3,3,3,3,1,0,0,0,0,0,0,0,0,0,0,0,0,0,0,0,0,0,0,0,1,1,0,1,3,3,3,3,1,0,0,0,0,0,0,0,0,0,0,0,0,0,0,0,0,0,0,0,1,1,0,1,3,3,3,3,1,0,0,0,0,0,0,0,0,0,0,0,0,0,0,0,0,0,0,0,1,1,0,1,1,1,1,1,1,0,0,0,0,0,0,0,0,0,0,0,0,0,0,0,0,0,0,0,1,1,0,0,0,0,0,0,0,0,0,0,0,0,0,0,0,0,0,0,0,0,0,0,0,0,0,0,1,1,0,0,0,0,0,0,0,0,0,0,0,0,0,0,0,0,0,0,0,0,0,0,0,0,0,0,1,1,0,0,0,0,0,0,0,0,0,0,0,0,0,0,0,0,0,0,0,0,0,0,0,0,0,0,1,1,0,0,0,0,0,0,0,0,0,0,0,0,0,0,0,0,0,0,0,0,0,0,0,0,0,0,1,1,0,0,0,0,0,0,0,0,0,0,0,0,0,0,0,0,0,0,0,0,0,0,0,0,0,0,1,1,0,0,0,0,0,0,0,0,0,0,0,0,0,0,0,0,0,0,0,0,0,0,0,0,0,0,1,1,0,0,0,0,0,0,0,0,0,0,0,0,0,0,0,0,0,0,0,0,0,0,0,0,0,0,1,1,0,0,0,0,0,0,0,0,0,0,0,0,0,0,0,0,0,0,0,0,0,0,0,0,0,0,1,1,0,0,0,0,0,0,0,0,0,0,0,0,0,0,0,0,0,0,0,0,0,0,0,0,0,0,1,1,1,1,1,1,1,1,1,1,1,1,1,1,1,1,1,1,1,1,1,1,1,1,1,1,1,1,1",
		"StaticItems": [],
		"StaticWrecks": [],
		"StaticCharacters": [],
		"StaticObjectives": [{
			"Index": 0,
			"Positions": [[4,
			14],
			[4,
			3]],
			"Indices": [0,
			0]
		}],
		"StaticKeys": [{
			"Index": 0,
			"Positions": [[4,
			9]]
		}],
		"Start": [0,
		0],
		"Exit": {
			"Start": [0,
			0],
			"End": [0,
			0]
		}
	},
	{
		"Title": "Rescue (prisoner)",
		"Description": "",
		"Type": "Static",
		"Width": 28,
		"Height": 28,
		"WallStyle": 0,
		"FloorStyle": 0,
		"RoomStyle": 0,
		"ExitStyle": 0,
		"KeyStyle": 0,
		"DoorStyle": "office",
		"Objectives": [{
			"Description": "Rescue (prisoner)",
			"Type": "Rescue",
			"Index": 1,
			"Count": 2,
			"Required": 2,
			"Flags": 0
		}],
		"Enemies": [],
		"SpecialChars": [],
		"MapObjectDensities": [],
		"EnemyDensity": 0,
		"Weapons": ["Knife",
		"Machine gun",
		"Grenades",
		"Flamer",
		"Shotgun",
		"Powergun",
		"Shrapnel bombs",
		"Molotovs",
		"Sniper rifle",
		"Prox. mine",
		"Dynamite",
		"Chemo bombs",
		"Petrify gun",
		"Browny gun",
		"Confusion bombs",
		"Chemo gun",
		"Pulse rifle",
		"Heatseeker",
		"Swarmer",
		"Launcher",
		"Pistol"],
		"Song": "",
		"WallMask": "848484",
		"FloorMask": "484848",
		"RoomMask": "707070",
		"AltMask": "008400",
		"Tiles": "1,1,1,1,1,1,1,1,1,1,1,1,1,1,1,1,1,1,1,1,1,1,1,1,1,1,1,1,1,0,0,0,0,0,0,0,0,0,0,0,0,0,0,0,0,0,0,0,0,0,0,0,0,0,0,1,1,0,0,0,0,0,0,0,0,0,0,0,0,0,0,0,0,0,0,0,0,0,0,0,0,0,0,1,1,0,0,0,0,0,0,0,0,0,0,0,0,0,0,0,0,0,0,0,0,0,0,0,0,0,0,1,1,0,0,0,0,0,0,0,0,0,0,0,0,0,0,0,0,0,0,0,0,0,0,0,0,0,0,1,1,0,0,0,0,0,0,0,0,0,0,0,0,0,0,0,0,0,0,0,0,0,0,0,0,0,0,1,1,0,0,0,0,0,0,0,0,0,0,0,0,0,0,0,0,0,0,0,0,0,0,0,0,0,0,1,1,0,0,0,0,0,0,0,0,0,0,0,0,0,0,0,0,0,0,0,0,0,0,0,0,0,0,1,1,0,0,0,1,1,1,1,1,1,1,0,0,0,0,0,0,0,0,0,0,0,0,0,0,0,0,1,1,0,0,0,1,3,3,3,3,3,1,0,0,0,0,0,0,0,0,0,0,0,0,0,0,0,0,1,1,0,0,0,1,3,3,3,3,3,1,0,0,0,0,0,0,0,0,0,0,0,0,0,0,0,0,1,1,0,0,0,1,3,3,3,3,3,258,0,0,0,0,0,0,0,0,0,0,0,0,0,0,0,0,1,1,0,0,0,1,3,3,3,3,3,1,0,0,0,0,0,0,0,0,0,0,0,0,0,0,0,0,1,1,0,0,0,1,3,3,3,3,3,1,0,0,0,0,0,0,0,0,0,0,0,0,0,0,0,0,1,1,0,0,0,1,1,1,1,1,1,1,0,0,0,0,0,0,0,0,0,0,0,0,0,0,0,0,1,1,0,0,0,0,0,0,0,0,0,0,0,0,0,0,0,0,0,0,0,0,0,0,0,0,0,0,1,1,0,0,0,0,0,0,0,0,0,0,0,0,0,0,0,0,0,0,0,0,0,0,0,0,0,0,1,1,0,0,0,0,0,0,0,0,0,0,0,0,0,0,0,0,0,0,0,0,0,0,0,0,0,0,1,1,0,0,0,0,0,0,0,0,0,0,0,0,0,0,0,0,0,0,0,0,0,0,0,0,0,0,1,1,0,0,0,0,0,0,0,0,0,0,0,0,0,0,0,0,0,0,0,0,0,0,0,0,0,0,1,1,0,0,0,0,0,0,0,0,0,0,0,0,0,0,0,0,0,0,0,0,0,0,0,0,0,0,1,1,0,0,0,0,0,0,0,0,0,0,0,0,0,0,0,0,0,0,0,0,0,0,0,0,0,0,1,1,0,0,0,0,0,0,0,0,0,0,0,0,0,0,0,0,0,0,0,0,0,0,0,0,0,0,1,1,0,0,0,0,0,0,0,0,0,0,0,0,0,0,0,0,0,0,0,0,0,0,0,0,0,0,1,1,0,0,0,0,0,0,0,0,0,0,0,0,0,0,0,0,0,0,0,0,0,0,0,0,0,0,1,1,0,0,0,0,0,0,0,0,0,0,0,0,0,0,0,0,0,0,0,0,0,0,0,0,0,0,1,1,0,0,0,0,0,0,0,0,0,0,0,0,0,0,0,0,0,0,0,0,0,0,0,0,0,0,1,1,1,1,1,1,1,1,1,1,1,1,1,1,1,1,1,1,1,1,1,1,1,1,1,1,1,1,1",
		"StaticItems": [],
		"StaticWrecks": [],
		"StaticCharacters": [],
		"StaticObjectives": [{
			"Index": 0,
			"Positions": [[7,
			11],
			[21,
			14]],
			"Indices": [0,
			0]
		}],
		"StaticKeys": [{
			"Index": 0,
			"Positions": [[15,
			11]]
		}],
		"Start": [0,
		0],
		"Exit": {
			"Start": [0,
			0],
			"End": [0,
			0]
		}
	},
	{
		"Title": "Rescue (follower)",
		"Description": "",
		"Type": "Static",
		"Width": 28,
		"Height": 28,
		"WallStyle": 0,
		"FloorStyle": 0,
		"RoomStyle": 0,
		"ExitStyle": 0,
		"KeyStyle": 0,
		"DoorStyle": "office",
		"Objectives": [{
			"Description": "Rescue (follower)",
			"Type": "Rescue",
			"Index": 2,
			"Count": 2,
			"Required": 2,
			"Flags": 0
		}],
		"Enemies": [],
		"SpecialChars": [],
		"MapObjectDensities": [],
		"EnemyDensity": 0,
		"Weapons": ["Knife",
		"Machine gun",
		"Grenades",
		"Flamer",
		"Shotgun",
		"Powergun",
		"Shrapnel bombs",
		"Molotovs",
		"Sniper rifle",
		"Prox. mine",
		"Dynamite",
		"Chemo bombs",
		"Petrify gun",
		"Browny gun",
		"Confusion bombs",
		"Chemo gun",
		"Pulse rifle",
		"Heatseeker",
		"Swarmer",
		"Launcher",
		"Pistol"],
		"Song": "",
		"WallMask": "848484",
		"FloorMask": "484848",
		"RoomMask": "707070",
		"AltMask": "008400",
		"Tiles": "1,1,1,1,1,1,1,1,1,1,1,1,1,1,1,1,1,1,1,1,1,1,1,1,1,1,1,1,1,0,0,0,0,0,0,0,0,0,0,0,0,0,0,0,0,0,0,0,0,0,0,0,0,0,0,1,1,0,0,0,0,0,0,0,1,1,1,1,1,1,0,0,0,0,0,0,0,0,0,0,0,0,0,1,1,0,0,0,0,0,0,0,1,3,3,3,3,1,0,0,0,0,0,0,0,0,0,0,0,0,0,1,1,0,0,0,0,0,0,0,1,3,3,3,3,1,0,0,0,0,0,0,0,0,0,0,0,0,0,1,1,0,0,0,0,0,0,0,1,3,3,3,3,1,0,0,0,0,0,0,0,0,0,0,0,0,0,1,1,0,0,0,0,0,0,0,1,1,258,1,1,1,0,0,0,0,0,0,0,0,0,0,0,0,0,1,1,0,0,0,0,0,0,0,0,0,0,0,0,0,0,0,0,0,0,0,0,0,0,0,0,0,0,1,1,0,0,0,0,0,0,0,0,0,0,0,0,0,0,0,0,0,0,0,0,0,0,0,0,0,0,1,1,0,0,0,0,0,0,0,0,0,0,0,0,0,0,0,0,0,0,0,0,0,0,0,0,0,0,1,1,0,0,0,0,0,0,0,0,0,0,0,0,0,0,0,0,0,0,0,0,0,0,0,0,0,0,1,1,0,0,0,0,0,0,0,0,0,0,0,0,0,0,0,0,0,0,0,0,0,0,0,0,0,0,1,1,0,0,0,0,0,0,0,0,0,0,0,0,0,0,0,0,0,0,0,0,0,0,0,0,0,0,1,1,0,0,0,0,0,0,0,0,0,0,0,0,0,0,0,0,0,0,0,0,0,0,0,0,0,0,1,1,0,0,0,0,0,0,0,0,0,0,0,0,0,0,0,0,0,0,0,0,0,0,0,0,0,0,1,1,0,0,0,0,0,0,0,0,0,0,0,0,0,0,0,0,0,0,0,0,0,0,0,0,0,0,1,1,0,0,0,0,0,0,0,0,0,0,0,0,0,0,0,0,0,0,0,0,0,0,0,0,0,0,1,1,0,0,0,0,0,0,0,0,0,0,0,0,0,0,0,0,0,0,0,0,0,0,0,0,0,0,1,1,0,0,0,0,0,0,0,0,0,0,0,0,0,0,0,0,0,0,0,0,0,0,0,0,0,0,1,1,0,0,0,0,0,0,0,0,0,0,0,0,0,0,0,0,0,0,0,0,0,0,0,0,0,0,1,1,0,0,0,0,0,0,0,0,0,0,0,0,0,0,0,0,0,0,0,0,0,0,0,0,0,0,1,1,0,0,0,0,0,0,0,0,0,0,0,0,0,0,0,0,0,0,0,0,0,0,0,0,0,0,1,1,0,0,0,0,0,0,0,0,0,0,0,0,0,0,0,0,0,0,0,0,0,0,0,0,0,0,1,1,0,0,0,0,0,0,0,0,0,0,0,0,0,0,0,0,0,0,0,0,0,0,0,0,0,0,1,1,0,0,0,0,0,0,0,0,0,0,0,0,0,0,0,0,0,0,0,0,0,0,0,0,0,0,1,1,0,0,0,0,0,0,0,0,0,0,0,0,0,0,0,0,0,0,0,0,0,0,0,0,0,0,1,1,0,0,0,0,0,0,0,0,0,0,0,0,0,0,0,0,0,0,0,0,0,0,0,0,0,0,1,1,1,1,1,1,1,1,1,1,1,1,1,1,1,1,1,1,1,1,1,1,1,1,1,1,1,1,1",
		"StaticItems": [],
		"StaticWrecks": [],
		"StaticCharacters": [],
		"StaticObjectives": [{
			"Index": 0,
			"Positions": [[10,
			4],
			[17,
			14]],
			"Indices": [0,
			0]
		}],
		"StaticKeys": [{
			"Index": 0,
			"Positions": [[10,
			9]]
		}],
		"Start": [0,
		0],
		"Exit": {
			"Start": [0,
			0],
			"End": [0,
			0]
		}
	},
	{
		"Title": "Rescue (both)",
		"Description": "",
		"Type": "Static",
		"Width": 28,
		"Height": 28,
		"WallStyle": 0,
		"FloorStyle": 0,
		"RoomStyle": 0,
		"ExitStyle": 0,
		"KeyStyle": 0,
		"DoorStyle": "office",
		"Objectives": [{
			"Description": "Rescue (both)",
			"Type": "Rescue",
			"Index": 3,
			"Count": 2,
			"Required": 2,
			"Flags": 0
		}],
		"Enemies": [],
		"SpecialChars": [],
		"MapObjectDensities": [],
		"EnemyDensity": 0,
		"Weapons": ["Knife",
		"Machine gun",
		"Grenades",
		"Flamer",
		"Shotgun",
		"Powergun",
		"Shrapnel bombs",
		"Molotovs",
		"Sniper rifle",
		"Prox. mine",
		"Dynamite",
		"Chemo bombs",
		"Petrify gun",
		"Browny gun",
		"Confusion bombs",
		"Chemo gun",
		"Pulse rifle",
		"Heatseeker",
		"Swarmer",
		"Launcher",
		"Pistol"],
		"Song": "",
		"WallMask": "848484",
		"FloorMask": "484848",
		"RoomMask": "707070",
		"AltMask": "008400",
		"Tiles": "1,1,1,1,1,1,1,1,1,1,1,1,1,1,1,1,1,1,1,1,1,1,1,1,1,1,1,1,1,0,0,0,0,0,0,0,0,0,0,0,0,0,0,0,0,0,0,0,0,0,0,0,0,0,0,1,1,0,0,0,0,0,0,0,0,0,0,0,0,0,0,0,0,0,0,0,0,0,0,0,0,0,0,1,1,0,0,0,0,0,0,0,0,0,0,0,0,0,0,0,0,0,0,0,0,0,0,0,0,0,0,1,1,0,0,0,0,0,0,0,0,0,0,0,0,0,0,0,0,0,0,0,0,0,0,0,0,0,0,1,1,0,0,0,0,0,0,0,0,0,0,0,0,0,0,0,0,0,0,0,0,0,0,0,0,0,0,1,1,0,0,0,0,0,0,0,0,0,0,0,0,0,0,0,0,0,0,0,0,0,0,0,0,0,0,1,1,0,0,0,0,0,0,0,0,0,0,0,0,0,0,0,0,0,0,0,0,0,0,0,0,0,0,1,1,0,0,0,0,0,0,0,0,0,0,0,0,0,0,0,0,0,0,0,0,0,0,0,0,0,0,1,1,0,0,0,0,0,0,0,0,0,0,0,0,0,0,0,0,0,0,0,0,0,0,0,0,0,0,1,1,0,0,1,1,1,1,1,1,1,0,0,0,0,0,0,0,0,0,0,0,0,0,0,0,0,0,1,1,0,0,1,3,3,3,3,3,1,0,0,0,0,0,0,0,0,0,0,0,0,0,0,0,0,0,1,1,0,0,1,3,3,3,3,3,1,0,0,0,0,0,0,0,0,0,0,0,0,0,0,0,0,0,1,1,0,0,1,3,3,3,3,3,258,0,0,0,0,0,0,0,0,0,0,0,0,0,0,0,0,0,1,1,0,0,1,3,3,3,3,3,1,0,0,0,0,0,0,0,0,0,0,0,0,0,0,0,0,0,1,1,0,0,1,3,3,3,3,3,1,0,0,0,0,0,0,0,0,0,0,0,0,0,0,0,0,0,1,1,0,0,1,1,1,1,1,1,1,0,0,0,0,0,0,0,0,0,0,0,0,0,0,0,0,0,1,1,0,0,0,0,0,0,0,0,0,0,0,0,0,0,0,0,0,0,0,0,0,0,0,0,0,0,1,1,0,0,0,0,0,0,0,0,0,0,0,0,0,0,0,0,0,0,0,0,0,0,0,0,0,0,1,1,0,0,0,0,0,0,0,0,0,0,0,0,0,0,0,0,0,0,0,0,0,0,0,0,0,0,1,1,0,0,0,0,0,0,0,0,0,0,0,0,0,0,0,0,0,0,0,0,0,0,0,0,0,0,1,1,0,0,0,0,0,0,0,0,0,0,0,0,0,0,0,0,0,0,0,0,0,0,0,0,0,0,1,1,0,0,0,0,0,0,0,0,0,0,0,0,0,0,0,0,0,0,0,0,0,0,0,0,0,0,1,1,0,0,0,0,0,0,0,0,0,0,0,0,0,0,0,0,0,0,0,0,0,0,0,0,0,0,1,1,0,0,0,0,0,0,0,0,0,0,0,0,0,0,0,0,0,0,0,0,0,0,0,0,0,0,1,1,0,0,0,0,0,0,0,0,0,0,0,0,0,0,0,0,0,0,0,0,0,0,0,0,0,0,1,1,0,0,0,0,0,0,0,0,0,0,0,0,0,0,0,0,0,0,0,0,0,0,0,0,0,0,1,1,1,1,1,1,1,1,1,1,1,1,1,1,1,1,1,1,1,1,1,1,1,1,1,1,1,1,1",
		"StaticItems": [],
		"StaticWrecks": [],
		"StaticCharacters": [],
		"StaticObjectives": [{
			"Index": 0,
			"Positions": [[6,
			13],
			[18,
			9]],
			"Indices": [0,
			0]
		}],
		"StaticKeys": [{
			"Index": 0,
			"Positions": [[12,
			13]]
		}],
		"Start": [0,
		0],
		"Exit": {
			"Start": [0,
			0],
			"End": [0,
			0]
		}
	}]
}