<?xml version="1.0" encoding="UTF-8"?>
<addon
  id="inputstream.ffmpegdirect"
  version="20.5.0"
  name="Inputstream FFmpeg Direct"
  provider-name="Ross Nicholson">
  <requires>
<import addon="kodi.binary.global.main" minversion="2.0.0" version="2.0.2"/>
<import addon="kodi.binary.global.general" minversion="1.0.4" version="1.0.5"/>
<import addon="kodi.binary.global.filesystem" minversion="1.1.7" version="1.1.8"/>
<import addon="kodi.binary.global.network" minversion="1.0.0" version="1.0.4"/>
<import addon="kodi.binary.global.tools" minversion="1.0.0" version="1.0.4"/>
<import addon="kodi.binary.instance.inputstream" minversion="3.2.0" version="3.2.0"/></requires>
  <extension
    point="kodi.inputstream"
    name="ffmpegdirect"
    extension=""
    tags="true"
    listitemprops="program_number|stream_mode|open_mode|manifest_type|default_url|is_realtime_stream|playback_as_live|programme_start_time|programme_end_time|catchup_url_format_string|catchup_url_near_live_format_string|catchup_buffer_start_time|catchup_buffer_end_time|catchup_buffer_offset|catchup_terminates|catchup_granularity|timezone_shift|default_programme_duration|programme_catchup_id"
    library_linux="inputstream.ffmpegdirect.so.20.5.0" />
  <extension point="xbmc.service" library="resources/lib/runner.py"/>
  <extension point="xbmc.addon.metadata">
    <platform>linux</platform>
    <license>GPL-2.0-or-later</license>
    <source>https://github.com/xbmc/inputstream.ffmpegdirect</source>
    <assets>
      <icon>icon.png</icon>
      <fanart>fanart.jpg</fanart>
    </assets>
    <summary lang="ca_ES">Client InputStream per a fluxos FFmpeg (libavformat)</summary>
    <summary lang="cs_CZ">Klient toků FFmpeg (libavformat) protokolu InputStream</summary>
    <summary lang="da_DK">InputStream-klient til FFmpeg-streams (libavformat)</summary>
    <summary lang="de_DE">InputStream-Client für FFmpeg-Streams (libavformat)</summary>
    <summary lang="en_GB">InputStream Client for FFmpeg streams (libavformat)</summary>
    <summary lang="es_ES">Cliente de InputStream para flujos FFmpeg (libavformat)</summary>
    <summary lang="es_MX">Cliente InputStream para flujos FFmpeg (libavformat)</summary>
    <summary lang="fi_FI">InputStream-asiakas FFmpeg-mediavirroille (libavformat)</summary>
    <summary lang="fr_FR">Client InputStream pour les flux FFmpeg (format libav)</summary>
    <summary lang="hr_HR">InputStream klijent za FFmpeg strujanja (libavformat)</summary>
    <summary lang="it_IT">Client InputStream per stream FFmpeg (libavformat)</summary>
    <summary lang="ko_KR">FFmpeg 스트림용 InputStream 클라이언트(libavformat)</summary>
    <summary lang="pl_PL">Klient InputStream dla strumieni FFmpeg (libavformat)</summary>
    <summary lang="ru_RU">InputStream клиент для FFmpeg потоков (libavformat)</summary>
    <summary lang="zh_CN">FFmpeg 流的 InputStream 客户端（libavformat）</summary>
    <description lang="ca_ES">Client InputStream per a fluxos que es poden obrir mitjançant el libavformat de FFmpeg o el cURL de Kodi. S’admeten formats de flux comuns, com ara TS simple, HLS i DASH (sense DRM), així com molts altres.[CR][CR]El complement també és compatible amb els serveis Archive/Catchup , on hi ha una finestra de reproducció (normalment en dies) i pot canviar de temps en aquest interval.[CR][CR]Per a la documentació, visiteu: https://github.com/xbmc/inputstream.ffmpegdirect/blob/Matrix/README.md</description>
    <description lang="cs_CZ">Klient protokolu InputStream pro toky, které mohou být otevřeny pomocí FFmpeg libavformat nebo Kodi cURL.Běžné formáty toků jako prosté TS, HLS, DASH (bez DRM) a mnoho dalších jsou podporovány.[CR][CR]Doplněk má též podporu pro služby Archive/Catchup, které mají dobu pro opětovné přehrání (obvykle ve dnech) a mohou mít v tomto období časový posun.[CR][CR]Pro dokumentaci navštivte: https://github.com/xbmc/inputstream.ffmpegdirect/blob/Matrix/README.md</description>
    <description lang="da_DK">InputStream-klient til streams, der kan åbnes af enten FFmpeg&apos;s libavformat eller Kodi&apos;s cURL. Almindelige streamformater som f.eks. almindelig TS, HLS og DASH (uden DRM) understøttes såvel som mange andre.[CR][CR]Add-on&apos;et har også understøttelse af arkiv-/indhentningstjenester, hvor der er et afspilningsvindue (normalt i dage) og kan tidsforskyde på tværs af dette spænd.[CR][CR]For dokumentation besøg: https://github.com/xbmc/inputstream.ffmpegdirect/blob/Matrix/README.md</description>
    <description lang="de_DE">InputStream-Client für Streams, die entweder mit dem libav-Format von FFmpeg oder mit cURL von Kodi geöffnet werden können. Gängige Stream-Formate wie TS, HLS und DASH (ohne DRM) werden ebenso unterstützt wie viele andere.[CR][CR]Das Addon unterstützt auch Archiv-/Aufholdienste, bei denen Wiedergabefenster vorhanden sind (normalerweise in Tagen), und kann über diesen Zeitraum hinweg eine Zeitverschiebung bewirken.[CR][CR]Dokumentation unter: https://github.com/xbmc/inputstream.ffmpegdirect/blob/Matrix/README.md</description>
    <description lang="en_GB">InputStream Client for streams that can be opened by either FFmpeg&apos;s libavformat or Kodi&apos;s cURL. Common stream formats such as plain TS, HLS and DASH (without DRM) are supported as well as many others.[CR][CR]The addon also has support for Archive/Catchup services where there is a replay windows (usually in days) and can timeshift across that span.[CR][CR]For documenation visit: https://github.com/xbmc/inputstream.ffmpegdirect/blob/Matrix/README.md</description>
    <description lang="es_ES">Un cliente de InputStream que puede abrir flujos con libavformat de FFmpeg o cURL de Kodi. Los formatos flujos comunes como son TS puro, HLS y DASH (sin DRM) se soportan bien, así como muchos otros.[CR][CR]El addon también tiene soporte para los servicios de Archivado/Rebobinado si hay ventanas de reproducción (normalmente días) en las que se pueda volver a ver.[CR][CR]La documentación está en: https://github.com/xbmc/inputstream.ffmpegdirect/blob/Matrix/README.md</description>
    <description lang="es_MX">Cliente InputStream para flujos de datos que pueden abrirse con libavformat de FFmpeg o cURL integrado en Kodi. Formatos de flujo comunes tales como TS simple, HLS y DASH (sin DRM) también están soportados, al igual que muchos otros.[CR][CR]El complemento también soporta servicios Archive/Catchup donde hay un espacio de repetición (usualmente en días) y se puede mover a través del tiempo de dicho espacio.[CR][CR]Para documentación visita: https://github.com/xbmc/inputstream.ffmpegdirect/blob/Matrix/README.md</description>
    <description lang="fi_FI">InputStream-asiakas mediavirroille, jotka voidaan avata joko FFmpegin libavformat- tai Kodi cURL-kirjastolla. Monien muiden ohella tuetaan yleisiä mediavirtamuotoja, kuten puhdas TS, HLS ja DASH (ilman DRM-suojausta).[CR][CR]Lisäosa tukee myös Archive-/Catchup-palveluita, joissa toisto ja ajansiirto on mahdollista tiettyjen ajanjaksojen sisällä (yleensä päiviä).[CR][CR]Ohjeita löytyy täältä: https://github.com/xbmc/inputstream.ffmpegdirect/blob/Matrix/README.md</description>
    <description lang="fr_FR">InputStream Client pour les flux pouvant être ouverts soit par le libavformat de FFmpeg, soit par le cURL de Kodi. Les formats de flux courants tels que TS, HLS et DASH (sans DRM) sont pris en charge ainsi que bien d&apos;autres. et peut être décalé dans le temps dans la période.[CR][CR]Pour la documentation, visitez : https://github.com/xbmc/inputstream.ffmpegdirect/blob/Matrix/README.md</description>
    <description lang="hr_HR">InputStream klijent za strujanja koja se mogu otvoriti ili FFmpeg libavformatom ili Kodijevim cURL-om. Uobičajeni formati strujanja poput običnog TS, HLS i DASH (bez DRM zaštite sadržaja) formata su podržani kao i mnogi drugi.[CR][CR]Dodatak ima još podršku za Arhive/Hvatanje usluga gdje postoji prozor ponovne raprodukcije (uobičajeno u danima) i može se vremenski premotavati u zadanom vremenskom razdoblju.[CR][CR]Za dokumentaciju posjetite: https://github.com/xbmc/inputstream.ffmpegdirect/blob/Matrix/README.md</description>
    <description lang="it_IT">Client InputStream per stream che possono essere aperti da libavformat di FFmpeg o cURL di Kodi. Sono supportati formati di stream comuni come TS, HLS e DASH (senza DRM) e molti altri.[CR][CR]L&apos;Add-on ha anche il supporto per i servizi Archivio/Recupero in cui è presente una finestra di riproduzione (di solito in giorni) e può passare attraverso tale intervallo.[CR][CR]Per la documentazione visita: https://github.com/xbmc/inputstream.ffmpegdirect/blob/Matrix/README.md</description>
    <description lang="ko_KR">FFmpeg의 libavformat 또는 Kodi의 cURL로 열 수 있는 스트림용 InputStream 클라이언트. 일반 TS, HLS 및 DASH(DRM 제외)와 같은 일반적인 스트림 형식은 물론 다른 많은 형식도 지원됩니다.[CR][CR]이 애드온은 재생 창(보통 며칠)이 있는 아카이브/따라잡기 서비스도 지원합니다. 해당 범위에서 타임시프트할 수 있습니다.[CR][CR]문서를 보려면 https://github.com/xbmc/inputstream.ffmpegdirect/blob/Matrix/README.md를 방문하세요</description>
    <description lang="pl_PL">Klient InputStream dla strumieni, które można otworzyć za pomocą libavformat FFmpeg lub cURL Kodi. Obsługiwane są popularne formaty strumieniowe, takie jak zwykły TS, HLS i DASH (bez DRM), a także wiele innych.[CR][CR]Dodatek obsługuje również usługę archiwizacji, która zapewnia okno powtórek (zazwyczaj w dniach) i może wykonywać przesunięcie czasowe przez ten zakres.[CR][CR]W celu uzyskania dokumentacji odwiedź: https://github.com/xbmc/inputstream.ffmpegdirect/blob/Matrix/README.md</description>
    <description lang="ru_RU">Клиент InputStream для потоков, которые можно открыть с помощью libavformat от FFmpeg или с помощью Kodi cURL. Поддерживаются основные форматы потоков такие, как простой TS, HLS, DASH (без DRM) и многие другие.[CR][CR]Дополнение также имеет поддержку служб Архива/Перемотки, где есть окна воспроизведения (обычно в днях), которые могут сдвигаться по времени в течение этого промежутка.[CR][CR]Для документации посетите: https://github.com/xbmc/inputstream.ffmpegdirect/blob/Matrix/README.md</description>
    <description lang="zh_CN">InputStream 客户端，用于可通过 FFmpeg 的 libavformat 或 Kodi 的 cURL 打开的流。支持普通 TS、HLS 和 DASH（无DRM）等常见流格式以及其他许多格式。[CR][CR]该插件还支持有重播窗口（通常以天为单位）的归档/捕获服务，并可以在该时间跨度内进行时光平移。[CR][CR]相关文档请访问：https://github.com/xbmc/inputstream.ffmpegdirect/blob/Matrix/README.md</description>
  </extension>
</addon>
