{
	"Version": 13,
	"Characters": [{
		"Class": "Cyborg",
		"Skin": "b79536ff",
		"Arms": "646464ff",
		"Body": "646464ff",
		"Legs": "646464ff",
		"Hair": "ff1313ff",
		"Feet": "c20006ff",
		"speed": 128,
		"Gun": "Marine Shotgun",
		"maxHealth": 20,
		"flags": 1024,
		"probabilityToMove": 50,
		"probabilityToTrack": 10,
		"probabilityToShoot": 2,
		"actionDelay": 20
	},
	{
		"Class": "Cyborg",
		"HairType": "flattop",
		"Skin": "b79536ff",
		"Arms": "b79536ff",
		"Body": "cbac99ff",
		"Legs": "a8782eff",
		"Hair": "55ad34ff",
		"Feet": "5f8752ff",
		"speed": 192,
		"Gun": "Marine Pistol",
		"maxHealth": 30,
		"flags": 1024,
		"probabilityToMove": 50,
		"probabilityToTrack": 25,
		"probabilityToShoot": 2,
		"actionDelay": 20
	},
	{
		"Class": "Ogre",
		"Skin": "984b19ff",
		"Arms": "ad6713ff",
		"Body": "a35b15ff",
		"Legs": "a16216ff",
		"Hair": "c00000ff",
		"Feet": "a85b10ff",
		"speed": 192,
		"Gun": "Imp Fireball",
		"maxHealth": 40,
		"flags": 1024,
		"probabilityToMove": 50,
		"probabilityToTrack": 25,
		"probabilityToShoot": 7,
		"actionDelay": 15
	},
	{
		"Class": "Demon",
		"HairType": "horns",
		"Skin": "ff76f5ff",
		"Arms": "ff76f5ff",
		"Body": "ff76f5ff",
		"Legs": "ff76f5ff",
		"Hair": "d9d9a8ff",
		"Feet": "ff76f5ff",
		"speed": 320,
		"Gun": "Monster Bite",
		"maxHealth": 70,
		"flags": 1024,
		"probabilityToMove": 60,
		"probabilityToTrack": 25,
		"probabilityToShoot": 0,
		"actionDelay": 13
	},
	{
		"Class": "Demon",
		"HairType": "horns",
		"Skin": "93458dff",
		"Arms": "91418bff",
		"Body": "95458fff",
		"Legs": "91428bff",
		"Hair": "837070ff",
		"Feet": "91428bff",
		"speed": 320,
		"Gun": "Monster Bite",
		"maxHealth": 70,
		"flags": 3072,
		"probabilityToMove": 60,
		"probabilityToTrack": 25,
		"probabilityToShoot": 0,
		"actionDelay": 13
	},
	{
		"Class": "Ogre",
		"HairType": "horns",
		"Skin": "ff76aaff",
		"Arms": "ee74aeff",
		"Body": "ff769bff",
		"Legs": "bd5f27ff",
		"Hair": "585757ff",
		"Feet": "bf6028ff",
		"speed": 256,
		"Gun": "Baron Fireball",
		"maxHealth": 500,
		"flags": 33555456,
		"probabilityToMove": 40,
		"probabilityToTrack": 25,
		"probabilityToShoot": 12,
		"actionDelay": 10
	},
	{
		"Class": "Jones",
		"PlayerTemplateName": "Doomguy",
		"HairType": "helmet",
		"Skin": "f4944cff",
		"Arms": "00a400ff",
		"Body": "00a400ff",
		"Legs": "27942aff",
		"Hair": "94802cff",
		"Feet": "948029ff",
		"speed": 256,
		"Gun": "Machine gun",
		"maxHealth": 40,
		"flags": 1024,
		"probabilityToMove": 50,
		"probabilityToTrack": 25,
		"probabilityToShoot": 2,
		"actionDelay": 15
	}]
}