<theme>
<formatVersion>7</formatVersion>
<include>./../theme.xml</include>

<view name="basic, detailed, video, grid">
    <text name="nameLabel" extra="true">
    <text>MSX 2</text>
  </text>
</view>    

<view name="system">
  <text name="sys_line2" extra="true">
    <text>MSX 2</text>

  </text> 
  <text name="shortdescription" extra="true">
   <text>1984  ·  16-bit Computer</text>
  </text>
  <text name="longdescription" extra="true">
   <text>MSX2 is a standardized home computer architecture, conceived as an attempt to create unified standards among various hardware makers</text>
  </text>
 </view>
</theme>
