{
	"Version": 13,
	"Characters": [{
		"Class": "Jones",
		"PlayerTemplateName": "Account Exec",
		"HairType": "flattop",
		"Skin": "d25106ff",
		"Arms": "ffffffff",
		"Body": "ffffffff",
		"Legs": "363636ff",
		"Hair": "ff6c00ff",
		"speed": 256,
		"Gun": "Confusion bombs",
		"maxHealth": 20,
		"flags": 6356992,
		"probabilityToMove": 100,
		"probabilityToTrack": 50,
		"probabilityToShoot": 0,
		"actionDelay": 15
	},
	{
		"Class": "Jones",
		"PlayerTemplateName": "IT Admin",
		"HairType": "flattop",
		"Skin": "882800ff",
		"Arms": "ffffffff",
		"Body": "ffffffff",
		"Legs": "363636ff",
		"Hair": "000000ff",
		"speed": 256,
		"Gun": "Confusion bombs",
		"maxHealth": 20,
		"flags": 6356992,
		"probabilityToMove": 100,
		"probabilityToTrack": 50,
		"probabilityToShoot": 0,
		"actionDelay": 15
	},
	{
		"Class": "Jones",
		"PlayerTemplateName": "Facilities Coordinator",
		"HairType": "hogan",
		"Skin": "ff8136ff",
		"Arms": "ffffffff",
		"Body": "9c9c9cff",
		"Legs": "363636ff",
		"Hair": "9c9c9cff",
		"speed": 128,
		"Gun": "Confusion bombs",
		"maxHealth": 20,
		"flags": 6356992,
		"probabilityToMove": 100,
		"probabilityToTrack": 50,
		"probabilityToShoot": 0,
		"actionDelay": 15
	},
	{
		"Class": "Jones",
		"HairType": "beard",
		"Skin": "d25106ff",
		"Arms": "ffffffff",
		"Body": "ff8136ff",
		"Legs": "363636ff",
		"Hair": "363636ff",
		"speed": 192,
		"Gun": "Confusion bombs",
		"maxHealth": 20,
		"flags": 6356992,
		"probabilityToMove": 100,
		"probabilityToTrack": 50,
		"probabilityToShoot": 0,
		"actionDelay": 15
	},
	{
		"Class": "Lady",
		"HairType": "ponytail",
		"Skin": "d25106ff",
		"Arms": "363636ff",
		"Body": "9c0000ff",
		"Legs": "b79536ff",
		"Hair": "9c0000ff",
		"speed": 256,
		"Gun": "Confusion bombs",
		"maxHealth": 20,
		"flags": 6356992,
		"probabilityToMove": 100,
		"probabilityToTrack": 50,
		"probabilityToShoot": 0,
		"actionDelay": 15
	},
	{
		"Class": "Lady",
		"HairType": "ponytail",
		"Skin": "d25106ff",
		"Arms": "363636ff",
		"Body": "363636ff",
		"Legs": "9c0000ff",
		"Hair": "ff8136ff",
		"speed": 256,
		"Gun": "Confusion bombs",
		"maxHealth": 20,
		"flags": 6356992,
		"probabilityToMove": 100,
		"probabilityToTrack": 50,
		"probabilityToShoot": 0,
		"actionDelay": 15
	},
	{
		"Class": "Lady",
		"HairType": "ponytail",
		"Skin": "882800ff",
		"Arms": "58589cff",
		"Body": "58589cff",
		"Legs": "363636ff",
		"Hair": "000000ff",
		"speed": 256,
		"Gun": "Confusion bombs",
		"maxHealth": 20,
		"flags": 6356992,
		"probabilityToMove": 100,
		"probabilityToTrack": 50,
		"probabilityToShoot": 0,
		"actionDelay": 15
	},
	{
		"Class": "Lady",
		"HairType": "ponytail",
		"Skin": "ff8136ff",
		"Arms": "363636ff",
		"Body": "ff8136ff",
		"Legs": "9c5858ff",
		"Hair": "9c9c9cff",
		"speed": 128,
		"Gun": "Confusion bombs",
		"maxHealth": 20,
		"flags": 6356992,
		"probabilityToMove": 100,
		"probabilityToTrack": 50,
		"probabilityToShoot": 0,
		"actionDelay": 15
	},
	{
		"Class": "Lady",
		"HairType": "ponytail",
		"Skin": "d25106ff",
		"Arms": "9c0000ff",
		"Body": "b79536ff",
		"Legs": "149c14ff",
		"Hair": "ff6c00ff",
		"speed": 256,
		"Gun": "Confusion bombs",
		"maxHealth": 20,
		"flags": 6356992,
		"probabilityToMove": 100,
		"probabilityToTrack": 50,
		"probabilityToShoot": 0,
		"actionDelay": 15
	},
	{
		"Class": "Jones",
		"HairType": "flattop",
		"Skin": "d25106ff",
		"Arms": "ffffffff",
		"Body": "ff8136ff",
		"Legs": "363636ff",
		"Hair": "9c0000ff",
		"speed": 256,
		"Gun": "Confusion bombs",
		"maxHealth": 20,
		"flags": 6356992,
		"probabilityToMove": 100,
		"probabilityToTrack": 50,
		"probabilityToShoot": 0,
		"actionDelay": 15
	},
	{
		"Class": "Jones",
		"HairType": "flattop",
		"Skin": "d25106ff",
		"Arms": "ffffffff",
		"Body": "58589cff",
		"Legs": "363636ff",
		"Hair": "ff8136ff",
		"speed": 256,
		"Gun": "Confusion bombs",
		"maxHealth": 20,
		"flags": 6356992,
		"probabilityToMove": 100,
		"probabilityToTrack": 50,
		"probabilityToShoot": 0,
		"actionDelay": 15
	},
	{
		"Class": "Jones",
		"HairType": "dutch",
		"Skin": "d25106ff",
		"Arms": "9c9c9cff",
		"Body": "d25106ff",
		"Legs": "58589cff",
		"Hair": "000000ff",
		"speed": 256,
		"Gun": "Machine gun",
		"maxHealth": 40,
		"flags": 0,
		"probabilityToMove": 50,
		"probabilityToTrack": 35,
		"probabilityToShoot": 15,
		"actionDelay": 10
	},
	{
		"Class": "Jones",
		"HairType": "flattop",
		"Skin": "d25106ff",
		"Arms": "d25106ff",
		"Body": "9c5858ff",
		"Legs": "363636ff",
		"Hair": "000000ff",
		"speed": 256,
		"Gun": "Knife",
		"maxHealth": 40,
		"flags": 0,
		"probabilityToMove": 50,
		"probabilityToTrack": 35,
		"probabilityToShoot": 0,
		"actionDelay": 10
	},
	{
		"Class": "Lady",
		"HairType": "ponytail",
		"Skin": "d25106ff",
		"Arms": "9c0000ff",
		"Body": "363636ff",
		"Legs": "363636ff",
		"Hair": "9c0000ff",
		"speed": 256,
		"Gun": "Chemo bombs",
		"maxHealth": 40,
		"flags": 0,
		"probabilityToMove": 50,
		"probabilityToTrack": 5,
		"probabilityToShoot": 15,
		"actionDelay": 10
	},
	{
		"Class": "Jones",
		"HairType": "eye_patch",
		"Skin": "d25106ff",
		"Arms": "58589cff",
		"Body": "9c589cff",
		"Legs": "363636ff",
		"Hair": "000000ff",
		"speed": 256,
		"Gun": "Machine gun",
		"maxHealth": 40,
		"flags": 0,
		"probabilityToMove": 50,
		"probabilityToTrack": 5,
		"probabilityToShoot": 50,
		"actionDelay": 10
	},
	{
		"Class": "Jones",
		"HairType": "beard",
		"Skin": "882800ff",
		"Arms": "149c14ff",
		"Body": "149c14ff",
		"Legs": "9c5858ff",
		"Hair": "000000ff",
		"speed": 256,
		"Gun": "Machine gun",
		"maxHealth": 40,
		"flags": 0,
		"probabilityToMove": 30,
		"probabilityToTrack": 35,
		"probabilityToShoot": 30,
		"actionDelay": 10
	},
	{
		"Class": "Lady",
		"HairType": "ponytail",
		"Skin": "ff8136ff",
		"Arms": "58589cff",
		"Body": "9c589cff",
		"Legs": "363636ff",
		"Hair": "363636ff",
		"speed": 256,
		"Gun": "Shotgun",
		"maxHealth": 40,
		"flags": 0,
		"probabilityToMove": 50,
		"probabilityToTrack": 35,
		"probabilityToShoot": 15,
		"actionDelay": 10
	},
	{
		"Class": "Jones",
		"Skin": "882800ff",
		"Arms": "58589cff",
		"Body": "b79536ff",
		"Legs": "9c5858ff",
		"Hair": "000000ff",
		"speed": 256,
		"Gun": "Machine gun",
		"maxHealth": 40,
		"flags": 0,
		"probabilityToMove": 75,
		"probabilityToTrack": 65,
		"probabilityToShoot": 15,
		"actionDelay": 10
	},
	{
		"Class": "Jones",
		"HairType": "shades",
		"Skin": "882800ff",
		"Arms": "ffffffff",
		"Body": "9c0000ff",
		"Legs": "58589cff",
		"Hair": "000000ff",
		"speed": 256,
		"Gun": "Shotgun",
		"maxHealth": 40,
		"flags": 0,
		"probabilityToMove": 50,
		"probabilityToTrack": 35,
		"probabilityToShoot": 15,
		"actionDelay": 10
	},
	{
		"Class": "Jones",
		"HairType": "hogan",
		"Skin": "d25106ff",
		"Arms": "9c9c9cff",
		"Body": "363636ff",
		"Legs": "d25106ff",
		"Hair": "000000ff",
		"speed": 256,
		"Gun": "Shrapnel bombs",
		"maxHealth": 40,
		"flags": 0,
		"probabilityToMove": 50,
		"probabilityToTrack": 35,
		"probabilityToShoot": 15,
		"actionDelay": 10
	},
	{
		"Class": "Lady",
		"HairType": "ponytail",
		"Skin": "d25106ff",
		"Arms": "9c9c9cff",
		"Body": "ff8136ff",
		"Legs": "9c0000ff",
		"Hair": "ff6c00ff",
		"speed": 256,
		"Gun": "Machine gun",
		"maxHealth": 40,
		"flags": 0,
		"probabilityToMove": 50,
		"probabilityToTrack": 35,
		"probabilityToShoot": 15,
		"actionDelay": 10
	},
	{
		"Class": "Jones",
		"HairType": "dutch",
		"Skin": "d25106ff",
		"Arms": "149c14ff",
		"Body": "9c9c9cff",
		"Legs": "149c14ff",
		"Hair": "9c9c9cff",
		"speed": 256,
		"Gun": "Shotgun",
		"maxHealth": 200,
		"flags": 25165824,
		"probabilityToMove": 90,
		"probabilityToTrack": 70,
		"probabilityToShoot": 15,
		"actionDelay": 10
	},
	{
		"Class": "Jones",
		"HairType": "eye_patch",
		"Skin": "882800ff",
		"Arms": "363636ff",
		"Body": "149c14ff",
		"Legs": "363636ff",
		"Hair": "000000ff",
		"speed": 256,
		"Gun": "Powergun",
		"maxHealth": 250,
		"flags": 25165824,
		"probabilityToMove": 70,
		"probabilityToTrack": 70,
		"probabilityToShoot": 10,
		"actionDelay": 10
	},
	{
		"Class": "Jones",
		"HairType": "dutch",
		"Skin": "d25106ff",
		"Arms": "9c5858ff",
		"Body": "9c5858ff",
		"Legs": "58589cff",
		"Hair": "ff6c00ff",
		"speed": 256,
		"Gun": "Shotgun",
		"maxHealth": 40,
		"flags": 0,
		"probabilityToMove": 50,
		"probabilityToTrack": 35,
		"probabilityToShoot": 15,
		"actionDelay": 10
	},
	{
		"Class": "Jones",
		"PlayerTemplateName": "Police",
		"HairType": "riot_helmet",
		"Skin": "ff8136ff",
		"Arms": "58589cff",
		"Body": "58589cff",
		"Legs": "58589cff",
		"Hair": "363636ff",
		"speed": 256,
		"Gun": "Powergun",
		"maxHealth": 40,
		"flags": 131072,
		"probabilityToMove": 70,
		"probabilityToTrack": 0,
		"probabilityToShoot": 2,
		"actionDelay": 15
	},
	{
		"Class": "Lady",
		"HairType": "ponytail",
		"Skin": "882800ff",
		"Arms": "58589cff",
		"Body": "58589cff",
		"Legs": "58589cff",
		"Hair": "000000ff",
		"speed": 256,
		"Gun": "Confusion bombs",
		"maxHealth": 500,
		"flags": 1441792,
		"probabilityToMove": 100,
		"probabilityToTrack": 100,
		"probabilityToShoot": 0,
		"actionDelay": 15
	},
	{
		"Class": "Cyborg",
		"HairType": "cyborg",
		"Skin": "ff8136ff",
		"Arms": "363636ff",
		"Body": "9c9c9cff",
		"Legs": "363636ff",
		"Hair": "ff0000ff",
		"speed": 256,
		"Gun": "Molotovs",
		"maxHealth": 500,
		"flags": 1536,
		"probabilityToMove": 50,
		"probabilityToTrack": 100,
		"probabilityToShoot": 17,
		"actionDelay": 10
	},
	{
		"Class": "Jones",
		"HairType": "professor",
		"Skin": "882800ff",
		"Arms": "149c14ff",
		"Body": "ffffffff",
		"Legs": "9c5858ff",
		"Hair": "000000ff",
		"speed": 192,
		"Gun": "Confusion bombs",
		"maxHealth": 40,
		"flags": 1835008,
		"probabilityToMove": 50,
		"probabilityToTrack": 60,
		"probabilityToShoot": 0,
		"actionDelay": 30
	},
	{
		"Class": "Jones",
		"HairType": "beret",
		"Skin": "ff8136ff",
		"Arms": "d25106ff",
		"Body": "363636ff",
		"Legs": "363636ff",
		"Hair": "ff0000ff",
		"speed": 256,
		"Gun": "Sniper rifle",
		"maxHealth": 120,
		"flags": 25166848,
		"probabilityToMove": 100,
		"probabilityToTrack": 30,
		"probabilityToShoot": 10,
		"actionDelay": 5
	}]
}